SMILES,QSAR_consensus,PBT_chem_pred,PBT_bin_pred,name,
Cc1ccccc1C(OCCN(C)C)c1ccccc1,0,0.252496987581253,0,Orphenadrine,
C[C@H]1CC2C3CCC4=CC(=O)C=CC4(C)[C@@]3(F)[C@H](O)CC2(C)C1(O)C(=O)CO,0,0.804275631904602,1,Dexamethasone,
CC(=O)OCC(=O)[C@]1(O)CC[C@@H]2[C@H]3CCC4=CC(=O)CC[C@@]4(C)[C@@H]3C(=O)C[C@]21C,0,0.6471128463745117,1,Cortisone Acetate,
CCC1(c2ccccc2)C(O)=NC(=O)N=C1O,0,0.000280267355265,0,Phenobarbital,
CCC1(CC)C(=O)N(C)C(=O)N=C1O,0,0.0002102201542584,0,Metharbital,
CCC1(c2ccccc2)N=C(O)N(C)C1=O,0,0.0038599094841629,0,Mephenytoin,
C=C1CC[C@@H](O)C/C1=C\C=C1/CCCC2(C)C1CCC2C(C)/C=C/C(C)C(C)C,0,0.8592843413352966,1,Ergocalciferol,
O=P1(N(CCCl)CCCl)NCCCO1,0,0.0158447511494159,0,Cyclophosphamide,
C[C@@]12CCC(=O)C=C1CC[C@H]1[C@H]2[C@H](O)C[C@]2(C)[C@@H]1CC[C@@]2(O)C(=O)CO,0,0.3440930247306824,0,Hydrocortisone,
C[C@@]12C=CC(=O)C=C1CC[C@H]1[C@H]2[C@H](O)C[C@]2(C)[C@@H]1CC[C@@]2(O)C(=O)CO,0,0.1290023028850555,0,Prednisolone,
CC12CCC3c4ccc(O)cc4CCC3C1C[C@H](O)[C@H]2O,0,0.2243151068687439,0,Estriol,
CC12CCC3c4ccc(O)cc4CCC3C1CC[C@H]2O,0,0.4596479833126068,1,Estradiol,
CCCCC1C(=O)N(c2ccccc2)N(c2ccccc2)C1=O,0,0.2373019307851791,0,Phenylbutazone,
O=C1N=C(O)CCC1N1C(=O)c2ccccc2C1=O,0,0.0005409816512838,0,"1H-Isoindole-1,3(2H)-dione, 2-(2,6-dioxo-3-piperidinyl)-",
COC(=O)[C@@H]1C2CCC(C[C@@H]1OC(=O)c1ccccc1)N2C,0,0.0545390397310256,0,Cocaine,
CCN(CC)C(=O)C1C=C2c3cccc4[nH]cc(c34)CC2N(C)C1,0,0.617188036441803,1,"D-Lysergic acid N,N-diethylamide",
CNCCCN1c2ccccc2CCc2ccccc21,0,0.5555663704872131,1,Desipramine,
CN(C)CCC=C1c2ccccc2CCc2ccccc21,0,0.5968024730682373,1,Amitriptyline,
CN(C)CCCN1c2ccccc2CCc2ccccc21,0,0.7247053384780884,1,Imipramine,
CN(C)CCCN1c2ccccc2Sc2ccc(Cl)cc21,1,0.9280800819396972,1,Chlorpromazine,
CC(=O)Oc1ccccc1C(=O)O,0,9.975332795875148e-05,0,Aspirin,
O=c1nc(O)c(F)cn1C1CC(O)C(CO)O1,0,0.0003198448393959,0,Floxuridine,
CCN(CC)CCNC(=O)c1ccc(N)cc1,0,0.0015778135275468,0,Procainamide,
O=C(NNCCC(O)=NCc1ccccc1)c1ccncc1,0,0.0005596370319835,0,Nialamide,
Oc1ncc(F)c(O)n1,0,0.0001387321390211,0,5-Fluorouracil,
CN1C2C[C@@H](OC(=O)C(CO)c3ccccc3)CC1[C@@H]1O[C@H]21,0,0.080567829310894,0,Scopolamine,
O=C(O)[C@H]1CC(O)CN1,0,4.883987458015326e-06,0,Hydroxyproline,
CNC[C@H](O)c1ccc(O)c(O)c1,0,0.0001170662726508,0,Epinephrine,
CCCc1cc(O)nc(S)n1,0,0.0005672659608535,0,Propylthiouracil,
CN1C2CCC1CC(OC(=O)C(CO)c1ccccc1)C2,0,0.0460730753839015,0,Atropine,
NCCc1ccc(O)c(O)c1,0,0.0001805197825888,0,Dopamine,
C[C@H](N)Cc1ccccc1,0,0.0046446314081549,0,Dextroamphetamine,
NNCCc1ccccc1,0,0.0020263676997274,0,Phenelzine,
CN(CCCl)CCCl,0,0.0093034887686371,0,Bis(2-chloroethyl)methylamine,
CCOC(=N)O,0,3.96526502299821e-06,0,Urethane,
CC(=O)S[C@@H]1CC2=CC(=O)CCC2(C)C2CCC3(C)C(CC[C@@]34CCC(=O)O4)C21,0,0.979012966156006,1,Spironolactone,
S=P(N1CC1)(N1CC1)N1CC1,0,0.9656190872192384,1,Thiotepa,
COc1ccc(CCN(C)CCCC(C#N)(c2ccc(OC)c(OC)c2)C(C)C)cc1OC,0,0.9834960103034972,1,Verapamil,
CC(C)(S)C(N)C(=O)O,0,1.1395046385587191e-05,0,Penicillamine,
N[C@H](CS)C(=O)O,0,2.824215698638e-06,0,L-Cysteine,
CC12C=CC(=O)C=C1CCC1C2C(=O)CC2(C)C1CC[C@@]2(O)C(=O)CO,0,0.1751754730939865,0,Prednisone,
CC12COC(=O)C[C@H]1CCC1C2CCC2(C)C1CC[C@@]2(C)O,0,0.8819459676742554,1,Oxandrolone,
CC12CCC3C(CC=C4C[C@H](O)CCC43C)C1CCC2=O,0,0.8216292858123779,1,Prasterone,
CCN(CC)CCCC(C)Nc1ccnc2cc(Cl)ccc12,0,0.2645942270755768,0,Chloroquine,
CN1CCC[C@@H]1c1cccnc1,0,0.0191923100501298,0,"Pyridine, 3-(1-methyl-2-pyrrolidinyl)-, (S)-",
CC(C)(C(=O)c1cccnc1)c1cccnc1,0,0.0132936248555779,0,Metyrapone,
O=c1nc(O)c(I)cn1C1CC(O)C(CO)O1,0,0.0006683933315798,0,Idoxuridine,
NNC(=O)c1ccncc1,0,0.0001486733817728,0,Isoniazid,
O=C(CCBr)N1CCN(C(=O)CCBr)CC1,0,0.0838391184806823,0,Pipobroman,
CC(C)NNC(=O)c1ccncc1,0,0.0001888999104266,0,Iproniazid,
CN=C(NC)NCc1ccccc1,0,0.0005689591635018,0,"Guanidine, 2-benzyl-1,3-dimethyl-",
CC(C)OP(=O)(F)OC(C)C,0,0.0010563919786363,0,Isoflurophate,
CN1C(=O)N=C(O)C(C)(C2=CCCCC2)C1=O,0,0.0008703748462721,0,Hexobarbital,
C[C@@H](N)C(=O)O,0,3.878189090755768e-06,0,Alanine,
N[C@H](CO)C(=O)O,0,1.4403602790480363e-06,0,Serine,
C=CC1CN2CCC1CC2[C@H](O)c1ccnc2ccc(OC)cc12,0,0.6190254092216492,1,Quinidine,
O=[N+]([O-])c1ccc([C@H](O)[C@H](CO)N=C(O)C(Cl)Cl)cc1,0,0.0013518005143851,0,Chloramphenicol,
N[C@H](CC(=O)O)C(=O)O,0,1.545434088257025e-06,0,Aspartic acid,
N=C(O)CC[C@@H](N)C(=O)O,0,1.3726631777899456e-06,0,L-Glutamine,
N[C@H](CCC(=O)O)C(=O)O,0,2.153019067918649e-06,0,L-Glutamic acid,
NCCCC[C@@H](N)C(=O)O,0,5.186625458009075e-06,0,Lysine,
N[C@H](CSSC[C@@H](N)C(=O)O)C(=O)O,0,5.001877070753835e-06,0,Cystine,
CN(CC(=O)O)C(=N)N,0,2.8049569209542824e-06,0,Creatine,
CN1CCC23c4c5ccc(O)c4OC2C(O)C=CC3C1C5,0,0.5791969299316406,1,Morphine,
OC1=NC(c2ccccc2)(c2ccccc2)C(O)=N1,0,0.004684621002525,0,Phenytoin,
CCOC(=O)C1(c2ccccc2)CCN(C)CC1,0,0.1955446302890777,0,Meperidine,
CCC1(CCC(C)C)C(O)=NC(=O)N=C1O,0,3.88795742765069e-05,0,Amobarbital,
CCC1(CC)C(O)=NC(=O)N=C1O,0,1.10269284050446e-05,0,Barbital,
CN=C(O)Oc1ccc2c(c1)C1(C)CCN(C)C1N2C,0,0.4949645102024078,1,Physostigmine,
CCCC(C)(COC(=N)O)COC(=N)O,0,1.9577943021431565e-05,0,Meprobamate,
C#C[C@@]1(O)CC[C@@H]2[C@H]3CCc4cc(O)ccc4[C@@H]3CC[C@]21C,0,0.807460606098175,1,Ethinyl Estradiol,
CCCN(CCC)S(=O)(=O)c1ccc(C(=O)O)cc1,0,0.0003990641562268,0,Probenecid,
N=C(N)NS(=O)(=O)c1ccc(N)cc1,0,6.400590064004064e-05,0,Sulfaguanidine,
Cc1cc(C)nc(NS(=O)(=O)c2ccc(N)cc2)n1,0,0.0041773533448576,0,Sulfamethazine,
CC(=O)[C@@H]1CC[C@@H]2[C@H]3CCC4=CC(=O)CC[C@@]4(C)[C@@H]3CC[C@]21C,0,0.8443718552589417,1,Progesterone,
CCC(=O)O[C@@H]1CCC2C3CCC4=CC(=O)CCC4(C)C3CCC21C,0,0.7788956761360168,1,Testosterone propionate,
CCc1nc(=N)[nH]c(N)c1-c1ccc(Cl)cc1,0,0.0461256019771099,0,Pyrimethamine,
Cc1c(N(C)C)c(=O)n(-c2ccccc2)n1C,0,0.0871094167232513,0,Aminopyrine,
CC12CCC(=O)C=C1CCC1C2CCC2(C)C1CC[C@@]2(C)O,0,0.8683871030807495,1,17α-Methyltestosterone,
CC1CC2(C)C(CCC3C4CCC(O)C4(C)CCC32)CC1=O,0,0.7707980871200562,1,Drostanolone,
CC12CCC(=O)C=C1CCC1C2CCC2(C)C1CC[C@H]2O,0,0.6885969638824463,1,Testosterone,
CC1=CC(=O)c2ccccc2C1=O,0,0.0013147708959877,0,Menadione,
OCCN(CCO)c1nc(N2CCCCC2)c2nc(N(CCO)CCO)nc(N3CCCCC3)c2n1,0,0.4093641340732574,0,Dipyridamole,
OCCN1CCN(CCCN2c3ccccc3Sc3ccc(Cl)cc32)CC1,0,0.97993141412735,1,Perphenazine,
CN(C)CCCN1c2ccccc2Sc2ccccc21,0,0.7399000525474548,1,Promazine,
COc1cc2c(cc1OC)C1CC(=O)C(CC(C)C)CN1CC2,0,0.7504485249519348,1,Tetrabenazine,
Cn1c(=O)c2nc[nH]c2n(C)c1=O,0,0.0006057653226889,0,Theophylline,
Nc1ncnc2c1ncn2[C@H]1O[C@@H](CO)[C@H](O)[C@@H]1O,0,0.0001714681857265,0,9-α-d-Arabinofuranosyladenine,
CN(C)CCOC(c1ccccc1)c1ccccc1,0,0.1132330521941185,0,Benadryl,
O=C(O)CCCCC1SCC2N=C(O)NC21,0,1.0693948752305005e-05,0,Biotin,
NS(=O)(=O)c1cc2c(cc1Cl)NCNS2(=O)=O,0,0.0022749439813196,0,Hydrochlorothiazide,
NS(=O)(=O)c1cc2c(cc1Cl)N=CNS2(=O)=O,0,0.0002544306044001,0,Chlorothiazide,
CN(Cc1cnc2nc(=N)[nH]c(N)c2n1)c1ccc(C(=O)NC(CCC(=O)O)C(=O)O)cc1,0,0.0023411668371409,0,Methotrexate,
N=c1nc(O)c2nc(CNc3ccc(C(=O)NC(CCC(=O)O)C(=O)O)cc3)cnc2[nH]1,0,0.0013282215222716,0,Folic Acid,
CNC[C@@H](O)c1cccc(O)c1,0,0.0002340925129828,0,Phenylephrine,
CCN(CC)CCOC(=O)c1ccc(N)cc1,0,0.0015045782784,0,Procaine,
OCC(S)CS,0,6.8672525230795145e-06,0,"2,3-Dimercaptopropan-1-ol",
Cc1cc(C(=O)NNCc2ccccc2)no1,0,0.0011209730291739,0,Isocarboxazid,
CC(O)=Nc1nnc(S(N)(=O)=O)s1,0,1.0470772394910456e-05,0,"5-Acetamido-1,3,4-thiadiazole-2-sulfonamide",
O=C(O)c1cccnc1,0,2.4274901079479605e-05,0,Niacin,
N=C(O)NN=Cc1ccc([N+](=O)[O-])o1,0,7.857163836888503e-06,0,Nitrofurazone,
N[C@@H](Cc1ccc(O)c(O)c1)C(=O)O,0,2.2312578948913145e-05,0,Levodopa,
c1ccc(CC2=NCCN2)cc1,0,0.0016885895747691,0,"1H-Imidazole, 4,5-dihydro-2-(phenylmethyl)-",
N[C@H](Cc1ccc(O)cc1)C(=O)O,0,4.6754626964684576e-05,0,Tyrosine,
NCCS,0,2.7671496354741976e-05,0,Mercaptamine,
NCCCCCC(=O)O,0,3.7478919239219977e-06,0,Aminocaproic acid,
CN(C)C1C(O)=C(C(=N)O)C(=O)C2(O)C(O)=C3C(=O)c4c(O)cccc4C(C)(O)C3CC12,0,0.0253904499113559,0,Tetracycline,
Cn1ccnc1S,0,0.0005215731216594,0,"2H-Imidazole-2-thione, 1,3-dihydro-1-methyl-",
Cc1cc(=O)n(-c2ccccc2)n1C,0,0.0203662943094968,0,Antipyrine,
CC(CN1c2ccccc2Sc2ccccc21)N(C)C,0,0.8347060680389404,1,Promethazine,
COc1ccc2c(c1)N(C[C@@H](C)CN(C)C)c1ccccc1S2,0,0.939946949481964,1,Methotrimeprazine,
CC(=O)c1ccc2c(c1)N(CCCN(C)C)c1ccccc1S2,0,0.5465185642242432,1,Acepromazine,
Nc1ncnc2c1ncn2[C@H]1O[C@@H](COP(=O)(O)O)[C@H](O)[C@@H]1O,0,0.000114371861855,0,adenosine phosphate,
CN(C)CCc1c[nH]c2ccccc12,0,0.0156108308583498,0,"N,N-Dimethyltryptamine",
CCN(CC)CCc1c[nH]c2ccccc12,0,0.0224003233015537,0,"Indole, 3-(2-(diethylamino)ethyl)-",
Cc1cccc(Nc2ccccc2C(=O)O)c1C,0,0.0110591566190123,0,Mefenamic Acid,
CC(C)C[C@@H](N)C(=O)O,0,1.7747721358318813e-05,0,Leucine,
CCOc1ccc(N=C(C)O)cc1,0,0.0011150737991556,0,Phenacetin,
C[C@@]12CCC3C(CCC4=CC(=O)CC[C@]43C)C1CCC2=O,0,0.8405691981315613,1,Androstenedione,
CCN(CC)C(=O)C1CN2CCc3cc(OC)c(OC)cc3C2CC1OC(C)=O,0,0.7882795929908752,1,Benzquinamide,
CSCC[C@@H](N)C(=O)O,0,8.514602086506784e-06,0,L-Methionine,
Nc1ccc(S(N)(=O)=O)cc1,0,0.000168253769516,0,Sulfanilamide,
N[C@H](Cc1ccccc1)C(=O)O,0,0.0001492692681495,0,Phenylalanine,
N=C(O)N=C(O)Cc1ccccc1,0,5.332417276804336e-05,0,Phenacemide,
CCCCN=C(O)NS(=O)(=O)c1ccc(C)cc1,0,9.304269042331724e-05,0,Tolbutamide,
COc1cc2c(c(OC)c1OC)-c1ccc(OC)c(=O)cc1[C@H](N=C(C)O)CC2,0,0.710523247718811,1,Colchicine,
Cc1ncc(CO)c(CO)c1O,0,0.0009047549101524,0,"3,4-Pyridinedimethanol, 5-hydroxy-6-methyl-",
N=C(O)c1ccccc1O,0,2.7610369215835817e-05,0,Salicylamide,
Nc1ccc(C(=O)O)c(O)c1,0,2.5782168449950404e-05,0,Aminosalicylic Acid,
Oc1ncc(N(CCCl)CCCl)c(O)n1,0,0.0029350577387958,0,Uracil Mustard,
O=c1oc2ccccc2c(O)c1Cc1c(O)c2ccccc2oc1=O,0,0.0943786427378654,0,Dicumarol,
O=C1N=C(O)CN1N=Cc1ccc([N+](=O)[O-])o1,0,1.5927580534480512e-05,0,Nitrofurantoin,
O=C1OCCN1N=Cc1ccc([N+](=O)[O-])o1,0,7.70915430621244e-05,0,Furazolidone,
C=C1CC[C@@H](O)C/C1=C\C=C1/CCCC2(C)C1CCC2C(C)CCCC(C)C,0,0.7823562026023865,1,Cholecalciferol,
C#C[C@]1(O)CCC2C3CCC4=CC(=O)CCC4C3CCC21C,0,0.7256797552108765,1,Norethindrone,
Nc1ccc(S(=O)(=O)Nc2ncccn2)cc1,0,0.0005356870824471,0,Sulfadiazine,
N[C@H]1CON=C1O,0,8.864536766850506e-07,0,Cycloserine,
OCCOCCN1CCN(C(c2ccccc2)c2ccc(Cl)cc2)CC1,0,0.8260853886604309,1,Hydroxyzine,
OC[C@@H](O)[C@@H](O)[C@H](O)[C@H](O)CO,0,1.510861352471693e-06,0,D-Mannitol,
Oc1c(Cl)cc(Cl)c(Cl)c1Cc1c(O)c(Cl)cc(Cl)c1Cl,1,0.9826992750167848,1,Hexachlorophene,
N=C(O)C[C@@H](N)C(=O)O,0,1.0965327419398818e-06,0,L-Asparagine,
CC(=O)N(O)CCCCCN=C(O)CCC(=O)N(O)CCCCCN=C(O)CCC(=O)N(O)CCCCCN,0,0.0002917130477726,0,Deferoxamine,
N[C@H](Cc1cnc[nH]1)C(=O)O,0,2.3439553842763416e-05,0,Histidine,
CCCCCO,0,2.526299977034796e-05,0,1-Pentanol,
NCCCNCCCCNCCCN,0,6.195175956236199e-05,0,Spermine,
CC(=O)O[C@]1(C(C)=O)CC[C@@H]2[C@H]3CC(C)C4=CC(=O)CC[C@@]4(C)[C@@H]3CC[C@]21C,0,0.9656159281730652,1,Medroxyprogesterone acetate,
CC1OC(OC2C(O)CC(OC3C(O)CC(O[C@@H]4CCC5(C)C6CCC7(C)C(C8=CC(=O)OC8)CCC7(O)C6CC[C@H]5C4)OC3C)OC2C)CC(O)C1O,0,0.4248208701610565,1,Digitoxin,
Nc1ccc(S(=O)(=O)Nc2nccs2)cc1,0,0.0005280976765789,0,Sulfathiazole,
CC(C)[C@@H](N)C(=O)O,0,1.6236499504884705e-05,0,Valine,
C[C@H](O)[C@@H](N)C(=O)O,0,4.003158210252877e-06,0,Threonine,
C#C[C@]1(O)CCC2C3CCc4cc(OC)ccc4C3CCC21C,0,0.9823670387268066,1,Mestranol,
Cc1ccccc1-n1c(C)nc2ccccc2c1=O,0,0.2205140888690948,0,Methaqualone,
CNCCC=C1c2ccccc2CCc2ccccc21,0,0.4442959129810333,1,Nortriptyline,
N[C@H](Cc1c[nH]c2ccccc12)C(=O)O,0,0.0004304356116335,0,L-Tryptophan,
Nc1nc[nH]c2ncnc1-2,0,0.0002068121393676,0,Adenine,
COc1ccc2[nH]cc(CCN=C(C)O)c2c1,0,0.0036453772336244,0,Melatonin,
CC[C@H](C)[C@@H](N)C(=O)O,0,2.667616536200512e-05,0,L-Isoleucine,
CCC1N=C(O)c2cc(S(N)(=O)=O)c(Cl)cc2N1,0,0.001513494644314,0,Quinethazone,
N=C(N)NCCC[C@@H](N)C(=O)O,0,3.0349262942763744e-06,0,Arginine,
COC(F)(F)C(Cl)Cl,0,0.1823503971099853,0,Methoxyflurane,
CN1CCC23c4c5ccc(O)c4OC2C(=O)CCC3(O)C1C5,0,0.7527844905853271,1,Oxymorphone,
COc1ccc2c3c1OC1C(=O)CCC4(O)C(C2)N(C)CCC314,0,0.9736055731773376,1,Oxycodone,
CC12CCC(=O)C=C1CCC1C3CC[C@@](C)(O)C3(C)C[C@@H](O)C12F,0,0.9688456654548644,1,Fluoxymesterone,
CCN(CC)CC(=O)OCC(=O)C1(O)CCC2C3CCC4=CC(=O)CCC4(C)C3C(O)CC21C,0,0.5965780019760132,1,Hydrocortamate,
COc1ccc2c3c1OC1C(O)C=CC4C(C2)N(C)CCC341,0,0.9409527778625488,1,Codeine,
CCOc1ccc2c3c1OC1C(O)C=CC4C(C2)N(C)CCC341,0,0.9439258575439452,1,Ethylmorphine,
C=CCC1(C(C)CCC)C(O)=NC(=O)N=C1O,0,5.046595106250607e-05,0,Secobarbital,
CCCC(C)C1(CC)C(O)=NC(=O)N=C1O,0,5.731124838348478e-05,0,Pentobarbital,
CCCC(C)C1(CC)C(O)=NC(=S)N=C1O,0,0.0001362775656161,0,Thiopental,
CCC(=O)C(CC(C)N(C)C)(c1ccccc1)c1ccccc1,0,0.6596429347991943,1,Methadone,
C=CCC1(C(C)C)C(O)=NC(=O)N=C1O,0,2.2511971110361628e-05,0,Aprobarbital,
CN1CC[C@]23CCCC[C@H]2[C@H]1Cc1ccc(O)cc13,0,0.8628039360046387,1,Levorphanol,
c1ccc(C2(N3CCCCC3)CCCCC2)cc1,0,0.8408492207527161,1,Phencyclidine,
CCC1(c2ccccc2)CCC(O)=NC1=O,0,0.0054160878062248,0,Glutethimide,
C=CCC1(CC(C)C)C(O)=NC(=O)N=C1O,0,3.120336987194605e-05,0,Butalbital,
C=CCC1(C(C)CCC)C(O)=NC(=S)N=C1O,0,0.000123620222439,0,Thiamylal,
CCCCC1(CC)C(O)=NC(=O)N=C1O,0,1.823578350013122e-05,0,Butethal,
NS(=O)(=O)c1cc(C2(O)N=C(O)c3ccccc32)ccc1Cl,0,0.0375805310904979,0,Chlorthalidone,
OC(CCN1CCCC1)(c1ccccc1)C1CCCCC1,0,0.5120691061019897,1,Procyclidine,
OC(CCN1CCCCC1)(c1ccccc1)C1CCCC1,0,0.5700387954711914,1,"1-Piperidinepropanol, α-cyclopentyl-α-phenyl-",
CN1C(=O)CC(C)(c2ccccc2)C1=O,0,0.0759497582912445,0,Methsuximide,
CCC1(C)CC(O)=NC1=O,0,0.0001911597209982,0,Ethosuximide,
CCCC(C)(COC(=N)O)COC(O)=NC(C)C,0,3.453165481914766e-05,0,"Carbamic acid, (1-methylethyl)-, 2-[[(aminocarbonyl)oxy]methyl]-2-methylpentyl ester",
CC(C)CO,0,7.896390889072791e-05,0,"1-Propanol, 2-methyl-",
COc1ccc(NS(=O)(=O)c2ccc(N)cc2)nn1,0,0.0012346585281193,0,Sulfamethoxypyridazine,
C[N+]1(C)C2CCC1CC(OC(=O)C(O)c1ccccc1)C2,0,0.0159331131726503,0,Homatropine methyl bromide,
CN1C(=O)CCS(=O)(=O)C1c1ccc(Cl)cc1,0,0.0339094102382659,0,Chlormezanone,
CC(=O)CC(c1ccccc1)c1c(O)c2ccccc2oc1=O,0,0.03919018805027,0,Warfarin,
CN1CCC2=C(C1)C(c1ccccc1)c1ccccc12,0,0.8878911137580872,1,Phenindamine,
CN1CCN(C(c2ccccc2)c2ccccc2)CC1,0,0.4812988042831421,1,Cyclizine,
Cc1c(N)c(=O)n(-c2ccccc2)n1C,0,0.0141767235472798,0,Ampyrone,
O=C1c2ccccc2C(=O)C1c1ccccc1,0,0.0386772230267524,0,Phenindione,
CC(O)=Nc1c(C)n(C)n(-c2ccccc2)c1=O,0,0.0058193309232592,0,"Acetamide, N-antipyrinyl-",
CC1CC2C(C(O)CC3(C)C2CCC3(O)C(=O)CO)C2(C)C=CC(=O)C=C12,0,0.1288011521100998,0,Methylprednisolone,
Cn1cnc2c1c(O)nc(=O)n2C,0,0.000399360054871,0,Theobromine,
Cc1cc2nc3c(O)nc(=O)nc-3n(CC(O)C(O)C(O)CO)c2cc1C,0,0.0029792261775583,0,Riboflavine,
CC1=C(C/C=C(\C)CCC[C@@H](C)CCC[C@@H](C)CCCC(C)C)C(=O)c2ccccc2C1=O,0,0.3908950984477997,0,Phytonadione,
CC(CN(C)C)CN1c2ccccc2Sc2ccccc21,0,0.8833674192428589,1,Trimeprazine,
CCCCOc1cc(C(O)=NCCN(CC)CC)c2ccccc2n1,0,0.0225108414888381,0,Dibucaine,
CN1CCC(N(Cc2cccs2)c2ccccc2)CC1,0,0.6981630325317383,1,Thenalidine,
CN1C2CCC1CC(OC(c1ccccc1)c1ccccc1)C2,0,0.8267541527748108,1,Benztropine,
CCN(CC)C(C)C=C(c1cccs1)c1cccs1,0,0.2059528082609176,0,Thiambutene,
CN(C)CCC(c1ccccc1)c1ccccn1,0,0.075185403227806,0,Pheniramine,
CN1C(=O)CC(c2ccccc2)C1=O,0,0.0099743232131004,0,Phensuximide,
CCN1C(=O)C(c2ccccc2)N=C1O,0,0.0002842872054316,0,Ethotoin,
NN=c1[nH]ncc2ccccc12,0,0.0002835111808963,0,Hydralazine,
O=[N+]([O-])OC1COC2C(O[N+](=O)[O-])COC12,0,1.6002746633603238e-05,0,Isosorbide Dinitrate,
COc1cc(NC(C)CCCN)c2ncccc2c1,0,0.0135912634432315,0,Primaquine,
CN[C@@H](C)[C@H](O)c1ccccc1,0,0.0021217342000454,0,Pseudoephedrine,
CCN(CC)C(C)C(=O)c1ccccc1,0,0.0048007615841925,0,Diethylpropion,
CCN(CC)C(=O)N1CCN(C)CC1,0,0.0087613500654697,0,"1-Piperazinecarboxamide, N,N-diethyl-4-methyl-",
NS(=O)(=O)c1cc2c(cc1Cl)N=C(CSCc1ccccc1)NS2(=O)=O,0,0.0789247527718544,0,Benzthiazide,
CCN(CC)c1ccccc1,0,0.0187618788331747,0,"N,N-Diethylaniline",
c1ccc(CN(CC2=NCCN2)c2ccccc2)cc1,0,0.0630709752440452,0,Antazoline,
CN(C)CCN(Cc1cccs1)c1ccccn1,0,0.0671766176819801,0,Methapyrilene,
CN(C)CCN(Cc1ccccc1)c1ccccn1,0,0.0693684369325637,0,Tripelennamine,
COc1ccc(CN(CCN(C)C)c2ccccn2)cc1,0,0.1936350464820861,0,Pyrilamine,
Nc1ccc2cc3ccc(N)cc3nc2c1,0,0.0459918528795242,0,Proflavine,
COc1ccccc1OCC(O)CO,0,0.0004949567373842,0,Guaifenesin,
CCOC(=O)c1ccc(N)cc1,0,0.0006813463987782,0,Benzocaine,
CCCN=C(O)NS(=O)(=O)c1ccc(Cl)cc1,0,0.0003520995669532,0,Chloropropamide,
N=c1ccc(N=Nc2ccccc2)c(N)[nH]1,0,0.0001110046578105,0,"2,6-Pyridinediamine, 3-(phenylazo)-",
Oc1nc2cc(Cl)ccc2o1,0,0.007619634270668,0,Chlorzoxazone,
Cc1cccc(C)c1N=C(O)C1CCCCN1C,0,0.0340120568871498,0,Mepivacaine,
Oc1c(Cl)cc(Cl)cc1Sc1cc(Cl)cc(Cl)c1O,1,0.7344650030136108,1,Bithionol,
O=C(Cl)c1ccccc1,0,0.0066297915764153,0,Benzoyl chloride,
N=C(O)c1cccnc1,0,2.7514166504261084e-05,0,Niacinamide,
N=C(O)c1cnccn1,0,1.6305051758536138e-05,0,Pyrazinamide,
CCCCOc1cc(C(=O)OCCN(CC)CC)ccc1N,0,0.0072644110769033,0,"Benzoic acid, 4-amino-3-butoxy-, 2-(diethylamino)ethyl ester",
CCCC(CCC)C(=O)O,0,3.452677992754616e-05,0,Valproic Acid,
CNC(C)(C)Cc1ccccc1,0,0.0187664180994033,0,"Benzeneethanamine, N,α,α-trimethyl-",
C1N2CN3CN1CN(C2)C3,0,0.6291270852088928,1,Methenamine,
CN1C2CCC1CC(OC(=O)[C@@H](CO)c1ccccc1)C2,0,0.0469865202903747,0,Hyoscyamine,
Oc1ccc(OCc2ccccc2)cc1,0,0.0047360970638692,0,Monobenzone,
CC(O)=Nc1ccc(O)cc1,0,7.504626410081983e-05,0,Acetaminophen,
NCCc1cc[nH]n1,0,0.0002581375592853,0,Betazole,
C#CCO,0,0.0001129329903051,0,Propargyl alcohol,
Oc1ccccc1,0,0.0002504461735952,0,Phenol,
O=C(O)/C=C\C(=O)O,0,8.849518167153292e-07,0,Maleic acid,
CC(C)CCON=O,0,4.298095882404596e-05,0,Isoamyl nitrite,
C1CNCCN1,0,0.0001385573559673,0,Piperazine,
CN1CC(C(O)=NC2(C)OC3(O)C4CCCN4C(=O)C(Cc4ccccc4)N3C2=O)C=C2c3cccc4[nH]cc(c34)CC21,0,0.9460432529449464,1,Ergotamine,
C#CC(O)(/C=C/Cl)CC,0,0.0007661956478841,0,Ethchlorvynol,
COC(=O)C(c1ccccc1)C1CCCCN1,0,0.0079058175906538,0,Methylphenidate,
CN(C)CC/C=C1\c2ccccc2Sc2ccc(Cl)cc21,1,0.8623526692390442,1,Chlorprothixene,
CCC1OC(=O)C(C)C(OC2CC(C)(OC)C(O)C(C)O2)C(C)C(OC2OC(C)CC(N(C)C)C2O)C(C)(O)CC(C)C(=O)C(C)C(O)C1(C)O,0,0.0378703288733959,0,Erythromycin,
N=C(N)NC(=N)NCCc1ccccc1,0,0.0001522365491837,0,"Imidodicarbonimidic diamide, N-(2-phenylethyl)-",
CCC1(c2ccccc2)C(=O)N(C)C(=O)N=C1O,0,0.00324526312761,0,Mephobarbital,
C=CCC1(C(C)CC)C(O)=NC(=O)N=C1O,0,4.156878276262432e-05,0,Talbutal,
CCC1(C)OC(=O)N(C)C1=O,0,0.0021718018688261,0,Paramethadione,
O=C1c2cccc(O)c2C(=O)c2c(O)cccc21,0,0.0018235112074762,0,Danthron,
COc1ccc(C2C(=O)c3ccccc3C2=O)cc1,0,0.1001366376876831,0,Anisindione,
CCN(CCO)CCCC(C)Nc1ccnc2cc(Cl)ccc12,0,0.1429784446954727,0,Hydroxychloroquine,
NS(=O)(=O)c1cc(Cl)c(Cl)c(S(N)(=O)=O)c1,0,0.0044379155151546,0,Dichlorphenamide,
CN(C)c1ccccc1,0,0.0103038111701607,0,"Benzenamine, N,N-dimethyl-",
CCOC(=O)CC(SP(=S)(OC)OC)C(=O)OCC,0,0.0005810966249555,0,Malathion,
CC(C)(N)Cc1ccccc1,0,0.0104677723720669,0,Phentermine,
CC12C=CC(=O)C=C1CCC1C3C[C@H](O)C(O)(C(=O)CO)C3(C)C[C@@H](O)C12F,0,0.6332871913909912,1,Triamcinolone,
COc1ccc2c3c1OC1C(O)CCC4C(C2)N(C)CCC341,0,0.9769976139068604,1,"Morphinan-6-ol, 4,5-epoxy-3-methoxy-17-methyl-, (5α,6α)-",
COc1ccc2c3c1OC1C(=O)CCC4C(C2)N(C)CCC314,0,0.979832649230957,1,Hydrocodone,
CCC1(c2ccccc2)C(O)=NCN=C1O,0,0.0006419720011763,0,Primidone,
CCC(C)C1(CC)C(O)=NC(=O)N=C1O,0,4.62303105450701e-05,0,Butabarbital,
CN1CCCN=C1COC(=O)C(O)(c1ccccc1)C1CCCCC1,0,0.0763312131166458,0,Oxyphencyclimine,
CCC1(CC)C(=O)C(C)CN=C1O,0,0.0003579653857741,0,Methyprylon,
COc1ccc2c(c1)[C@@]13CCCC[C@H]1[C@@H](C2)N(C)CC3,0,0.9879868626594543,1,Dextromethorphan,
CCC1(c2ccc(N)cc2)CCC(O)=NC1=O,0,0.0048898654058575,0,Aminoglutethimide,
COC1=CC(=O)CC(C)C12Oc1c(Cl)c(OC)cc(OC)c1C2=O,0,0.7207804918289185,1,Griseofulvin,
C#CC1(OC(=N)O)CCCCC1,0,0.0018806575099006,0,Ethinamate,
CC(=O)C(=O)O,0,1.0877297427214216e-06,0,"Propanoic acid, 2-oxo-",
CN1C(=O)OC(C)(C)C1=O,0,0.0013134323526173,0,Trimethadione,
Cc1noc(NS(=O)(=O)c2ccc(N)cc2)c1C,0,0.0022035492584109,0,Sulfisoxazole,
Nc1ccc(S(=O)(=O)N=C(O)c2ccccc2)cc1,0,0.000553247751668,0,Sulfabenzamide,
Cc1ccnc(NS(=O)(=O)c2ccc(N)cc2)n1,0,0.0011804142268374,0,Sulfamerazine,
CCCCC1C(=O)N(c2ccccc2)N(c2ccc(O)cc2)C1=O,0,0.0478902533650398,0,Oxyphenbutazone,
C=CC1CN2CCC1CC2C(O)c1ccnc2ccc(OC)cc12,0,0.5919064879417419,1,Quinine,
COc1ccc(C(=O)c2ccccc2)c(O)c1,0,0.0018228127155452,0,Oxybenzone,
CCN(CC)CCOC(=O)c1ccc(N)cc1Cl,0,0.0181661322712898,0,"Benzoic acid, 4-amino-2-chloro-, 2-(diethylamino)ethyl ester",
NS(=O)(=O)c1cc2c(cc1Cl)NC(C(Cl)Cl)NS2(=O)=O,0,0.020401258021593,0,Trichlormethiazide,
CC1NCCOC1c1ccccc1,0,0.013795156031847,0,Phenmetrazine,
CCN(CC)CC(O)=Nc1c(C)cccc1C,0,0.0083434088155627,0,Lidocaine,
COc1cc(C(O)=NCc2ccc(OCCN(C)C)cc2)cc(OC)c1OC,0,0.1403722763061523,0,"Benzamide, N-[[4-[2-(dimethylamino)ethoxy]phenyl]methyl]-3,4,5-trimethoxy-",
O=C(O)C1=CC(O)C(O)C(O)C1,0,1.6630713162157915e-06,0,Shikimic acid,
OC(CCN1CCCCC1)(c1ccccc1)C1CCCCC1,0,0.6251386404037476,1,Trihexyphenidyl,
CCOC(=O)C1(c2ccccc2)CCN(CCc2ccc(N)cc2)CC1,0,0.8322532773017883,1,Anileridine,
CC(O)=NS(=O)(=O)c1ccc(N)cc1,0,4.214982618577778e-05,0,Sulfacetamide,
Nc1ccc(S(=O)(=O)Nc2ccccn2)cc1,0,0.00083644175902,0,Sulfapyridine,
O=[N+]([O-])c1ccc2c(c1)C(c1ccccc1)=NCC(O)=N2,0,0.0030072638764977,0,Nitrazepam,
COC(=O)[C@H]1C2CC3c4[nH]c5ccccc5c4CCN3CC2CC[C@H]1O,0,0.7725046873092651,1,Yohimbine,
CN1CCC(OC(c2ccccc2)c2ccccc2)CC1,0,0.4287630617618561,1,Diphenylpyraline,
O=C(O)[C@H]1CCCN1,0,1.2123062333557756e-05,0,Proline,
c1ccc2[nH]c(-c3cscn3)nc2c1,0,0.0043267006985843,0,Thiabendazole,
C=CCC1(C(C)C#CCC)C(=O)N(C)C(=O)N=C1O,0,0.0020835071336477,0,Methohexital,
C=CCN1CCC23CCCCC2C1Cc1ccc(O)cc13,0,0.801776647567749,1,Levallorphan,
CC(=O)CC(c1ccc([N+](=O)[O-])cc1)c1c(O)c2ccccc2oc1=O,0,0.0568781085312366,0,Acenocoumarol,
CCCC1CC(C(O)=NC(C(C)O)C2OC(SC)C(O)C(O)C2O)N(C)C1,0,0.0005876591894775,0,Lincomycin,
N[C@H]1C[C@@H]1c1ccccc1,0,0.0846397653222084,0,Tranylcypromine,
CC(Cc1ccccc1)N(C)Cc1ccccc1,0,0.1910599023103714,0,Benzphetamine,
N=C(O)N1c2ccccc2C=Cc2ccccc21,0,0.0171910114586353,0,Carbamazepine,
C(=C/c1ccccc1)\CN1CCN(C(c2ccccc2)c2ccccc2)CC1,1,0.8514471650123596,1,Cinnarizine,
COc1c2occc2cc2ccc(=O)oc12,0,0.0430898629128932,0,Methoxsalen,
CC(N)Cc1c[nH]c2ccccc12,0,0.0112594412639737,0,"1H-Indole-3-ethanamine, α-methyl-",
CN[C@H](C)[C@@H](O)c1ccccc1,0,0.0021172785200178,0,Ephedrine,
CC(N)Cc1ccccc1,0,0.0041692364029586,0,Amphetamine,
CN(C)CCCN1c2ccccc2CCc2ccc(Cl)cc21,1,0.949411392211914,1,Clomipramine,
O=C(O)CCCc1ccc(N(CCCl)CCCl)cc1,0,0.0368780009448528,0,Chlorambucil,
CCN1CC(CCN2CCOCC2)C(c2ccccc2)(c2ccccc2)C1=O,0,0.9839338660240172,1,"2-Pyrrolidinone, 1-ethyl-4-[2-(4-morpholinyl)ethyl]-3,3-diphenyl-",
Oc1ncnc2n[nH]cc12,0,5.353358210413717e-05,0,Allopurinol,
CN1CCN(CCCN2c3ccccc3Sc3ccc(S(=O)(=O)N(C)C)cc32)CC1,0,0.9553213715553284,1,Thioproperazine,
N=c1c2c([nH]c3ccccc13)CCCC2,0,0.0791291519999504,0,Tacrine,
C[C@H](CN1CCOCC1)C(C(=O)N1CCCC1)(c1ccccc1)c1ccccc1,0,0.9859828352928162,1,Dextromoramide,
COc1ccc2c3c1OC1CC(O)C=CC31CCN(C)C2,0,0.6712128520011902,1,Galantamin,
CC(C)=CCN1CCC2(C)c3cc(O)ccc3CC1C2C,0,0.5639433860778809,1,Pentazocine,
CCC(CO)N=C(O)C1C=C2c3cccc4c3c(cn4C)CC2N(C)C1,0,0.2185473591089248,0,Methysergide,
CCC(=O)c1ccc2c(c1)N(CC(C)N(C)C)c1ccccc1S2,0,0.75677090883255,1,Propiomazine,
CCN(CC)CCN=C(O)c1cc(Cl)c(N)cc1OC,0,0.0247190780937671,0,Metoclopramide,
CC1=Nc2ccc(Cl)cc2S(=O)(=O)N1,0,0.0030957844574004,0,Diazoxide,
C[C@@H]1C[C@@H]2[C@H]3CCC4=CC(=O)C=C[C@@]4(C)[C@]3(F)[C@H](O)C[C@@]2(C)[C@]1(O)C(=O)CO,0,0.8418642282485962,1,Betamethasone,
CCn1cc(C(=O)O)c(=O)c2ccc(C)nc21,0,0.0007246057502925,0,Nalidixic Acid,
COc1ccc(OC)c(C(O)C(C)N)c1,0,0.0060898857191205,0,Methoxamine,
CC(Cc1ccccc1)NCCC(c1ccccc1)c1ccccc1,1,0.7454372644424438,1,Prenylamine,
N=c1[nH]c2nc(=N)c(-c3ccccc3)nc-2c(N)[nH]1,0,0.0017242152243852,0,Triamterene,
CN1CCC23c4c5ccc(O)c4OC2CCCC3C1C5,0,0.9188567399978638,1,Desomorphine,
CC12C/C(=C/O)C(=O)C[C@H]1CCC1C2CCC2(C)C1CC[C@@]2(C)O,0,0.8079751133918762,1,Oxymetholone,
CC12CCC3C4CCC(=O)C=C4CCC3C1CC[C@H]2O,0,0.2948767244815826,0,Nandrolone,
CCC(c1ccccc1)c1c(O)c2ccccc2oc1=O,0,0.1304305493831634,0,Phenprocoumon,
CCC(=O)N(c1ccccc1)C1CCN(CCc2ccccc2)CC1,0,0.7697097659111023,1,Fentanyl,
CNCCCC1c2ccccc2C=Cc2ccccc21,0,0.3106823861598968,0,Protriptyline,
CCN(C)C(C)C=C(c1cccs1)c1cccs1,0,0.1306758671998977,0,Ethylmethylthiambutene,
Cc1ncc([N+](=O)[O-])n1CCO,0,0.0004204102733638,0,Metronidazole,
CCOc1ccc2nc(S(N)(=O)=O)sc2c1,0,0.0024576529394835,0,Ethoxzolamide,
CC1CC(OC(=O)C(O)c2ccccc2)CC(C)(C)C1,0,0.0150336371734738,0,Cyclandelate,
CCNC(C)Cc1cccc(C(F)(F)F)c1,0,0.1439860016107559,0,Fenfluramine,
CC(C)(N)Cc1ccc(Cl)cc1,0,0.0999049171805381,0,Chlorphentermine,
CC/C=C\C/C=C\C/C=C\CCCCCCCC(=O)O,0,0.0001122018875321,0,"9,12,15-Octadecatrienoic acid, (Z,Z,Z)-",
CC(O)C(C)(C)C,0,0.0002686923253349,0,"3,3-Dimethylbutane-2-ol",
C=CCN1CCC23c4c5ccc(O)c4OC2C(=O)CCC3(O)C1C5,0,0.6867690682411194,1,"Morphinan-6-one, 4,5-epoxy-3,14-dihydroxy-17-(2-propenyl)-, (5α)-",
CN1CCC23c4c5ccc(O)c4OC2C(=O)CCC3C1C5,0,0.7953577041625977,1,Hydromorphone,
CCOC(=O)C(CCN1CCOCC1)(c1ccccc1)c1ccccc1,0,0.7844691872596741,1,Dioxaphetyl butyrate,
CCC(=O)OC1(c2ccccc2)CCN(C)CC1CC,0,0.2653034925460815,0,Betameprodine,
CCC(=O)O[C@]1(c2ccccc2)CCN(C)C[C@@H]1CC,0,0.2959001958370209,0,Alphameprodine,
CCC(=O)O[C@@]1(c2ccccc2)CCN(C)C[C@@H]1C,0,0.1963316053152084,0,Betaprodine,
CCN(CC)CCOCCOC(=O)C(CC)(CC)c1ccccc1,0,0.0922683253884315,0,Oxeladin,
CN(C)CCOC(C)(c1ccccc1)c1ccccn1,0,0.1400435268878936,0,Doxylamine,
CCC(=O)O[C@@](Cc1ccccc1)(c1ccccc1)[C@@H](C)CN(C)C,0,0.6250131726264954,1,Propoxyphene,
CCC(=O)C1(c2cccc(O)c2)CCN(C)CC1,0,0.0226008109748363,0,Ketobemidone,
CCOC(=O)C1(c2ccccc2)CCN(CCOCCO)CC1,0,0.075429767370224,0,Etoxeridine,
C[C@@]12CC[C@@H]3C(=CCc4cc(O)ccc43)[C@H]1CCC2=O,0,0.4463617205619812,1,Equilin,
Cn1c(=O)c2c(ncn2CC(O)CO)n(C)c1=O,0,0.0004851340781897,0,Dyphylline,
Cc1c(C(C)C)c(=O)n(-c2ccccc2)n1C,0,0.1647327989339828,0,Propyphenazone,
CN1C2CCC1[C@@H](C(=O)O)[C@@H](O)C2,0,0.0004612605844158,0,Ecgonine,
CC(CN1c2ccccc2Sc2cccnc21)N(C)C,0,0.5326172113418579,1,Isothipendyl,
C/C=C/C(=O)N(CC)c1ccccc1C,0,0.0092005422338843,0,Crotamiton,
Cc1ccc(/C(=C/CN2CCCC2)c2ccccn2)cc1,0,0.1541251987218856,0,Triprolidine,
O=C(O)CN=C(O)c1ccccc1O,0,4.438491941982647e-06,0,"Glycine, N-(2-hydroxybenzoyl)-",
CN(C)CCc1c[nH]c2ccc(O)cc12,0,0.002241869457066,0,Bufotenine,
C[C@@H](N)[C@H](O)c1ccccc1,0,0.0014106795424595,0,Cathine,
CCCOc1ccc(C(=O)OCCN(CC)CC)cc1N,0,0.0071133179590106,0,"Benzoic acid, 3-amino-4-propoxy-, 2-(diethylamino)ethyl ester",
CC(Cc1ccc(O)c(O)c1)C(C)Cc1ccc(O)c(O)c1,0,0.0063261338509619,0,Nordihydroguaiaretic acid,
CNC(C)CCC=C(C)C,0,0.0003803164581768,0,"5-Hepten-2-amine, N,6-dimethyl-",
N=c1cc[nH]cc1,0,9.22924591577612e-05,0,4-Aminopyridine,
Nc1ccccn1,0,0.0002717014285735,0,2-Aminopyridine,
CN1CCC23c4c5ccc(O)c4OC2C(O)CCC3C1C5,0,0.7967087626457214,1,Dihydromorphine,
CCC1(C2=CCCCCC2)C(O)=NC(=O)N=C1O,0,0.0001904127857415,0,Heptabarbital,
CN(C)CCOC(=O)C(c1ccccc1)C1(O)CCCC1,0,0.0217832401394844,0,Cyclopentolate,
OC(CCN1CCCCC1)(c1ccccc1)C1CC2C=CC1C2,0,0.778364896774292,1,Biperiden,
Cc1cc(NS(=O)(=O)c2ccc(N)cc2)nc(C)n1,0,0.0034230391029268,0,Sulfisomidine,
CN1C2CCC1[C@@H](C(=O)O)[C@@H](OC(=O)c1ccccc1)C2,0,0.0055130529217422,0,Benzoylecgonine,
CNc1c(C)n(C)n(-c2ccccc2)c1=O,0,0.038519162684679,0,Noramidopyrine,
COc1ccc([C@H]2CC(=O)c3c(O)cc(O)cc3O2)cc1O,0,0.001492773881182,0,Hesperetin,
CC12CCC(=O)C[C@H]1CCC1C2CCC2(C)C1CC[C@H]2O,0,0.7149813771247864,1,Stanolone,
CCC1CN2CCC1C[C@@H]2[C@@H](O)c1ccnc2ccc(OC)cc12,0,0.6644797921180725,1,"Cinchonan-9-ol, 10,11-dihydro-6'-methoxy-, (8α,9R)-",
CC(C=C(c1cccs1)c1cccs1)N(C)C,0,0.1079212352633476,0,Dimethylthiambutene,
CC(C)NCC(O)COc1cccc2ccccc12,0,0.0136832268908619,0,Propranolol,
Nc1ccc(S(=O)(=O)Nc2ccnn2-c2ccccc2)cc1,0,0.0105287982150912,0,Sulfaphenazole,
COc1ccccc1OCC(O)COC(=N)O,0,0.0001940082729561,0,Methocarbamol,
CC(CNC1CCCCC1)OC(=O)c1ccccc1,0,0.0034836260601878,0,Hexylcaine,
CCc1cc(C(=N)S)ccn1,0,0.0006911906530149,0,Ethionamide,
CN[C@H](C)Cc1ccccc1,0,0.0071156388148665,0,Methamphetamine,
CC(O)=NO,0,8.021635267141392e-07,0,Acetohydroxamic acid,
Cc1ncc([N+](=O)[O-])n1C,0,0.0010083290981128,0,Dimetridazole,
CCC(=O)N(CC(C)N(C)CCc1ccccc1)c1ccccc1,0,0.4394811987876892,1,Diampromide,
O=C(Oc1ccccc1C(=O)O)c1ccccc1O,0,0.0001946996781043,0,Salsalate,
CC(=O)N=c1sc(S(N)(=O)=O)nn1C,0,3.087257209699601e-05,0,Methazolamide,
C#CCN(C)Cc1ccccc1,0,0.0226786993443965,0,Pargyline,
CC(=O)Oc1ccc2c3c1OC1C(OC(C)=O)C=CC4C(C2)N(C)CCC341,0,0.8808291554450989,1,Diacetylmorphine,
O=C(O)CCCO,0,1.795216917344078e-06,0,"Butanoic acid, 4-hydroxy-",
CC(=O)OC1(C(C)=O)CCC2C3C=C(C)C4=CC(=O)CCC4(C)C3CCC21C,0,0.94699227809906,1,Megestrol acetate,
OC1=Nc2ccc(Cl)cc2C(c2ccccc2)=NC1O,0,0.008471037261188,0,Oxazepam,
CC(O)=N[C@H](CS)C(=O)O,0,1.508662649030157e-06,0,"L-Cysteine, N-acetyl-",
CC1C(c2ccccc2)OCCN1C,0,0.0570124052464962,0,Phendimetrazine,
CCOC(=O)C(C)(C)Oc1ccc(Cl)cc1,0,0.0423143282532691,0,Clofibrate,
CN(C)c1nc(N(C)C)nc(N(C)C)n1,0,0.0077141197398304,0,Altretamine,
CNNCc1ccc(C(=O)NC(C)C)cc1,0,0.0018975323764607,0,"Benzamide, N-(1-methylethyl)-4-[(2-methylhydrazino)methyl]-",
CCCNC(C)C(O)=Nc1ccccc1C,0,0.0005972024518996,0,Prilocaine,
Cc1cc(NS(=O)(=O)c2ccc(N)cc2)no1,0,0.0005571143701672,0,Sulfamethoxazole,
Cc1nc(NS(=O)(=O)c2ccc(N)cc2)oc1C,0,0.0023543727584183,0,Sulfamoxole,
COc1cc(Cc2c[nH]c(=N)[nH]c2=N)cc(OC)c1OC,0,0.0112657761201262,0,Trimethoprim,
CN(C)CCC(O)(c1ccccc1)c1ccccc1Cl,0,0.5708572864532471,1,Clofedanol,
c1ccc2c(CC3=NCCN3)cccc2c1,0,0.0223242193460464,0,Naphazoline,
CC12CCC3C(CC[C@@H]4CC(=O)CCC34C)C1CCC2=O,0,0.8450875878334045,1,"Androstane-3,17-dione, (5α)-",
CC12C=CC(=O)C=C1CCC1C2CCC2(C)C1CC[C@H]2O,0,0.374011367559433,0,Boldenone,
CC(C)(Oc1ccc(Cl)cc1)C(=O)O,0,0.004569815006107,0,Clofibric Acid,
c1ccc(SSc2ccccc2)cc1,0,0.0604475960135459,0,"Disulfide, diphenyl",
CCN(CC)CCOc1ccc(/C(=C(\Cl)c2ccccc2)c2ccccc2)cc1,1,0.9739936590194702,1,Clomiphene,
CC1=CC(=O)C(C)=C(C)C1=O,0,0.0004176617949269,0,"2,3,6-trimethyl-p-benzoquinone",
CC(=O)c1ccc(S(=O)(=O)NC(O)=NC2CCCCC2)cc1,0,0.0003136601008009,0,Acetohexamide,
OC(CCCN1CCCCC1)(c1ccccc1)c1ccccc1,0,0.5486366152763367,1,Diphenidol,
Cc1cc(=N)[nH]o1,0,5.944712393102236e-05,0,"3-Isoxazolamine, 5-methyl-",
COc1cc(CC(C)N)cc(OC)c1OC,0,0.037783570587635,0,"Phenethylamine, 3,4,5-trimethoxy-α-methyl-",
CC12CCC(=O)C(Cl)=C1CCC1C2CCC2(C)C1CC[C@H]2O,0,0.967052400112152,1,"Androst-4-en-3-one, 4-chloro-17-hydroxy-, (17β)-",
NCC(CC(=O)O)c1ccc(Cl)cc1,0,0.002419137628749,0,Baclofen,
Nc1ccccc1SSc1ccccc1N,0,0.0377723835408687,0,Bis(o-aminophenyl) disulfide,
Cc1ccc(S(=O)(=O)NC(O)=NN2CCCCCC2)cc1,0,0.0006403453298844,0,Tolazamide,
NC[C@H]1CC[C@H](C(=O)O)CC1,0,0.0001368233934044,0,Tranexamic Acid,
CCNC1C2CCC(C2)C1c1ccccc1,0,0.2649475634098053,0,"2-Norbornanamine, N-ethyl-3-phenyl-",
C[C@@]12Cc3nonc3CC1CCC1C2CC[C@]2(C)C1CC[C@@]2(C)O,0,0.9736430644989014,1,Furazabol,
Cc1cc(C(C)(C)C)c(O)c(C)c1CC1=NCCN1,0,0.0315909087657928,0,Oxymetazoline,
CCN(Cc1ccncc1)C(=O)C(CO)c1ccccc1,0,0.0161682330071926,0,Tropicamide,
C[C@H]1CC2=CC(=O)CCC2(C)C2CCC3(C)C(CC[C@@]3(C)O)C21,0,0.8996620178222656,1,Bolasterone,
CCOC(=O)CC(SP(=O)(OC)OC)C(=O)OCC,0,0.0002014154888456,0,Malaoxon,
Cc1cc(C)cc(OCC2CN=C(O)O2)c1,0,0.0012066885828971,0,Metaxalone,
CN(C)CC/C=C1/c2ccccc2COc2ccccc21,0,0.4030665457248688,0,Doxepin,
CCCCC/C=C/C/C=C/C/C=C/CCCCCCC(=O)O,0,0.0001390700053889,0,"8,11,14-Eicosatrienoic acid, (Z,Z,Z)-",
OC1=NCN(c2ccccc2)C12CCN(CCCC(c1ccc(F)cc1)c1ccc(F)cc1)CC2,1,0.9963892698287964,1,Fluspirilene,
CC12CC[C@H](O)C[C@H]1CCC1C2CCC2(C)C1CC[C@H]2O,0,0.7913877367973328,1,"Androstane-3,17-diol, (3α,5α,17β)-",
Oc1nc2ccccc2n1C1CCN(CCCC(c2ccc(F)cc2)c2ccc(F)cc2)CC1,1,0.9920114874839784,1,Pimozide,
CC(C)c1cccc(C(C)C)c1O,0,0.0156295653432607,0,Propofol,
N=C1N=C(O)C(c2ccccc2)O1,0,5.686798613169231e-05,0,Pemoline,
O=C(OCCOCCN1CCCCC1)N1c2ccccc2Sc2cccnc21,0,0.7642006278038025,1,Pipazethate,
CC(C)[C@H]1CC[C@H](C)C[C@@H]1O,0,0.0037600139621645,0,Levomenthol,
NS(=O)(=O)c1cc2c(cc1Cl)NC(C1CC3C=CC1C3)NS2(=O)=O,0,0.1397575438022613,0,Cyclothiazide,
CCOC(=O)C1(c2ccccc2)CCN(CCOCC2CCCO2)CC1,0,0.3212082684040069,0,Furethidine,
Cc1cccc(N(C)C(=S)Oc2ccc3ccccc3c2)c1,1,0.8333646059036255,1,Tolnaftate,
CN=C(S)N(C)C,0,5.28929267602507e-05,0,"Thiourea, trimethyl-",
N#Cc1ccc2c(c1)N(CCCN1CCC(O)CC1)c1ccccc1S2,0,0.9626085758209229,1,Periciazine,
CCC(=O)c1ccc2c(c1)N(CCCN1CCN(CCO)CC1)c1ccccc1S2,0,0.8825317621231079,1,Carfenazine,
CCN=C(S)Nc1ccccc1,0,0.0005341714713722,0,"Thiourea, N-ethyl-N'-phenyl-",
CC(=O)c1ccc2c(c1)N(CCCN1CCN(CCO)CC1)c1ccccc1S2,0,0.8407212495803833,1,Acetophenazine,
CN(C)C(=S)N(C)C,0,0.0015033795498311,0,"Thiourea, tetramethyl-",
COc1ccc(OC)c(CC(C)N)c1,0,0.0183809492737054,0,"Benzeneethanamine, 2,5-dimethoxy-α-methyl-",
CC(C)(C)C(=O)Cl,0,0.0029551843181252,0,Pivalyl chloride,
CCOC(=O)C1(c2ccccc2)CCN(CCOCc2ccccc2)CC1,0,0.8508463501930237,1,Benzethidine,
CC(C)N(CCC(C(=N)O)(c1ccccc1)c1ccccn1)C(C)C,0,0.2351833134889602,0,Disopyramide,
COc1ccc2c3c1OC1C(OC(C)=O)CCC4C(C2)N(C)CCC341,0,0.970243752002716,1,Acetyldihydrocodeine,
Cc1cc2cc3c(C)cc(=O)oc3c(C)c2o1,0,0.2551409900188446,0,Trioxsalen,
CC(C)NCC(O)c1ccc(NS(C)(=O)=O)cc1,0,0.0004350650997366,0,Sotalol,
CN1CCC(=C2c3ccccc3CCc3cccnc32)CC1,0,0.8724051117897034,1,Azatadine,
O=[N+]([O-])c1ccc(O)c2ncccc12,0,0.0005023695412091,0,Nitroxoline,
Cc1ccc(S(=O)(=O)N=C=O)cc1,0,0.0002479933027643,0,"Benzenesulfonyl isocyanate, 4-methyl-",
Clc1cccc(Cl)c1NC1=NCCN1,0,0.0385421104729175,0,Clonidine,
CN(C)N=Nc1[nH]cnc1C(N)=O,0,1.3797550309391228e-05,0,"Imidazole-4-carboxamide, 5-(3,3-dimethyl-1-triazeno)-",
CCC1C2CC3C4N(C)c5ccccc5C45CC(C2[C@H]5O)N3[C@H]1O,0,0.9686012864112854,1,Ajmaline,
CC(N)Cc1ccc2c(c1)OCO2,0,0.0131455035880208,0,Tenamfetamine,
CC(C(=O)O)c1ccc(-c2ccccc2)c(F)c1,0,0.0460746362805366,0,Flurbiprofen,
CN1CCN(CC/C=C2/c3ccccc3Sc3ccc(S(=O)(=O)N(C)C)cc32)CC1,0,0.9312341213226318,1,Thiothixene,
CC(C1=C(CCN(C)C)Cc2ccccc21)c1ccccn1,0,0.5512133240699768,1,Dimetindene,
CNCCc1ccccn1,0,0.0008128114859573,0,Betahistine,
CN1CCN(C2=Nc3cc(Cl)ccc3Nc3ccccc32)CC1,0,0.7221940755844116,1,Clozapine,
C=CCOc1ccccc1OCC(O)CNC(C)C,0,0.0014317530440166,0,Oxprenolol,
CC(=O)CCCCn1c(=O)c2c(ncn2C)n(C)c1=O,0,0.0008242817712016,0,Pentoxifylline,
CC(O)=Nc1ccc(OCC(O)CNC(C)C)cc1,0,0.0006970661925151,0,Practolol,
CCc1c(C)[nH]c2c1C(=O)C(CN1CCOCC1)CC2,0,0.2581716775894165,0,"Indol-4(5H)-one, 3-ethyl-6,7-dihydro-2-methyl-5-(morpholinomethyl)-",
CC(C)N(CCC(C(=N)O)(c1ccccc1)c1ccccc1)C(C)C,0,0.4891210496425628,1,"Benzenepropanaminium, γ-(aminocarbonyl)-N-methyl-N,N-bis(1-methylethyl)-γ-phenyl-",
CC(O)=NC(C=O)C(O)C(O)C(O)CO,0,5.079468792246189e-07,0,N-Acetyl-D-glucosamine,
CC(C)NCC(O)c1ccc(O)c(O)c1,0,0.0001504296378698,0,Isoproterenol,
COc1ccc(Cl)cc1C(O)=NCCc1ccc(S(=O)(=O)NC(O)=NC2CCCCC2)cc1,0,0.4081916511058807,0,Glyburide,
CNCCCC12CCC(c3ccccc31)c1ccccc12,0,0.9723412990570068,1,Maprotiline,
CC12Cc3c[nH]nc3C[C@H]1CCC1C2CCC2(C)C1CC[C@@]2(C)O,0,0.9671891927719116,1,Stanozolol,
CC(N)C12CC3CC(CC(C3)C1)C2,0,0.5681188106536865,1,"1-Adamantanemethylamine, α-methyl-",
CC(=O)c1ccc2c(c1)N(CC(C)N(C)C)c1ccccc1S2,0,0.6694422364234924,1,Acepromethazine,
CC(C)NCC(O)COc1cccc2[nH]ccc12,0,0.0018030900973826,0,Pindolol,
C=CCc1ccccc1OCC(O)CNC(C)C,0,0.002538907341659,0,Alprenolol,
COc1cc(CC(C)N)cc2c1OCO2,0,0.0189186967909336,0,"Phenethylamine, 3-methoxy-α-methyl-4,5-(methylenedioxy)-",
Clc1ccc2c(c1)C(N1CCNCC1)=Nc1ccccc1O2,0,0.4332545697689056,1,Amoxapine,
CN1CCC23c4c5ccc(OCc6ccccc6)c4OC2C(O)C=CC3C1C5,0,0.987478256225586,1,Benzylmorphine,
CCCC(C)(O)C1CC23C=CC1(OC)C1Oc4c(O)ccc5c4C12CCN(C)C3C5,0,0.9887396693229676,1,Etorphine,
C#CCN(C)C(C)Cc1ccccc1,0,0.0373109802603721,0,Selegiline,
CCn1cc(C(=O)O)c(=O)c2cc3c(cc21)OCO3,0,0.0023875068873167,0,Oxolinic acid,
CC(N)C(O)c1ccccc1,0,0.0011368434643372,0,"Norephedrine, (.+/-.)-",
Cc1c(-c2ccccc2)oc2c(C(=O)OCCN3CCCCC3)cccc2c1=O,0,0.7230425477027893,1,Flavoxate,
COc1cc(CC(C)N)c(OC)cc1C,0,0.0647224858403205,0,"Benzeneethanamine, 2,5-dimethoxy-α,4-dimethyl-",
CCN1CCCC1CN=C(O)c1cc(S(N)(=O)=O)ccc1OC,0,0.0040581482462584,0,Sulpiride,
CC(C)Cc1ccc(C(C)C(=O)O)cc1,0,0.0031602054368704,0,Ibuprofen,
O=C1CCC2(O)C3Cc4ccc(O)c5c4C2(CCN3CC2CC2)C1O5,0,0.8841184973716736,1,Naltrexone,
CC1CC2=CC(=O)CCC2(C)C2CCC3(C)C(CCC3(C)O)C12,0,0.8932496905326843,1,Calusterone,
Cc1ccccc1N1C(=O)c2cc(S(N)(=O)=O)c(Cl)cc2NC1C,0,0.4385859072208404,1,Metolazone,
O=c1n(CCCN2CCN(c3cccc(Cl)c3)CC2)nc2ccccn12,0,0.7504851222038269,1,Trazodone,
CC12CC3CC(C)(C1)CC(N)(C3)C2,0,0.9377274513244628,1,Memantine,
COC(=O)C1=C(C)NC(C)=C(C(=O)OC)C1c1ccccc1[N+](=O)[O-],0,0.0511664636433124,0,Nifedipine,
CC(C(=O)O)c1cccc(C(=O)c2ccccc2)c1,0,0.0025825519114732,0,Ketoprofen,
COc1ccc2cc([C@@H](C)C(=O)O)ccc2c1,0,0.0089345378801226,0,Naproxen,
CCOC(=O)n1ccn(C)c1=S,0,0.0011179635766893,0,Carbimazole,
OC1(c2ccc(Cl)cc2)c2ccccc2C2=NCCN21,0,0.7420105934143066,1,Mazindol,
COC(=O)C(Cc1ccccc1)N=C(O)C(N)CC(=O)O,0,5.573526141233742e-05,0,Aspartame,
CN1CCN2c3ccccc3Cc3ccccc3C2C1,0,0.9257822036743164,1,Mianserin,
CN1Cc2c(N)cccc2C(c2ccccc2)C1,0,0.5715481638908386,1,Nomifensine,
C=CCC1CN(C)CCC1(OC(=O)CC)c1ccccc1,0,0.2171946465969085,0,Allylprodine,
N=C(O)OCC(COC(=N)O)c1ccccc1,0,0.0001432755816495,0,Felbamate,
Cc1ccc(C)c(OCCCC(C)(C)C(=O)O)c1,0,0.0036764750257134,0,Gemfibrozil,
Cc1cc(-c2ccccc2)n[nH]c1=NCCN1CCOCC1,0,0.0147307598963379,0,Minaprine,
Cc1ccc(C(=O)c2ccc(CC(=O)O)n2C)cc1,0,0.0056369747035205,0,Tolmetin,
COc1cccc(C2(O)CCCCC2CN(C)C)c1,0,0.2209622412919998,0,Tramadol,
N=C(O)N1c2ccccc2CC(=O)c2ccccc21,0,0.0263740681111812,0,Oxcarbazepine,
CC(C)NCC(O)COc1ccc(CC(=N)O)cc1,0,0.0006721302052028,0,Atenolol,
Cc1cn(C2CC(N=[N+]=[N-])C(CO)O2)c(=O)nc1O,0,0.000124274767586,0,Zidovudine,
Cc1cccc(C)c1OCC(C)N,0,0.0181115251034498,0,Mexiletine,
CCOC(=O)c1cncn1C(C)c1ccccc1,0,0.0071002529002726,0,Etomidate,
CN1C(C(O)=Nc2ccccn2)=C(O)c2ccccc2S1(=O)=O,0,0.0010223833378404,0,Piroxicam,
O=C(O)CCC(=O)c1ccc(-c2ccccc2)cc1,0,0.0015024808235466,0,Fenbufen,
O=C1CC2(CCCC2)CC(=O)N1CCCCN1CCN(c2ncccn2)CC1,0,0.7752399444580078,1,Buspirone,
CC(CCc1ccccc1)NCC(O)c1ccc(O)c(C(=N)O)c1,0,0.0029698435682803,0,Labetalol,
CCCC(O)=Nc1ccc(OCC(O)CNC(C)C)c(C(C)=O)c1,0,0.0009835885139182,0,Acebutolol,
CCN(CC)CCCN(c1ccccc1)C1Cc2ccccc2C1,0,0.8317583203315735,1,Aprindine,
N=c1[nH]c(N2CCCCC2)cc(N)[n+]1[O-],0,0.0014189881039783,0,Minoxidil,
CCOC(=O)C1=C(C)NC(C)=C(C(=O)OC)C1c1cccc([N+](=O)[O-])c1,0,0.0443660765886306,0,Nitrendipine,
CC(C)(C)NCC(O)COc1cccc2c1CC(O)C(O)C2,0,0.0108738467097282,0,Nadolol,
COc1ccc(C2Sc3ccccc3N(CCN(C)C)C(=O)C2OC(C)=O)cc1,0,0.852220892906189,1,Diltiazem,
CNC(C)Cc1ccc2c(c1)OCO2,0,0.0245894752442836,0,"N-Methyl-3,4-methylenedioxyamphetamine",
COc1ccc2cc(CCC(C)=O)ccc2c1,0,0.0364198796451091,0,Nabumetone,
CCCC1OC2CC3C4CCC5=CC(=O)C=CC5(C)C4C(O)CC3(C)C2(C(=O)CO)O1,0,0.4947205781936645,1,Budesonide,
CN=C(NC#N)NCCSCc1[nH]cnc1C,0,0.0007752727833576,0,Cimetidine,
CS(=O)(=O)Nc1ccc([N+](=O)[O-])cc1Oc1ccccc1,0,0.0037323923315852,0,Nimesulide,
Fc1ccc(C(c2ccc(F)cc2)N2CCN(C/C=C/c3ccccc3)CC2)cc1,1,0.9857191443443298,1,Flunarizine,
COC12CCC3(CC1C(C)(O)C(C)(C)C)C1Cc4ccc(O)c5c4C3(CCN1CC1CC1)C2O5,0,0.9967013001441956,1,Buprenorphine,
CN(C)C(=O)C(CCN1CCC(O)(c2ccc(Cl)cc2)CC1)(c1ccccc1)c1ccccc1,1,0.9979985356330872,1,Loperamide,
CCN1CCCC1CN=C(O)c1cc(S(=O)(=O)CC)ccc1OC,0,0.0150188952684402,0,Sultopride,
CCCNCC(O)COc1ccccc1C(=O)CCc1ccccc1,0,0.0177277699112892,0,Propafenone,
OC(=NCC1CCCCN1)c1cc(OCC(F)(F)F)ccc1OCC(F)(F)F,1,0.2172139883041381,0,"Benzamide, N-(2-piperidinylmethyl)-2,5-bis(2,2,2-trifluoroethoxy)-",
COCCCCC(=NOCCN)c1ccc(C(F)(F)F)cc1,0,0.0257972758263349,0,Fluvoxamine,
O=C(C1CCCCC1)N1CC(=O)N2CCc3ccccc3C2C1,0,0.6615082621574402,1,Praziquantel,
CCC(=O)N(c1ccccc1)C1(COC)CCN(CCc2cccs2)CC1,0,0.9726818799972534,1,Sufentanil,
O=C(O)CCCCCCNC1c2ccccc2CCc2ccccc21,0,0.1703129559755325,0,Amineptine,
N=c1nc(O)c2ncn(COCCO)c2[nH]1,0,3.989897959399968e-05,0,Acyclovir,
Fc1ccc(C2CCNCC2COc2ccc3c(c2)OCO3)cc1,0,0.8313597440719604,1,Paroxetine,
C[C@@H](CS)C(=O)N1CCC[C@@H]1C(=O)O,0,0.0002053298812825,0,Captopril,
COC(=O)C1=C(C)NC(C)=C(C(=O)OCC(C)C)C1c1ccccc1[N+](=O)[O-],0,0.1126668453216552,0,Nisoldipine,
COCCOC(=O)C1=C(C)NC(C)=C(C(=O)OC(C)C)C1c1cccc([N+](=O)[O-])c1,0,0.0985610485076904,0,Nimodipine,
CN/C(=C\[N+](=O)[O-])NCCSCc1ccc(CN(C)C)o1,0,0.0006898225401528,0,Ranitidine,
CC(C)NCC(O)COc1ccc(COCCOC(C)C)cc1,0,0.0066211139783263,0,Bisoprolol,
NS(=O)(=O)Cc1noc2ccccc12,0,0.0001788605877663,0,Zonisamide,
CCn1cc(C(=O)O)c(=O)c2cc(F)c(N3CCNCC3)cc21,0,0.0384592525660991,0,Norfloxacin,
O=C(NCCN1CCOCC1)c1ccc(Cl)cc1,0,0.0354599095880985,0,Moclobemide,
CCOC(=O)C1=C(C)NC(C)=C(C(=O)OC)C1c1cccc(Cl)c1Cl,0,0.6733542084693909,1,Felodipine,
CCC(C)C(=O)OC1CC(C)C=C2C=CC(C)C(CCC3CC(O)CC(=O)O3)C21,0,0.0442197248339653,0,Lovastatin,
COC(=O)C1=C(C)NC(C)=C(C(=O)OC(C)C)C1c1cccc2nonc12,0,0.0766550973057746,0,Isradipine,
CNC1CCC(c2ccc(Cl)c(Cl)c2)c2ccccc21,1,0.9813470840454102,1,Sertraline,
CCC(C)(C)C(=O)OC1CC(C)C=C2C=CC(C)C(CCC3CC(O)CC(=O)O3)C21,0,0.1023003458976745,0,Simvastatin,
CCN1CCCC1CN=C(O)c1c(OC)ccc(Br)c1OC,0,0.3396042883396148,0,Remoxipride,
N=c1nnc(-c2cccc(Cl)c2Cl)c(N)[nH]1,0,0.0273406635969877,0,Lamotrigine,
CCCN1CCCCC1C(O)=Nc1c(C)cccc1C,0,0.051290176808834,0,Ropivacaine,
O=C(O)c1cn(C2CC2)c2cc(N3CCNCC3)c(F)cc2c1=O,0,0.1264365315437317,0,Ciprofloxacin,
CCN(CC)C(=O)C1(c2ccccc2)CC1CN,0,0.3481253981590271,0,Milnacipran,
COc1ccc(C(CN(C)C)C2(O)CCCCC2)cc1,0,0.2888757884502411,0,Venlafaxine,
CC(C)(C)N=C(O)C1CCC2C3CCC4N=C(O)C=CC4(C)C3CCC12C,0,0.416971355676651,1,Finasteride,
CCC(C(=N)O)N1CCCC1=O,0,0.0001061881048372,0,Levetiracetam,
CNS(=O)(=O)Cc1ccc2[nH]cc(CCN(C)C)c2c1,0,0.0060446797870099,0,Sumatriptan,
CC(C)(C#N)c1cc(Cn2cncn2)cc(C(C)(C)C#N)c1,0,0.6350760459899902,1,Anastrozole,
Cc1cc2c(s1)Nc1ccccc1N=C2N1CCN(C)CC1,0,0.4698552191257477,1,Olanzapine,
CC(C)CC(CN)CC(=O)O,0,3.804218431469053e-05,0,Pregabalin,
