DB_smiles,PBT_label,CAS,DB_name,QSAR_consensus,PBT_DL_bin_pred,mol
N[C@@H](Cc1c[nH]cn1)C(=O)O,2.816069172695279e-05,000071-00-1,Histidine,0,0,<rdkit.Chem.rdchem.Mol object at 0x7f6fbc505450>
N[C@@H](Cc1ccccc1)C(=O)O,0.0001532505411887,000063-91-2,Phenylalanine,0,0,<rdkit.Chem.rdchem.Mol object at 0x7f6fbc505d50>
O=C(O)CCCC[C@@H]1SC[C@@H]2NC(=O)N[C@@H]21,0.0001099740475183,000058-85-5,Biotin,0,0,<rdkit.Chem.rdchem.Mol object at 0x7f6fbc522d50>
NCCCC[C@@H](N)C(=O)O,5.274213890515966e-06,000056-87-1,Lysine,0,0,<rdkit.Chem.rdchem.Mol object at 0x7f6fbc5220f0>
NCCCNCCCCNCCCN,6.334616045933217e-05,000071-44-3,Spermine,0,0,<rdkit.Chem.rdchem.Mol object at 0x7f6fbc5222d0>
N[C@@H](CO)C(=O)O,1.3612967677545385e-06,000056-45-1,Serine,0,0,<rdkit.Chem.rdchem.Mol object at 0x7f6fbc5221b0>
N[C@@H](Cc1ccc(O)cc1)C(=O)O,4.845877265324816e-05,000060-18-4,Tyrosine,0,0,<rdkit.Chem.rdchem.Mol object at 0x7f6fbc522210>
N[C@@H](CSSC[C@H](N)C(=O)O)C(=O)O,5.140955181559548e-06,000056-89-3,Cystine,0,0,<rdkit.Chem.rdchem.Mol object at 0x7f6fbc522750>
CN(CC(=O)O)C(=N)N,2.8710992410196923e-06,000057-00-1,Creatine,0,0,<rdkit.Chem.rdchem.Mol object at 0x7f6fbc522b10>
CC(C)C[C@@H](N)C(=O)O,1.829683969845064e-05,000061-90-5,Leucine,0,0,<rdkit.Chem.rdchem.Mol object at 0x7f6fbc522270>
C=C1CC[C@H](O)C/C1=C/C=C1\CCC[C@]2(C)[C@@H]([C@H](C)/C=C/[C@H](C)C(C)C)CC[C@@H]12,0.9041587114334106,000050-14-6,Ergocalciferol,0,1,<rdkit.Chem.rdchem.Mol object at 0x7f6fbc522330>
C[C@@H](O)[C@H](N)C(=O)O,3.807409711953369e-06,000072-19-5,Threonine,0,0,<rdkit.Chem.rdchem.Mol object at 0x7f6fbc522570>
C[C@@H](N)C(=O)O,3.927887519239448e-06,000056-41-7,Alanine,0,0,<rdkit.Chem.rdchem.Mol object at 0x7f6fb788c6f0>
CC(C)[C@@H](N)C(=O)O,1.6606161807430908e-05,000072-18-4,Valine,0,0,<rdkit.Chem.rdchem.Mol object at 0x7f6fb788c2d0>
C=C1CC[C@H](O)C/C1=C/C=C1\CCC[C@]2(C)[C@@H]([C@H](C)CCCC(C)C)CC[C@@H]12,0.842140793800354,000067-97-0,Cholecalciferol,0,1,<rdkit.Chem.rdchem.Mol object at 0x7f6fb788c930>
CC1=CC(=O)c2ccccc2C1=O,0.0013412922853603,000058-27-5,Menadione,0,0,<rdkit.Chem.rdchem.Mol object at 0x7f6fbc1680f0>
O=C(O)[C@@H]1CCCN1,1.4044034287508111e-05,000147-85-3,Proline,0,0,<rdkit.Chem.rdchem.Mol object at 0x7f6fbc168210>
Nc1ncnc2nc[nH]c12,0.0001816063886508,000073-24-5,Adenine,0,0,<rdkit.Chem.rdchem.Mol object at 0x7f6fbc168e70>
COCCCC/C(=N\OCCN)c1ccc(C(F)(F)F)cc1,0.0239718221127986,054739-18-3,Fluvoxamine,0,0,<rdkit.Chem.rdchem.Mol object at 0x7f6fbc168810>
NCC(CC(=O)O)c1ccc(Cl)cc1,0.0024319121148437,001134-47-0,Baclofen,0,0,<rdkit.Chem.rdchem.Mol object at 0x7f6fbc1685d0>
CC(N)Cc1ccccc1,0.0041966624557971,000300-62-9,Amphetamine,0,0,<rdkit.Chem.rdchem.Mol object at 0x7f6fbc168c90>
C#CC(O)(/C=C/Cl)CC,0.0008066403679549,000113-18-8,Ethchlorvynol,0,0,<rdkit.Chem.rdchem.Mol object at 0x7f6fbc168e10>
CC(C)(N)Cc1ccccc1,0.0105459550395607,000122-09-8,Phentermine,0,0,<rdkit.Chem.rdchem.Mol object at 0x7f6fbc168ed0>
COc1cccc(C2(O)CCCCC2CN(C)C)c1,0.215700477361679,027203-92-5,Tramadol,0,0,<rdkit.Chem.rdchem.Mol object at 0x7f6fbc513a50>
CC[C@H]1OC(=O)[C@H](C)[C@@H](O[C@H]2C[C@@](C)(OC)[C@@H](O)[C@H](C)O2)[C@H](C)[C@@H](O[C@@H]2O[C@H](C)C[C@H](N(C)C)[C@H]2O)[C@](C)(O)C[C@@H](C)C(=O)[C@H](C)[C@@H](O)[C@]1(C)O,0.1058878228068351,000114-07-8,Erythromycin,0,0,<rdkit.Chem.rdchem.Mol object at 0x7f6fbc513f30>
CCc1nc(N)nc(N)c1-c1ccc(Cl)cc1,0.1093788146972656,000058-14-0,Pyrimethamine,0,0,<rdkit.Chem.rdchem.Mol object at 0x7f6fbc513cf0>
CC[C@H](C)C(=O)O[C@H]1C[C@@H](C)C=C2C=C[C@H](C)[C@H](CC[C@@H]3C[C@@H](O)CC(=O)O3)[C@H]21,0.0782998204231262,075330-75-5,Lovastatin,0,0,<rdkit.Chem.rdchem.Mol object at 0x7f6fbc513630>
CC(C)C[C@H](CN)CC(=O)O,4.009285112260841e-05,148553-50-8,Pregabalin,0,0,<rdkit.Chem.rdchem.Mol object at 0x7f6fbc513c90>
O=C(CCBr)N1CCN(C(=O)CCBr)CC1,0.0821355059742927,000054-91-1,Pipobroman,0,0,<rdkit.Chem.rdchem.Mol object at 0x7f6fbc513ab0>
Nc1ccc(S(N)(=O)=O)cc1,0.0001734505058266,000063-74-1,Sulfanilamide,0,0,<rdkit.Chem.rdchem.Mol object at 0x7f6fbc5139f0>
Cc1noc(NS(=O)(=O)c2ccc(N)cc2)c1C,0.0022215754725039,000127-69-5,Sulfisoxazole,0,0,<rdkit.Chem.rdchem.Mol object at 0x7f6fbc513db0>
CC=CC(=O)N(CC)c1ccccc1C,0.0100380051881074,000483-63-6,Crotamiton,0,0,<rdkit.Chem.rdchem.Mol object at 0x7f6fbc513bd0>
COC(=O)C1=C(C)NC(C)=C(C(=O)OC(C)C)C1c1cccc2nonc12,0.0760097950696945,075695-93-1,Isradipine,0,0,<rdkit.Chem.rdchem.Mol object at 0x7f6fbc513b70>
NCCc1ccn[nH]1,0.0002340244536753,000105-20-4,Betazole,0,0,<rdkit.Chem.rdchem.Mol object at 0x7f6fbc59c750>
COc1ccc(C(CN(C)C)C2(O)CCCCC2)cc1,0.2821924984455108,093413-69-5,Venlafaxine,0,0,<rdkit.Chem.rdchem.Mol object at 0x7f6fbc59c870>
O=C(O)CCCc1ccc(N(CCCl)CCCl)cc1,0.0363423004746437,000305-03-3,Chlorambucil,0,0,<rdkit.Chem.rdchem.Mol object at 0x7f6fbc59c3f0>
CCOC(=O)c1cncn1[C@H](C)c1ccccc1,0.0071974974125623,033125-97-2,Etomidate,0,0,<rdkit.Chem.rdchem.Mol object at 0x7f6fbc59cf30>
CN1CC[C@]23c4c5ccc(O)c4O[C@H]2[C@@H](O)C=C[C@H]3[C@H]1C5,0.6402760148048401,000057-27-2,Morphine,0,1,<rdkit.Chem.rdchem.Mol object at 0x7f6fbc59c1b0>
CCOc1ccc2nc(S(N)(=O)=O)sc2c1,0.0024334164336323,000452-35-7,Ethoxzolamide,0,0,<rdkit.Chem.rdchem.Mol object at 0x7f6fbc59c990>
COc1ccc2c3c1O[C@H]1[C@@H](O)C=C[C@H]4[C@@H](C2)N(C)CC[C@@]341,0.9506793022155762,000076-57-3,Codeine,0,1,<rdkit.Chem.rdchem.Mol object at 0x7f6fbc59c0f0>
CN(C)CCC=C1c2ccccc2CCc2ccccc21,0.589525580406189,000050-48-6,Amitriptyline,0,1,<rdkit.Chem.rdchem.Mol object at 0x7f6fbc59c390>
CN1CC[C@]23c4c5ccc(O)c4O[C@H]2C(=O)CC[C@H]3[C@H]1C5,0.8170998096466064,000466-99-9,Hydromorphone,0,1,<rdkit.Chem.rdchem.Mol object at 0x7f6fbc59c7b0>
CCC(=O)C(CC(C)N(C)C)(c1ccccc1)c1ccccc1,0.6544556021690369,000076-99-3,Methadone,0,1,<rdkit.Chem.rdchem.Mol object at 0x7f6fbc59c2d0>
Cc1cc2c(s1)Nc1ccccc1N=C2N1CCN(C)CC1,0.4644930064678192,132539-06-1,Olanzapine,0,0,<rdkit.Chem.rdchem.Mol object at 0x7f6fbc59ced0>
COc1ccc([C@@H]2Sc3ccccc3N(CCN(C)C)C(=O)[C@@H]2OC(C)=O)cc1,0.8719860911369324,042399-41-7,Diltiazem,0,1,<rdkit.Chem.rdchem.Mol object at 0x7f6fbc2951b0>
CNCCCC1c2ccccc2C=Cc2ccccc21,0.3067552745342254,000438-60-8,Protriptyline,0,0,<rdkit.Chem.rdchem.Mol object at 0x7f6fbc295210>
CN1C(=O)OC(C)(C)C1=O,0.0013181989779695,000127-48-0,Trimethadione,0,0,<rdkit.Chem.rdchem.Mol object at 0x7f6fbc295030>
Nc1cc(N2CCCCC2)nc(N)[n+]1[O-],0.0060809077695012,038304-91-5,Minoxidil,0,0,<rdkit.Chem.rdchem.Mol object at 0x7f6fbc295330>
CC(=O)O[C@]1(C(C)=O)CC[C@H]2[C@@H]3C=C(C)C4=CC(=O)CC[C@]4(C)[C@H]3CC[C@@]21C,0.9587522149086,000595-33-5,Megestrol acetate,0,1,<rdkit.Chem.rdchem.Mol object at 0x7f6fbc295150>
CN1CCN(C2=Nc3cc(Cl)ccc3Nc3ccccc32)CC1,0.7160623669624329,005786-21-0,Clozapine,0,1,<rdkit.Chem.rdchem.Mol object at 0x7f6fbc295390>
CN(C)CCOC(C)(c1ccccc1)c1ccccn1,0.1369818300008773,000469-21-6,Doxylamine,0,0,<rdkit.Chem.rdchem.Mol object at 0x7f6fbc2950f0>
OC(CCN1CCCCC1)(c1ccccc1)C1CCCCC1,0.6256290078163147,000144-11-6,Trihexyphenidyl,0,1,<rdkit.Chem.rdchem.Mol object at 0x7f6fbc295090>
Cc1cccc(C)c1OCC(C)N,0.017745116725564,031828-71-4,Mexiletine,0,0,<rdkit.Chem.rdchem.Mol object at 0x7f6fbc295570>
Nc1c2c(nc3ccccc13)CCCC2,0.2012038230895996,000321-64-2,Tacrine,0,0,<rdkit.Chem.rdchem.Mol object at 0x7f6fbc0abe10>
CN1CCCN=C1COC(=O)C(O)(c1ccccc1)C1CCCCC1,0.0761577188968658,000125-53-1,Oxyphencyclimine,0,0,<rdkit.Chem.rdchem.Mol object at 0x7f6fbc0ab0f0>
Nc1nc(N)c2nc(-c3ccccc3)c(N)nc2n1,0.0087074609473347,000396-01-0,Triamterene,0,0,<rdkit.Chem.rdchem.Mol object at 0x7f6fbc0abb70>
OC(CCN1CCCC1)(c1ccccc1)C1CCCCC1,0.5106660723686218,000077-37-2,Procyclidine,0,1,<rdkit.Chem.rdchem.Mol object at 0x7f6fbc0abb10>
CNC[C@H](O)c1cccc(O)c1,0.0002640336169861,000059-42-7,Phenylephrine,0,0,<rdkit.Chem.rdchem.Mol object at 0x7f6fb7974b10>
CCOC(=O)n1ccn(C)c1=S,0.0011394378961995,022232-54-8,Carbimazole,0,0,<rdkit.Chem.rdchem.Mol object at 0x7f6fb79742d0>
COCCOC(=O)C1=C(C)NC(C)=C(C(=O)OC(C)C)C1c1cccc([N+](=O)[O-])c1,0.0989063531160354,066085-59-4,Nimodipine,0,0,<rdkit.Chem.rdchem.Mol object at 0x7f6fb79744b0>
CC(=O)[C@H]1CC[C@H]2[C@@H]3CCC4=CC(=O)CC[C@]4(C)[C@H]3CC[C@]12C,0.8515427112579346,000057-83-0,Progesterone,0,1,<rdkit.Chem.rdchem.Mol object at 0x7f6fb7974870>
COC1=CC(=O)C[C@@H](C)[C@]12Oc1c(Cl)c(OC)cc(OC)c1C2=O,0.7463609576225281,000126-07-8,Griseofulvin,0,1,<rdkit.Chem.rdchem.Mol object at 0x7f6fb7974f30>
COC(=O)C1=C(C)NC(C)=C(C(=O)OCC(C)C)C1c1ccccc1[N+](=O)[O-],0.112648494541645,063675-72-9,Nisoldipine,0,0,<rdkit.Chem.rdchem.Mol object at 0x7f6fb7974bd0>
CN(C)CCCN1c2ccccc2Sc2ccccc21,0.7343286871910095,000058-40-2,Promazine,0,1,<rdkit.Chem.rdchem.Mol object at 0x7f6fb7960ed0>
CC(=O)S[C@@H]1CC2=CC(=O)CC[C@]2(C)[C@H]2CC[C@@]3(C)[C@@H](CC[C@@]34CCC(=O)O4)[C@H]12,0.9818723797798156,000052-01-7,Spironolactone,0,1,<rdkit.Chem.rdchem.Mol object at 0x7f6fb7960810>
COC(=O)C(c1ccccc1)C1CCCCN1,0.0080469129607081,000113-45-1,Methylphenidate,0,0,<rdkit.Chem.rdchem.Mol object at 0x7f6fb7960750>
CN1[C@@H]2CC[C@H]1C[C@@H](OC(=O)[C@H](CO)c1ccccc1)C2,0.0599608607590198,000101-31-5,Hyoscyamine,0,0,<rdkit.Chem.rdchem.Mol object at 0x7f6fb7960f30>
Cc1ccc(/C(=C\CN2CCCC2)c2ccccn2)cc1,0.1280204504728317,000486-12-4,Triprolidine,0,0,<rdkit.Chem.rdchem.Mol object at 0x7f6fbc0a8bd0>
C[C@H]1C[C@H]2[C@@H]3CCC4=CC(=O)C=C[C@]4(C)[C@@]3(F)[C@@H](O)C[C@]2(C)[C@@]1(O)C(=O)CO,0.8373112678527832,000378-44-9,Betamethasone,0,1,<rdkit.Chem.rdchem.Mol object at 0x7f6fbc0a8330>
O=C(N[C@H](CO)[C@H](O)c1ccc([N+](=O)[O-])cc1)C(Cl)Cl,0.0046473485417664,000056-75-7,Chloramphenicol,0,0,<rdkit.Chem.rdchem.Mol object at 0x7f6fbc0a8db0>
CCOC(=O)C1(c2ccccc2)CCN(C)CC1,0.1960580199956894,000057-42-1,Meperidine,0,0,<rdkit.Chem.rdchem.Mol object at 0x7f6fbc0a86f0>
CN(C)CCCN1c2ccccc2CCc2ccccc21,0.7173468470573425,000050-49-7,Imipramine,0,1,<rdkit.Chem.rdchem.Mol object at 0x7f6fbc0a8870>
COc1ccc2cc(CCC(C)=O)ccc2c1,0.0360848791897296,042924-53-8,Nabumetone,0,0,<rdkit.Chem.rdchem.Mol object at 0x7f6fbc0a82d0>
C=C[C@H]1C[N@@]2CC[C@H]1C[C@H]2[C@H](O)c1ccnc2ccc(OC)cc12,0.6584402918815613,000130-95-0,Quinine,0,1,<rdkit.Chem.rdchem.Mol object at 0x7f6fbc2ac090>
CC(CNC1CCCCC1)OC(=O)c1ccccc1,0.0034503526985645,000532-77-4,Hexylcaine,0,0,<rdkit.Chem.rdchem.Mol object at 0x7f6fbc2ac510>
CN(C)CCCN1c2ccccc2Sc2ccc(Cl)cc21,0.92529296875,000050-53-3,Chlorpromazine,1,1,<rdkit.Chem.rdchem.Mol object at 0x7f6fbc2ac2d0>
CN(C)c1nc(N(C)C)nc(N(C)C)n1,0.0076936814002692,000645-05-6,Altretamine,0,0,<rdkit.Chem.rdchem.Mol object at 0x7f6fbc2ac150>
CC(C)NCC(O)c1ccc(NS(C)(=O)=O)cc1,0.0004344861372373,003930-20-9,Sotalol,0,0,<rdkit.Chem.rdchem.Mol object at 0x7f6fbc151150>
O=C1CC2(CCCC2)CC(=O)N1CCCCN1CCN(c2ncccn2)CC1,0.7743725776672363,036505-84-7,Buspirone,0,1,<rdkit.Chem.rdchem.Mol object at 0x7f6fbc151db0>
COc1ccc2c3c1O[C@H]1C(=O)CC[C@@]4(O)[C@@H](C2)N(C)CC[C@]314,0.9764311909675598,000076-42-6,Oxycodone,0,1,<rdkit.Chem.rdchem.Mol object at 0x7f6fbc151330>
O=C1c2ccccc2C(=O)C1c1ccccc1,0.0384109020233154,000083-12-5,Phenindione,0,0,<rdkit.Chem.rdchem.Mol object at 0x7f6fbc151810>
Cc1ccc(C(=O)c2ccc(CC(=O)O)n2C)cc1,0.005719487555325,026171-23-3,Tolmetin,0,0,<rdkit.Chem.rdchem.Mol object at 0x7f6fbc151450>
CN/C(=N/C#N)NCCSCc1nc[nH]c1C,0.0011767772957682,051481-61-9,Cimetidine,0,0,<rdkit.Chem.rdchem.Mol object at 0x7f6fbc151510>
C=CCN1CC[C@]23CCCC[C@H]2[C@H]1Cc1ccc(O)cc13,0.8140312433242798,000152-02-3,Levallorphan,0,1,<rdkit.Chem.rdchem.Mol object at 0x7f6fbc151e70>
NCCCCCC(=O)O,3.8002056044206256e-06,000060-32-2,Aminocaproic acid,0,0,<rdkit.Chem.rdchem.Mol object at 0x7f6fb796b9f0>
COc1ccc2c(c1)[C@]13CCCC[C@@H]1[C@H](C2)N(C)CC3,0.9877896308898926,000125-71-3,Dextromethorphan,0,1,<rdkit.Chem.rdchem.Mol object at 0x7f6fb796b5d0>
Cc1ccccc1N1C(=O)c2cc(S(N)(=O)=O)c(Cl)cc2NC1C,0.4349027574062347,017560-51-9,Metolazone,0,0,<rdkit.Chem.rdchem.Mol object at 0x7f6fb796bd50>
Cc1cccc(N(C)C(=S)Oc2ccc3ccccc3c2)c1,0.829613447189331,002398-96-1,Tolnaftate,1,1,<rdkit.Chem.rdchem.Mol object at 0x7f6fbc263b10>
O=P1(N(CCCl)CCCl)NCCCO1,0.0157294087111949,000050-18-0,Cyclophosphamide,0,0,<rdkit.Chem.rdchem.Mol object at 0x7f6fbc2631b0>
O=C(O)c1cn(C2CC2)c2cc(N3CCNCC3)c(F)cc2c1=O,0.1261516809463501,085721-33-1,Ciprofloxacin,0,0,<rdkit.Chem.rdchem.Mol object at 0x7f6fbc2636f0>
CNCCC=C1c2ccccc2CCc2ccccc21,0.4386506676673889,000072-69-5,Nortriptyline,0,0,<rdkit.Chem.rdchem.Mol object at 0x7f6fbc263f90>
Clc1ccc2c(c1)C(N1CCNCC1)=Nc1ccccc1O2,0.4262732863426208,014028-44-5,Amoxapine,0,0,<rdkit.Chem.rdchem.Mol object at 0x7f6fbc263db0>
CC(=O)NO,4.569912562146783e-06,000546-88-3,Acetohydroxamic acid,0,0,<rdkit.Chem.rdchem.Mol object at 0x7f6fb796d810>
COc1c2occc2cc2ccc(=O)oc12,0.0429807901382446,000298-81-7,Methoxsalen,0,0,<rdkit.Chem.rdchem.Mol object at 0x7f6fb796d630>
CN1C(C(=O)Nc2ccccn2)=C(O)c2ccccc2S1(=O)=O,0.003737511113286,036322-90-4,Piroxicam,0,0,<rdkit.Chem.rdchem.Mol object at 0x7f6fb796db10>
Nc1nnc(-c2cccc(Cl)c2Cl)c(N)n1,0.067829929292202,084057-84-1,Lamotrigine,0,0,<rdkit.Chem.rdchem.Mol object at 0x7f6fb796dc90>
OCCOCCN1CCN(C(c2ccccc2)c2ccc(Cl)cc2)CC1,0.8225196599960327,000068-88-2,Hydroxyzine,0,1,<rdkit.Chem.rdchem.Mol object at 0x7f6fb7969c30>
NS(=O)(=O)c1cc2c(cc1Cl)N=C(CSCc1ccccc1)NS2(=O)=O,0.0782434418797493,000091-33-8,Benzthiazide,0,0,<rdkit.Chem.rdchem.Mol object at 0x7f6fb7969d50>
CN(Cc1cnc2nc(=N)[nH]c(N)c2n1)c1ccc(C(=O)N[C@@H](CCC(=O)O)C(=O)O)cc1,0.0023817545734345,000059-05-2,Methotrexate,0,0,<rdkit.Chem.rdchem.Mol object at 0x7f6fb7969ed0>
C(=C/c1ccccc1)\CN1CCN(C(c2ccccc2)c2ccccc2)CC1,0.849677562713623,000298-57-7,Cinnarizine,1,1,<rdkit.Chem.rdchem.Mol object at 0x7f6fb7969810>
CC(C)NCC(O)COc1cccc2ccccc12,0.0135328993201255,000525-66-6,Propranolol,0,0,<rdkit.Chem.rdchem.Mol object at 0x7f6fb7969870>
CN1[C@@H]2CC[C@H]1C[C@@H](OC(=O)C(CO)c1ccccc1)C2,0.056391667574644,000051-55-8,Atropine,0,0,<rdkit.Chem.rdchem.Mol object at 0x7f6fb79699f0>
CCNC(C)Cc1cccc(C(F)(F)F)c1,0.1424858123064041,000458-24-2,Fenfluramine,0,0,<rdkit.Chem.rdchem.Mol object at 0x7f6fb7969630>
Clc1cccc(Cl)c1NC1=NCCN1,0.0377091318368911,004205-90-7,Clonidine,0,0,<rdkit.Chem.rdchem.Mol object at 0x7f6fb79694b0>
OC1(c2ccc(Cl)cc2)c2ccccc2C2=NCCN21,0.7353837490081787,022232-71-9,Mazindol,0,1,<rdkit.Chem.rdchem.Mol object at 0x7f6fbc247e10>
C1CNCCN1,0.0001456607715226,000110-85-0,Piperazine,0,0,<rdkit.Chem.rdchem.Mol object at 0x7f6fbc247210>
Oc1ccc(OCc2ccccc2)cc1,0.0047849812544882,000103-16-2,Monobenzone,0,0,<rdkit.Chem.rdchem.Mol object at 0x7f6fbc247c90>
CC(=O)O[C@]1(C(C)=O)CC[C@H]2[C@@H]3C[C@H](C)C4=CC(=O)CC[C@]4(C)[C@H]3CC[C@@]21C,0.9666033387184144,000071-58-9,Medroxyprogesterone acetate,0,1,<rdkit.Chem.rdchem.Mol object at 0x7f6fbc247db0>
NS(=O)(=O)c1cc2c(cc1Cl)NC(C1CC3C=CC1C3)NS2(=O)=O,0.1411985903978347,002259-96-3,Cyclothiazide,0,0,<rdkit.Chem.rdchem.Mol object at 0x7f6fbc2478d0>
CCN(CC)CCCC(C)Nc1ccnc2cc(Cl)ccc12,0.2616086900234222,000054-05-7,Chloroquine,0,0,<rdkit.Chem.rdchem.Mol object at 0x7f6fbc247090>
CC(C)NCC(O)COc1ccc(COCCOC(C)C)cc1,0.0064335959032177,066722-44-9,Bisoprolol,0,0,<rdkit.Chem.rdchem.Mol object at 0x7f6fbc247f30>
O=C1OCCN1/N=C/c1ccc([N+](=O)[O-])o1,6.839175330242142e-05,000067-45-8,Furazolidone,0,0,<rdkit.Chem.rdchem.Mol object at 0x7f6fbc247510>
CCC1(C)OC(=O)N(C)C1=O,0.0021853153593838,000115-67-3,Paramethadione,0,0,<rdkit.Chem.rdchem.Mol object at 0x7f6fbc2479f0>
C[C@]12C=CC(=O)C=C1CC[C@H]1[C@@H]3C[C@@H](O)[C@](O)(C(=O)CO)[C@@]3(C)C[C@H](O)[C@@]12F,0.7016422748565674,000124-94-7,Triamcinolone,0,1,<rdkit.Chem.rdchem.Mol object at 0x7f6fbc247810>
C[C@]12COC(=O)C[C@@H]1CC[C@@H]1[C@@H]2CC[C@@]2(C)[C@H]1CC[C@]2(C)O,0.9093843698501588,000053-39-4,Oxandrolone,0,1,<rdkit.Chem.rdchem.Mol object at 0x7f6fbc2477b0>
C[C@]12CC[C@H]3[C@@H](CCC4=CC(=O)CC[C@@]43C)[C@@H]1CC[C@@H]2O,0.7507200837135315,000058-22-0,Testosterone,0,1,<rdkit.Chem.rdchem.Mol object at 0x7f6fbc2472d0>
C[C@]12C=CC(=O)C=C1CC[C@@H]1[C@@H]2C(=O)C[C@@]2(C)[C@H]1CC[C@]2(O)C(=O)CO,0.2240678369998932,000053-03-2,Prednisone,0,0,<rdkit.Chem.rdchem.Mol object at 0x7f6fbc247570>
CCOC(=O)C(C)(C)Oc1ccc(Cl)cc1,0.0417933836579322,000637-07-0,Clofibrate,0,0,<rdkit.Chem.rdchem.Mol object at 0x7f6fbc247450>
CCC(C)(C)C(=O)O[C@H]1C[C@@H](C)C=C2C=C[C@H](C)[C@H](CC[C@@H]3C[C@@H](O)CC(=O)O3)[C@H]21,0.1596923470497131,079902-63-9,Simvastatin,0,0,<rdkit.Chem.rdchem.Mol object at 0x7f6fbc247cf0>
Cn1c(=O)c2c(ncn2CC(O)CO)n(C)c1=O,0.0004921759827993,000479-18-5,Dyphylline,0,0,<rdkit.Chem.rdchem.Mol object at 0x7f6fbc524ed0>
CC(C)=CCN1CCC2(C)c3cc(O)ccc3CC1C2C,0.5627487301826477,000359-83-1,Pentazocine,0,1,<rdkit.Chem.rdchem.Mol object at 0x7f6fbc524090>
O=c1n(CCCN2CCN(c3cccc(Cl)c3)CC2)nc2ccccn12,0.7471744418144226,019794-93-5,Trazodone,0,1,<rdkit.Chem.rdchem.Mol object at 0x7f6fbc5241b0>
COc1ccc(CCN(C)CCCC(C#N)(c2ccc(OC)c(OC)c2)C(C)C)cc1OC,0.9829455614089966,000052-53-9,Verapamil,0,1,<rdkit.Chem.rdchem.Mol object at 0x7f6fbc581b10>
CNC[C@H](O)c1ccc(O)c(O)c1,0.0001218914694618,000051-43-4,Epinephrine,0,0,<rdkit.Chem.rdchem.Mol object at 0x7f6fbc581ab0>
CNS(=O)(=O)Cc1ccc2[nH]cc(CCN(C)C)c2c1,0.006128576118499,103628-46-2,Sumatriptan,0,0,<rdkit.Chem.rdchem.Mol object at 0x7f6fbc581930>
CC(C)OP(=O)(F)OC(C)C,0.0010808226652443,000055-91-4,Isoflurophate,0,0,<rdkit.Chem.rdchem.Mol object at 0x7f6fbc581a50>
CC(=O)CC(c1ccccc1)c1c(O)c2ccccc2oc1=O,0.0394088327884674,000081-81-2,Warfarin,0,0,<rdkit.Chem.rdchem.Mol object at 0x7f6fbc5819f0>
CN1C[C@H](C(=O)N[C@]2(C)O[C@@]3(O)[C@@H]4CCCN4C(=O)[C@H](Cc4ccccc4)N3C2=O)C=C2c3cccc4[nH]cc(c34)C[C@H]21,0.9765996336936952,000113-15-5,Ergotamine,0,1,<rdkit.Chem.rdchem.Mol object at 0x7f6fbc581990>
CC(=O)/N=c1/sc(S(N)(=O)=O)nn1C,2.650520036695525e-05,000554-57-4,Methazolamide,0,0,<rdkit.Chem.rdchem.Mol object at 0x7f6fbc5812d0>
O=C1CC[C@@]2(O)[C@H]3Cc4ccc(O)c5c4[C@@]2(CCN3CC2CC2)[C@H]1O5,0.8975212574005127,016590-41-3,Naltrexone,0,1,<rdkit.Chem.rdchem.Mol object at 0x7f6fbc5813f0>
CCC(=O)N(c1ccccc1)C1(COC)CCN(CCc2cccs2)CC1,0.9722965359687804,056030-54-7,Sufentanil,0,1,<rdkit.Chem.rdchem.Mol object at 0x7f6fbc581270>
CC(C(=O)O)c1ccc(-c2ccccc2)c(F)c1,0.0462540760636329,005104-49-4,Flurbiprofen,0,0,<rdkit.Chem.rdchem.Mol object at 0x7f6fbc581150>
Fc1ccc([C@@H]2CCNC[C@H]2COc2ccc3c(c2)OCO3)cc1,0.8463250398635864,061869-08-7,Paroxetine,0,1,<rdkit.Chem.rdchem.Mol object at 0x7f6fbc581390>
CN1CCC(=C2c3ccccc3CCc3cccnc32)CC1,0.869226336479187,003964-81-6,Azatadine,0,1,<rdkit.Chem.rdchem.Mol object at 0x7f6fbc581330>
CCN(CC)CCOC(=O)c1ccc(N)cc1,0.0015377033269032,000059-46-1,Procaine,0,0,<rdkit.Chem.rdchem.Mol object at 0x7f6fbc5811b0>
COc1ccc(OC)c(C(O)C(C)N)c1,0.0060479580424726,000390-28-3,Methoxamine,0,0,<rdkit.Chem.rdchem.Mol object at 0x7f6fbc581210>
c1ccc2[nH]c(-c3cscn3)nc2c1,0.0042940573766827,000148-79-8,Thiabendazole,0,0,<rdkit.Chem.rdchem.Mol object at 0x7f6fbc5810f0>
C[C@]12CCC(=O)C=C1CC[C@@H]1[C@@H]2[C@@H](O)C[C@@]2(C)[C@H]1CC[C@]2(O)C(=O)CO,0.3468775451183319,000050-23-7,Hydrocortisone,0,0,<rdkit.Chem.rdchem.Mol object at 0x7f6fbc5814b0>
CN1[C@@H]2C[C@@H](OC(=O)[C@H](CO)c3ccccc3)C[C@H]1[C@@H]1O[C@@H]12,0.0983454212546348,000051-34-3,Scopolamine,0,0,<rdkit.Chem.rdchem.Mol object at 0x7f6fbc581450>
CCCNC(C)C(=O)Nc1ccccc1C,0.0024187555536627,000721-50-6,Prilocaine,0,0,<rdkit.Chem.rdchem.Mol object at 0x7f6fbc581510>
NC1CC1c1ccccc1,0.0652846470475196,000155-09-9,Tranylcypromine,0,0,<rdkit.Chem.rdchem.Mol object at 0x7f6fbc581570>
Oc1c(Cl)cc(Cl)c(Cl)c1Cc1c(O)c(Cl)cc(Cl)c1Cl,0.9824758768081664,000070-30-4,Hexachlorophene,1,1,<rdkit.Chem.rdchem.Mol object at 0x7f6fbc5815d0>
CCN(CC)C(=O)C1CN2CCc3cc(OC)c(OC)cc3C2CC1OC(C)=O,0.7835737466812134,000063-12-7,Benzquinamide,0,1,<rdkit.Chem.rdchem.Mol object at 0x7f6fbc581630>
CCN(CC)CC(=O)OCC(=O)[C@@]1(O)CC[C@H]2[C@@H]3CCC4=CC(=O)CC[C@]4(C)[C@H]3[C@@H](O)C[C@@]21C,0.6645700335502625,000076-47-1,Hydrocortamate,0,1,<rdkit.Chem.rdchem.Mol object at 0x7f6fbc581690>
CCOC(=O)CC(SP(=S)(OC)OC)C(=O)OCC,0.0005741523928008,000121-75-5,Malathion,0,0,<rdkit.Chem.rdchem.Mol object at 0x7f6fbc5816f0>
CCC(=O)c1ccc2c(c1)N(CC(C)N(C)C)c1ccccc1S2,0.7520224452018738,000362-29-8,Propiomazine,0,1,<rdkit.Chem.rdchem.Mol object at 0x7f6fbc581750>
NNCCc1ccccc1,0.0020421086810529,000051-71-8,Phenelzine,0,0,<rdkit.Chem.rdchem.Mol object at 0x7f6fbc5817b0>
C[C@]12CC[C@@H]3c4ccc(O)cc4CC[C@H]3[C@@H]1CC[C@@H]2O,0.5254574418067932,000050-28-2,Estradiol,0,1,<rdkit.Chem.rdchem.Mol object at 0x7f6fbc581810>
COc1ccc2cc([C@H](C)C(=O)O)ccc2c1,0.0093822320923209,022204-53-1,Naproxen,0,0,<rdkit.Chem.rdchem.Mol object at 0x7f6fbc581870>
CN(C)CCN(Cc1ccccc1)c1ccccn1,0.068899855017662,000091-81-6,Tripelennamine,0,0,<rdkit.Chem.rdchem.Mol object at 0x7f6fbc5818d0>
CCC1(c2ccccc2)C(=O)NCNC1=O,0.0111704496666789,000125-33-7,Primidone,0,0,<rdkit.Chem.rdchem.Mol object at 0x7f6fbc581b70>
CC(=O)CCCCn1c(=O)c2c(ncn2C)n(C)c1=O,0.0008401093073189,006493-05-6,Pentoxifylline,0,0,<rdkit.Chem.rdchem.Mol object at 0x7f6fbc581bd0>
CCN(Cc1ccncc1)C(=O)C(CO)c1ccccc1,0.0157863236963748,001508-75-4,Tropicamide,0,0,<rdkit.Chem.rdchem.Mol object at 0x7f6fbc581c30>
OC(CCN1CCCCC1)(c1ccccc1)C1CC2C=CC1C2,0.7759498357772827,000514-65-8,Biperiden,0,1,<rdkit.Chem.rdchem.Mol object at 0x7f6fbc581c90>
CCCCC1C(=O)N(c2ccccc2)N(c2ccccc2)C1=O,0.2383650094270706,000050-33-9,Phenylbutazone,0,0,<rdkit.Chem.rdchem.Mol object at 0x7f6fbc581cf0>
CCC(=O)N(c1ccccc1)C1CCN(CCc2ccccc2)CC1,0.7686429619789124,000437-38-7,Fentanyl,0,1,<rdkit.Chem.rdchem.Mol object at 0x7f6fbc581d50>
CC(C)c1cccc(C(C)C)c1O,0.0156013453379273,002078-54-8,Propofol,0,0,<rdkit.Chem.rdchem.Mol object at 0x7f6fbc581db0>
CC(C)[C@@H]1CC[C@@H](C)C[C@H]1O,0.0038135228678584,002216-51-5,Levomenthol,0,0,<rdkit.Chem.rdchem.Mol object at 0x7f6fbc581e10>
CC1NCCOC1c1ccccc1,0.0136627852916717,000134-49-6,Phenmetrazine,0,0,<rdkit.Chem.rdchem.Mol object at 0x7f6fbc581e70>
CN1C(=O)CC(c2ccccc2)C1=O,0.0100695183500647,000086-34-0,Phensuximide,0,0,<rdkit.Chem.rdchem.Mol object at 0x7f6fbc581ed0>
CN(C)C(=O)C(CCN1CCC(O)(c2ccc(Cl)cc2)CC1)(c1ccccc1)c1ccccc1,0.9979021549224854,053179-11-6,Loperamide,1,1,<rdkit.Chem.rdchem.Mol object at 0x7f6fbc581f30>
OCCN1CCN(CCCN2c3ccccc3Sc3ccc(Cl)cc32)CC1,0.9791257381439208,000058-39-9,Perphenazine,0,1,<rdkit.Chem.rdchem.Mol object at 0x7f6fbc581f90>
CN[C@@H](C)[C@@H](O)c1ccccc1,0.0020012559834867,000090-82-4,Pseudoephedrine,0,0,<rdkit.Chem.rdchem.Mol object at 0x7f6f86fae030>
CN1CC[C@]23CCCC[C@H]2[C@H]1Cc1ccc(O)cc13,0.8604366779327393,000077-07-6,Levorphanol,0,1,<rdkit.Chem.rdchem.Mol object at 0x7f6f86fae090>
C[C@@H]1C[C@@]2(C)[C@@H](CC[C@@H]3[C@@H]2CC[C@]2(C)[C@@H](O)CC[C@@H]32)CC1=O,0.8298514485359192,000058-19-5,Drostanolone,0,1,<rdkit.Chem.rdchem.Mol object at 0x7f6f86fae0f0>
CC(C)(S)[C@@H](N)C(=O)O,1.4253944755182602e-05,000052-67-5,Penicillamine,0,0,<rdkit.Chem.rdchem.Mol object at 0x7f6f86fae150>
C[C@]12C=CC(=O)C=C1CC[C@@H]1[C@@H]2[C@@H](O)C[C@@]2(C)[C@H]1CC[C@]2(O)C(=O)CO,0.1307423561811447,000050-24-8,Prednisolone,0,0,<rdkit.Chem.rdchem.Mol object at 0x7f6f86fae1b0>
CNC(=C[N+](=O)[O-])NCCSCc1ccc(CN(C)C)o1,0.0007259421399794,066357-35-5,Ranitidine,0,0,<rdkit.Chem.rdchem.Mol object at 0x7f6f86fae210>
C[C@@H](Cc1ccccc1)N(C)Cc1ccccc1,0.1893938928842544,000156-08-1,Benzphetamine,0,0,<rdkit.Chem.rdchem.Mol object at 0x7f6f86fae270>
C=CCc1ccccc1OCC(O)CNC(C)C,0.0025117085315287,013655-52-2,Alprenolol,0,0,<rdkit.Chem.rdchem.Mol object at 0x7f6f86fae2d0>
COc1ccccc1OCC(O)CO,0.0005110605852678,000093-14-1,Guaifenesin,0,0,<rdkit.Chem.rdchem.Mol object at 0x7f6f86fae330>
NS(=O)(=O)c1cc2c(cc1Cl)NC=NS2(=O)=O,0.0003164613444823,000058-94-6,Chlorothiazide,0,0,<rdkit.Chem.rdchem.Mol object at 0x7f6f86fae390>
Nc1ccc(S(=O)(=O)Nc2ccccn2)cc1,0.000874335237313,000144-83-2,Sulfapyridine,0,0,<rdkit.Chem.rdchem.Mol object at 0x7f6f86fae3f0>
COC(=O)[C@H]1[C@@H](OC(=O)c2ccccc2)C[C@@H]2CC[C@H]1N2C,0.0522113144397735,000050-36-2,Cocaine,0,0,<rdkit.Chem.rdchem.Mol object at 0x7f6f86fae450>
C=C[C@H]1CN2CC[C@H]1C[C@@H]2[C@@H](O)c1ccnc2ccc(OC)cc12,0.637791633605957,000056-54-2,Quinidine,0,1,<rdkit.Chem.rdchem.Mol object at 0x7f6f86fae4b0>
NS(=O)(=O)Cc1noc2ccccc12,0.0001802163897082,068291-97-4,Zonisamide,0,0,<rdkit.Chem.rdchem.Mol object at 0x7f6f86fae510>
CCOC(=O)C1(c2ccccc2)CCN(CCc2ccc(N)cc2)CC1,0.8345543146133423,000144-14-9,Anileridine,0,1,<rdkit.Chem.rdchem.Mol object at 0x7f6f86fae570>
Cc1ncc([N+](=O)[O-])n1CCO,0.0004335752746555,000443-48-1,Metronidazole,0,0,<rdkit.Chem.rdchem.Mol object at 0x7f6f86fae5d0>
CO[C@]12CC[C@@]3(C[C@@H]1[C@](C)(O)C(C)(C)C)[C@H]1Cc4ccc(O)c5c4[C@@]3(CCN1CC1CC1)[C@H]2O5,0.9971517324447632,052485-79-7,Buprenorphine,0,1,<rdkit.Chem.rdchem.Mol object at 0x7f6f86fae630>
CNCCCC12CCC(c3ccccc31)c1ccccc12,0.9714985489845276,010262-69-8,Maprotiline,0,1,<rdkit.Chem.rdchem.Mol object at 0x7f6f86fae690>
Cc1cc(C(C)(C)C)c(O)c(C)c1CC1=NCCN1,0.0312400422990322,001491-59-4,Oxymetazoline,0,0,<rdkit.Chem.rdchem.Mol object at 0x7f6f86fae6f0>
CCN(CC)C(C)C(=O)c1ccccc1,0.0049048331566154,000090-84-6,Diethylpropion,0,0,<rdkit.Chem.rdchem.Mol object at 0x7f6f86fae750>
CCC(c1ccccc1)c1c(O)c2ccccc2oc1=O,0.1292693763971328,000435-97-2,Phenprocoumon,0,0,<rdkit.Chem.rdchem.Mol object at 0x7f6f86fae7b0>
NNC(=O)c1ccncc1,0.0001560711825732,000054-85-3,Isoniazid,0,0,<rdkit.Chem.rdchem.Mol object at 0x7f6f86fae810>
COc1ccc2c3c1O[C@H]1C(=O)CC[C@H]4[C@@H](C2)N(C)CC[C@]314,0.9815689325332642,000125-29-1,Hydrocodone,0,1,<rdkit.Chem.rdchem.Mol object at 0x7f6f86fae870>
C[C@H]1C[C@@H]2[C@H]([C@@H](O)C[C@@]3(C)[C@H]2CC[C@]3(O)C(=O)CO)[C@@]2(C)C=CC(=O)C=C12,0.1909129619598388,000083-43-2,Methylprednisolone,0,0,<rdkit.Chem.rdchem.Mol object at 0x7f6f86fae8d0>
CC(C)NCC(O)COc1cccc2[nH]ccc12,0.0018052326049655,013523-86-9,Pindolol,0,0,<rdkit.Chem.rdchem.Mol object at 0x7f6f86fae930>
OCCN(CCO)c1nc(N2CCCCC2)c2nc(N(CCO)CCO)nc(N3CCCCC3)c2n1,0.4069911241531372,000058-32-2,Dipyridamole,0,0,<rdkit.Chem.rdchem.Mol object at 0x7f6f86fae990>
CN(C)CCOC(=O)C(c1ccccc1)C1(O)CCCC1,0.0216353740543127,000512-15-2,Cyclopentolate,0,0,<rdkit.Chem.rdchem.Mol object at 0x7f6f86fae9f0>
NCCc1ccc(O)c(O)c1,0.0001893770968308,000051-61-6,Dopamine,0,0,<rdkit.Chem.rdchem.Mol object at 0x7f6f86faea50>
NS(=O)(=O)c1cc2c(cc1Cl)NCNS2(=O)=O,0.0023038336075842,000058-93-5,Hydrochlorothiazide,0,0,<rdkit.Chem.rdchem.Mol object at 0x7f6f86faeab0>
CC(C(=O)O)c1cccc(C(=O)c2ccccc2)c1,0.002669051522389,022071-15-4,Ketoprofen,0,0,<rdkit.Chem.rdchem.Mol object at 0x7f6f86faeb10>
CC(C)(C(=O)c1cccnc1)c1cccnc1,0.013078223913908,000054-36-4,Metyrapone,0,0,<rdkit.Chem.rdchem.Mol object at 0x7f6f86faeb70>
Cc1cc(NS(=O)(=O)c2ccc(N)cc2)no1,0.0005655901622958,000723-46-6,Sulfamethoxazole,0,0,<rdkit.Chem.rdchem.Mol object at 0x7f6f86faebd0>
NS(=O)(=O)c1cc2c(cc1Cl)NC(C(Cl)Cl)NS2(=O)=O,0.0204722750931978,000133-67-5,Trichlormethiazide,0,0,<rdkit.Chem.rdchem.Mol object at 0x7f6f86faec30>
CCOC(=O)C1=C(C)NC(C)=C(C(=O)OC)C1c1cccc(Cl)c1Cl,0.6674248576164246,072509-76-3,Felodipine,0,1,<rdkit.Chem.rdchem.Mol object at 0x7f6f86faec90>
COC(F)(F)C(Cl)Cl,0.1787643581628799,000076-38-0,Methoxyflurane,0,0,<rdkit.Chem.rdchem.Mol object at 0x7f6f86faecf0>
CCCN(CCC)S(=O)(=O)c1ccc(C(=O)O)cc1,0.0004051991272717,000057-66-9,Probenecid,0,0,<rdkit.Chem.rdchem.Mol object at 0x7f6f86faed50>
CCN(CC)CCNC(=O)c1ccc(N)cc1,0.001598362927325,000051-06-9,Procainamide,0,0,<rdkit.Chem.rdchem.Mol object at 0x7f6f86faedb0>
C#CCN(C)[C@H](C)Cc1ccccc1,0.0376393944025039,014611-51-9,Selegiline,0,0,<rdkit.Chem.rdchem.Mol object at 0x7f6f86faee10>
CC12CC3CC(C)(C1)CC(N)(C3)C2,0.9358991384506226,019982-08-2,Memantine,0,1,<rdkit.Chem.rdchem.Mol object at 0x7f6f86faee70>
CC(C)Cc1ccc(C(C)C(=O)O)cc1,0.0032070486340671,015687-27-1,Ibuprofen,0,0,<rdkit.Chem.rdchem.Mol object at 0x7f6f86faeed0>
CCOC(=O)C1=C(C)NC(C)=C(C(=O)OC)C1c1cccc([N+](=O)[O-])c1,0.0439421832561492,039562-70-4,Nitrendipine,0,0,<rdkit.Chem.rdchem.Mol object at 0x7f6f86faef30>
O=C(C1CCCCC1)N1CC(=O)N2CCc3ccccc3C2C1,0.6567087769508362,055268-74-1,Praziquantel,0,1,<rdkit.Chem.rdchem.Mol object at 0x7f6f86faef90>
CCn1cc(C(=O)O)c(=O)c2cc(F)c(N3CCNCC3)cc21,0.0382714048027992,070458-96-7,Norfloxacin,0,0,<rdkit.Chem.rdchem.Mol object at 0x7f6fb78b4030>
CC(=O)c1ccc2c(c1)N(CCCN1CCN(CCO)CC1)c1ccccc1S2,0.8390228748321533,002751-68-0,Acetophenazine,0,1,<rdkit.Chem.rdchem.Mol object at 0x7f6fb78b4090>
CC(CN1c2ccccc2Sc2ccccc21)N(C)C,0.8285455703735352,000060-87-7,Promethazine,0,1,<rdkit.Chem.rdchem.Mol object at 0x7f6fb78b40f0>
CCOC(=O)c1ccc(N)cc1,0.0007068048580549,000094-09-7,Benzocaine,0,0,<rdkit.Chem.rdchem.Mol object at 0x7f6fb78b4150>
COc1cc(NC(C)CCCN)c2ncccc2c1,0.013497413136065,000090-34-6,Primaquine,0,0,<rdkit.Chem.rdchem.Mol object at 0x7f6fb78b41b0>
COc1ccc([C@@H]2CC(=O)c3c(O)cc(O)cc3O2)cc1O,0.0014981261920183,000520-33-2,Hesperetin,0,0,<rdkit.Chem.rdchem.Mol object at 0x7f6fb78b4210>
CN[C@H]1CC[C@@H](c2ccc(Cl)c(Cl)c2)c2ccccc21,0.9809885621070862,079617-96-2,Sertraline,1,1,<rdkit.Chem.rdchem.Mol object at 0x7f6fb78b4270>
COC(=O)C1=C(C)NC(C)=C(C(=O)OC)C1c1ccccc1[N+](=O)[O-],0.0510805994272232,021829-25-4,Nifedipine,0,0,<rdkit.Chem.rdchem.Mol object at 0x7f6fb78b42d0>
CC1=NS(=O)(=O)c2cc(Cl)ccc2N1,0.0032220524735748,000364-98-7,Diazoxide,0,0,<rdkit.Chem.rdchem.Mol object at 0x7f6fb78b4330>
Nc1ccc2cc3ccc(N)cc3nc2c1,0.0451843030750751,000092-62-6,Proflavine,0,0,<rdkit.Chem.rdchem.Mol object at 0x7f6fb78b4390>
COc1ccc(C2C(=O)c3ccccc3C2=O)cc1,0.098353736102581,000117-37-3,Anisindione,0,0,<rdkit.Chem.rdchem.Mol object at 0x7f6fb78b43f0>
CN(C)CCC=C1c2ccccc2COc2ccccc21,0.3832585215568542,001668-19-5,Doxepin,0,0,<rdkit.Chem.rdchem.Mol object at 0x7f6fb78b4450>
Cc1c(-c2ccccc2)oc2c(C(=O)OCCN3CCCCC3)cccc2c1=O,0.7204729318618774,015301-69-6,Flavoxate,0,1,<rdkit.Chem.rdchem.Mol object at 0x7f6fb78b44b0>
CNCCCN1c2ccccc2CCc2ccccc21,0.547957181930542,000050-47-5,Desipramine,0,1,<rdkit.Chem.rdchem.Mol object at 0x7f6fb78b4510>
O=C(NCCN1CCOCC1)c1ccc(Cl)cc1,0.0347241796553134,071320-77-9,Moclobemide,0,0,<rdkit.Chem.rdchem.Mol object at 0x7f6fb78b4570>
Cc1ccccc1C(OCCN(C)C)c1ccccc1,0.2454720586538314,000083-98-7,Orphenadrine,0,0,<rdkit.Chem.rdchem.Mol object at 0x7f6fb78b45d0>
CN1CCN(C(c2ccccc2)c2ccccc2)CC1,0.4728931486606598,000082-92-8,Cyclizine,0,0,<rdkit.Chem.rdchem.Mol object at 0x7f6fb78b4630>
CN1C(=O)CCS(=O)(=O)C1c1ccc(Cl)cc1,0.0333735458552837,000080-77-3,Chlormezanone,0,0,<rdkit.Chem.rdchem.Mol object at 0x7f6fb78b4690>
CCCNCC(O)COc1ccccc1C(=O)CCc1ccccc1,0.0177510343492031,054063-53-5,Propafenone,0,0,<rdkit.Chem.rdchem.Mol object at 0x7f6fb78b46f0>
C[C@]1(O)CC[C@H]2[C@@H]3CCC4=CC(=O)CC[C@]4(C)[C@@]3(F)[C@@H](O)C[C@@]21C,0.9757120013237,000076-43-7,Fluoxymesterone,0,1,<rdkit.Chem.rdchem.Mol object at 0x7f6fb78b4750>
CN1CC[C@]23c4c5ccc(O)c4O[C@H]2C(=O)CC[C@@]3(O)[C@H]1C5,0.7853026986122131,000076-41-5,Oxymorphone,0,1,<rdkit.Chem.rdchem.Mol object at 0x7f6fb78b47b0>
C[C@H](CS)C(=O)N1CCC[C@H]1C(=O)O,0.0002167630154872,062571-86-2,Captopril,0,0,<rdkit.Chem.rdchem.Mol object at 0x7f6fb78b4810>
CC(C)(C)NCC(O)COc1cccc2c1C[C@H](O)[C@H](O)C2,0.0145579585805535,042200-33-9,Nadolol,0,0,<rdkit.Chem.rdchem.Mol object at 0x7f6fb78b4870>
CC(C)(C#N)c1cc(Cn2cncn2)cc(C(C)(C)C#N)c1,0.6238760948181152,120511-73-1,Anastrozole,0,1,<rdkit.Chem.rdchem.Mol object at 0x7f6fb78b48d0>
CCCC1O[C@@H]2C[C@H]3[C@@H]4CCC5=CC(=O)C=C[C@]5(C)[C@H]4[C@@H](O)C[C@]3(C)[C@]2(C(=O)CO)O1,0.6252925395965576,051333-22-3,Budesonide,0,1,<rdkit.Chem.rdchem.Mol object at 0x7f6fb78b4930>
OC(CCCN1CCCCC1)(c1ccccc1)c1ccccc1,0.5521103739738464,000972-02-1,Diphenidol,0,1,<rdkit.Chem.rdchem.Mol object at 0x7f6fb78b4990>
CCN(CC)CCNC(=O)c1cc(Cl)c(N)cc1OC,0.0676467269659042,000364-62-5,Metoclopramide,0,0,<rdkit.Chem.rdchem.Mol object at 0x7f6fb78b49f0>
C[C@@H]1C[C@H]2[C@@H]3CCC4=CC(=O)C=C[C@]4(C)[C@@]3(F)[C@@H](O)C[C@]2(C)[C@@]1(O)C(=O)CO,0.8390427827835083,000050-02-2,Dexamethasone,0,1,<rdkit.Chem.rdchem.Mol object at 0x7f6fb78b4a50>
N[C@@H](Cc1ccc(O)c(O)c1)C(=O)O,2.287869028805289e-05,000059-92-7,Levodopa,0,0,<rdkit.Chem.rdchem.Mol object at 0x7f6fb78b4ab0>
CN(C)CC/C=C1/c2ccccc2Sc2ccc(Cl)cc21,0.8806002140045166,000113-59-7,Chlorprothixene,1,1,<rdkit.Chem.rdchem.Mol object at 0x7f6fb78b4b10>
Cc1ccc(C)c(OCCCC(C)(C)C(=O)O)c1,0.0036437739618122,025812-30-0,Gemfibrozil,0,0,<rdkit.Chem.rdchem.Mol object at 0x7f6fb78b4b70>
CN(C)CCCN1c2ccccc2CCc2ccc(Cl)cc21,0.9477316737174988,000303-49-1,Clomipramine,1,1,<rdkit.Chem.rdchem.Mol object at 0x7f6fb78b4bd0>
Cc1cc(C(=O)NNCc2ccccc2)no1,0.001124266302213,000059-63-2,Isocarboxazid,0,0,<rdkit.Chem.rdchem.Mol object at 0x7f6fb78b4c30>
NNc1nncc2ccccc12,0.0018151425756514,000086-54-4,Hydralazine,0,0,<rdkit.Chem.rdchem.Mol object at 0x7f6fb78b4c90>
CCC1NC(=O)c2cc(S(N)(=O)=O)c(Cl)cc2N1,0.0062349042855203,000073-49-4,Quinethazone,0,0,<rdkit.Chem.rdchem.Mol object at 0x7f6fb78b4cf0>
C#C[C@]1(O)CC[C@H]2[C@@H]3CCc4cc(OC)ccc4[C@H]3CC[C@@]21C,0.9847774505615234,000072-33-3,Mestranol,0,1,<rdkit.Chem.rdchem.Mol object at 0x7f6fb78b4d50>
CN[C@@H](C)[C@H](O)c1ccccc1,0.0021917358972132,000299-42-3,Ephedrine,0,0,<rdkit.Chem.rdchem.Mol object at 0x7f6fb78b4db0>
COC(=O)[C@@H]1[C@H]2C[C@H]3c4[nH]c5ccccc5c4CCN3C[C@@H]2CC[C@@H]1O,0.8085004687309265,000146-48-5,Yohimbine,0,1,<rdkit.Chem.rdchem.Mol object at 0x7f6fb78b4e10>
COc1cc2c(c(OC)c1OC)-c1ccc(OC)c(=O)cc1[C@@H](NC(C)=O)CC2,0.7550181746482849,000064-86-8,Colchicine,0,1,<rdkit.Chem.rdchem.Mol object at 0x7f6fb78b4e70>
C[C@H]1O[C@@H](O[C@H]2[C@@H](O)C[C@H](O[C@H]3[C@@H](O)C[C@H](O[C@H]4CC[C@@]5(C)[C@H](CC[C@@H]6[C@@H]5CC[C@]5(C)[C@@H](C7=CC(=O)OC7)CC[C@]65O)C4)O[C@@H]3C)O[C@@H]2C)C[C@H](O)[C@@H]1O,0.6317458152770996,000071-63-6,Digitoxin,0,1,<rdkit.Chem.rdchem.Mol object at 0x7f6fb78b4ed0>
O=C(Oc1ccccc1C(=O)O)c1ccccc1O,0.0001972929603653,000552-94-3,Salsalate,0,0,<rdkit.Chem.rdchem.Mol object at 0x7f6fb78b4f30>
COc1ccc2c(c1)N(C[C@H](C)CN(C)C)c1ccccc1S2,0.9386483430862428,000060-99-1,Methotrimeprazine,0,1,<rdkit.Chem.rdchem.Mol object at 0x7f6fb78b4f90>
CC(=O)CC(c1ccc([N+](=O)[O-])cc1)c1c(O)c2ccccc2oc1=O,0.05652666836977,000152-72-7,Acenocoumarol,0,0,<rdkit.Chem.rdchem.Mol object at 0x7f6fbc5ab030>
CCC(=O)O[C@H]1CC[C@H]2[C@@H]3CCC4=CC(=O)CC[C@]4(C)[C@H]3CC[C@]12C,0.815037727355957,000057-85-2,Testosterone propionate,0,1,<rdkit.Chem.rdchem.Mol object at 0x7f6fbc5ab090>
O=[N+]([O-])c1ccc(O)c2ncccc12,0.0005152246449142,004008-48-4,Nitroxoline,0,0,<rdkit.Chem.rdchem.Mol object at 0x7f6fbc5ab0f0>
CC[C@H]1[C@@H]2C[C@H]3[C@@H]4N(C)c5ccccc5[C@]45C[C@@H](C2[C@H]5O)N3[C@@H]1O,0.9759400486946106,004360-12-7,Ajmaline,0,1,<rdkit.Chem.rdchem.Mol object at 0x7f6fbc5ab150>
COc1ccc(C(=O)c2ccccc2)c(O)c1,0.0018546201754361,000131-57-7,Oxybenzone,0,0,<rdkit.Chem.rdchem.Mol object at 0x7f6fbc5ab1b0>
CCN(CC)CCCN(c1ccccc1)C1Cc2ccccc2C1,0.8271904587745667,037640-71-4,Aprindine,0,1,<rdkit.Chem.rdchem.Mol object at 0x7f6fbc5ab210>
CC(C=C(c1cccs1)c1cccs1)N(C)C,0.107303686439991,000524-84-5,Dimethylthiambutene,0,0,<rdkit.Chem.rdchem.Mol object at 0x7f6fbc5ab270>
CN(C)CCc1c[nH]c2ccc(O)cc12,0.0022324051242321,000487-93-4,Bufotenine,0,0,<rdkit.Chem.rdchem.Mol object at 0x7f6fbc5ab2d0>
CCOC(=O)C1(c2ccccc2)CCN(CCOCC2CCCO2)CC1,0.3199727833271026,002385-81-1,Furethidine,0,0,<rdkit.Chem.rdchem.Mol object at 0x7f6fbc5ab330>
CCOc1ccc2c3c1O[C@H]1[C@@H](O)C=C[C@H]4[C@@H](C2)N(C)CC[C@@]341,0.9530150294303894,000076-58-4,Ethylmorphine,0,1,<rdkit.Chem.rdchem.Mol object at 0x7f6fbc5ab390>
CCN(C)C(C)C=C(c1cccs1)c1cccs1,0.1291933804750442,000441-61-2,Ethylmethylthiambutene,0,0,<rdkit.Chem.rdchem.Mol object at 0x7f6fbc5ab3f0>
C[C@@H]1CC2=CC(=O)CC[C@]2(C)[C@H]2CC[C@@]3(C)[C@@H](CC[C@]3(C)O)[C@H]12,0.9183384776115416,001605-89-6,Bolasterone,0,1,<rdkit.Chem.rdchem.Mol object at 0x7f6fbc5ab450>
CCC(=O)O[C@]1(c2ccccc2)CCN(C)C[C@H]1C,0.2039482444524765,000468-59-7,Betaprodine,0,0,<rdkit.Chem.rdchem.Mol object at 0x7f6fbc5ab4b0>
CCOC(=O)C(CCN1CCOCC1)(c1ccccc1)c1ccccc1,0.78473299741745,000467-86-7,Dioxaphetyl butyrate,0,1,<rdkit.Chem.rdchem.Mol object at 0x7f6fbc5ab510>
C[C@H](N)[C@@H](O)c1ccccc1,0.0014836059417575,000492-39-7,Cathine,0,0,<rdkit.Chem.rdchem.Mol object at 0x7f6fbc5ab570>
CCCC(C)(O)C1C[C@@]23C=CC1(OC)C1Oc4c(O)ccc5c4[C@@]12CCN(C)[C@@H]3C5,0.9884252548217772,014521-96-1,Etorphine,0,1,<rdkit.Chem.rdchem.Mol object at 0x7f6fbc5ab5d0>
CCC(=O)O[C@]1(c2ccccc2)CCN(C)C[C@@H]1CC,0.2944844961166382,000468-51-9,Alphameprodine,0,0,<rdkit.Chem.rdchem.Mol object at 0x7f6fbc5ab630>
CCC(=O)N(CC(C)N(C)CCc1ccccc1)c1ccccc1,0.4352284073829651,000552-25-0,Diampromide,0,0,<rdkit.Chem.rdchem.Mol object at 0x7f6fbc5ab690>
CCOC(=O)C1(c2ccccc2)CCN(CCOCCO)CC1,0.0749091878533363,000469-82-9,Etoxeridine,0,0,<rdkit.Chem.rdchem.Mol object at 0x7f6fbc5ab6f0>
CC(N)Cc1ccc2c(c1)OCO2,0.0129544446244835,004764-17-4,Tenamfetamine,0,0,<rdkit.Chem.rdchem.Mol object at 0x7f6fbc5ab750>
C[C@]12Cc3nonc3C[C@@H]1CC[C@@H]1[C@@H]2CC[C@@]2(C)[C@H]1CC[C@]2(C)O,0.9776842594146729,001239-29-8,Furazabol,0,1,<rdkit.Chem.rdchem.Mol object at 0x7f6fbc5ab7b0>
CN1[C@H]2CC[C@@H]1[C@@H](C(=O)O)[C@@H](OC(=O)c1ccccc1)C2,0.006457919254899,000519-09-5,Benzoylecgonine,0,0,<rdkit.Chem.rdchem.Mol object at 0x7f6fbc5ab810>
CCOC(=O)C1(c2ccccc2)CCN(CCOCc2ccccc2)CC1,0.8508253693580627,003691-78-9,Benzethidine,0,1,<rdkit.Chem.rdchem.Mol object at 0x7f6fbc5ab870>
CN1[C@H]2CC[C@@H]1[C@@H](C(=O)O)[C@@H](O)C2,0.0005980600253678,000481-37-8,Ecgonine,0,0,<rdkit.Chem.rdchem.Mol object at 0x7f6fbc5ab8d0>
C[C@H](CN1CCOCC1)C(C(=O)N1CCCC1)(c1ccccc1)c1ccccc1,0.9857008457183838,000357-56-2,Dextromoramide,0,1,<rdkit.Chem.rdchem.Mol object at 0x7f6fbc5ab930>
CN1CC[C@]23c4c5ccc(O)c4O[C@H]2CCC[C@H]3[C@H]1C5,0.9288702607154846,000427-00-9,Desomorphine,0,1,<rdkit.Chem.rdchem.Mol object at 0x7f6fbc5ab990>
C[C@]12CCC(=O)C=C1CC[C@@H]1[C@@H]2CC[C@]2(C)C(=O)CC[C@@H]12,0.8699778318405151,000063-05-8,Androstenedione,0,1,<rdkit.Chem.rdchem.Mol object at 0x7f6fbc5ab9f0>
COc1ccc2c3c1O[C@H]1[C@@H](OC(C)=O)CC[C@H]4[C@@H](C2)N(C)CC[C@@]341,0.9741339087486268,003861-72-1,Acetyldihydrocodeine,0,1,<rdkit.Chem.rdchem.Mol object at 0x7f6fbc5aba50>
C[C@]12CC[C@H]3[C@@H](CCC4=CC(=O)C=C[C@@]43C)[C@@H]1CC[C@@H]2O,0.4660674333572387,000846-48-0,Boldenone,0,0,<rdkit.Chem.rdchem.Mol object at 0x7f6fbc5abab0>
C=CCC1CN(C)CCC1(OC(=O)CC)c1ccccc1,0.2167959213256836,025384-17-2,Allylprodine,0,0,<rdkit.Chem.rdchem.Mol object at 0x7f6fbc5abb10>
CCC(=O)O[C@]1(c2ccccc2)CCN(C)C[C@H]1CC,0.2929265201091766,000468-50-8,Betameprodine,0,0,<rdkit.Chem.rdchem.Mol object at 0x7f6fbc5abb70>
CC(C)(N)Cc1ccc(Cl)cc1,0.0972672551870346,000461-78-9,Chlorphentermine,0,0,<rdkit.Chem.rdchem.Mol object at 0x7f6fbc5abbd0>
C[C@H]1CC2=CC(=O)CC[C@]2(C)[C@H]2CC[C@@]3(C)[C@@H](CC[C@]3(C)O)[C@H]12,0.9194793701171876,017021-26-0,Calusterone,0,1,<rdkit.Chem.rdchem.Mol object at 0x7f6fbc5abc30>
CN1CC[C@]23c4c5ccc(O)c4O[C@H]2[C@@H](O)CC[C@H]3[C@H]1C5,0.8311142325401306,000509-60-4,Dihydromorphine,0,1,<rdkit.Chem.rdchem.Mol object at 0x7f6fbc5abc90>
CN1CC[C@]23c4c5ccc(OCc6ccccc6)c4O[C@H]2[C@@H](O)C=C[C@H]3[C@H]1C5,0.9891890287399292,014297-87-1,Benzylmorphine,0,1,<rdkit.Chem.rdchem.Mol object at 0x7f6fbc5abcf0>
C[C@H](N)Cc1ccccc1,0.0046749259345233,000051-64-9,Dextroamphetamine,0,0,<rdkit.Chem.rdchem.Mol object at 0x7f6fbc5abd50>
C[C@H]1[C@H](c2ccccc2)OCCN1C,0.0687117874622345,000634-03-7,Phendimetrazine,0,0,<rdkit.Chem.rdchem.Mol object at 0x7f6fbc5abdb0>
C=CCOc1ccccc1OCC(O)CNC(C)C,0.001435276470147,006452-71-7,Oxprenolol,0,0,<rdkit.Chem.rdchem.Mol object at 0x7f6fbc5abe10>
Cc1ccnc(NS(=O)(=O)c2ccc(N)cc2)n1,0.001208288478665,000127-79-7,Sulfamerazine,0,0,<rdkit.Chem.rdchem.Mol object at 0x7f6fbc5abe70>
Cc1cc(C)nc(NS(=O)(=O)c2ccc(N)cc2)n1,0.0041991001926362,000057-68-1,Sulfamethazine,0,0,<rdkit.Chem.rdchem.Mol object at 0x7f6fbc5abed0>
N#Cc1ccc2c(c1)N(CCCN1CCC(O)CC1)c1ccccc1S2,0.9616338610649108,002622-26-6,Periciazine,0,1,<rdkit.Chem.rdchem.Mol object at 0x7f6fbc5abf30>
CCN(CCO)CCCC(C)Nc1ccnc2cc(Cl)ccc12,0.1386957913637161,000118-42-3,Hydroxychloroquine,0,0,<rdkit.Chem.rdchem.Mol object at 0x7f6fbc5abf90>
CC(=O)c1ccc2c(c1)N(CCCN(C)C)c1ccccc1S2,0.5423026084899902,000061-00-7,Acepromazine,0,1,<rdkit.Chem.rdchem.Mol object at 0x7f6fbc583030>
CN1CCC2=C(C1)C(c1ccccc1)c1ccccc12,0.8834742903709412,000082-88-2,Phenindamine,0,1,<rdkit.Chem.rdchem.Mol object at 0x7f6fbc583090>
CN(C)CCC(c1ccccc1)c1ccccn1,0.073741614818573,000086-21-5,Pheniramine,0,0,<rdkit.Chem.rdchem.Mol object at 0x7f6fbc5830f0>
CN1CCN(CCCN2c3ccccc3Sc3ccc(S(=O)(=O)N(C)C)cc32)CC1,0.954710841178894,000316-81-4,Thioproperazine,0,1,<rdkit.Chem.rdchem.Mol object at 0x7f6fbc583150>
CN1CCN(CC/C=C2/c3ccccc3Sc3ccc(S(=O)(=O)N(C)C)cc32)CC1,0.9295586943626404,005591-45-7,Thiothixene,0,1,<rdkit.Chem.rdchem.Mol object at 0x7f6fbc5831b0>
C#CCN(C)Cc1ccccc1,0.0226869974285364,000555-57-7,Pargyline,0,0,<rdkit.Chem.rdchem.Mol object at 0x7f6fbc583210>
C[C@]12CC[C@H](O)CC1=CC[C@@H]1[C@@H]2CC[C@]2(C)C(=O)CC[C@@H]12,0.8495664596557617,000053-43-0,Prasterone,0,1,<rdkit.Chem.rdchem.Mol object at 0x7f6fbc583270>
C[C@]12CC[C@H]3C(=CCc4cc(O)ccc43)[C@@H]1CCC2=O,0.4612345397472381,000474-86-2,Equilin,0,0,<rdkit.Chem.rdchem.Mol object at 0x7f6fbc5832d0>
C[C@]12CCC(=O)C[C@@H]1CC[C@@H]1[C@@H]2CC[C@]2(C)[C@@H](O)CC[C@@H]12,0.7654499411582947,000521-18-6,Stanolone,0,1,<rdkit.Chem.rdchem.Mol object at 0x7f6fbc583330>
Oc1ccccc1,0.0002567867340985,000108-95-2,Phenol,0,0,<rdkit.Chem.rdchem.Mol object at 0x7f6fbc583390>
c1ccc(C2(N3CCCCC3)CCCCC2)cc1,0.8375745415687561,000077-10-1,Phencyclidine,0,1,<rdkit.Chem.rdchem.Mol object at 0x7f6fbc5833f0>
CCCCC1C(=O)N(c2ccccc2)N(c2ccc(O)cc2)C1=O,0.0475101433694362,000129-20-4,Oxyphenbutazone,0,0,<rdkit.Chem.rdchem.Mol object at 0x7f6fbc583450>
CCOc1ccc(NC(C)=O)cc1,0.003443288616836,000062-44-2,Phenacetin,0,0,<rdkit.Chem.rdchem.Mol object at 0x7f6fbc5834b0>
O=C(O)/C=C\C(=O)O,8.95248433607776e-07,000110-16-7,Maleic acid,0,0,<rdkit.Chem.rdchem.Mol object at 0x7f6fbc583510>
Cc1cc2cc3c(C)cc(=O)oc3c(C)c2o1,0.2524376511573791,003902-71-4,Trioxsalen,0,0,<rdkit.Chem.rdchem.Mol object at 0x7f6fbc583570>
S=P(N1CC1)(N1CC1)N1CC1,0.9640954732894896,000052-24-4,Thiotepa,0,1,<rdkit.Chem.rdchem.Mol object at 0x7f6fbc5835d0>
C[C@]12CC[C@@H]3c4ccc(O)cc4CC[C@H]3[C@@H]1C[C@@H](O)[C@@H]2O,0.2702288031578064,000050-27-1,Estriol,0,0,<rdkit.Chem.rdchem.Mol object at 0x7f6fbc583630>
CS(=O)(=O)Nc1ccc([N+](=O)[O-])cc1Oc1ccccc1,0.0038654303643852,051803-78-2,Nimesulide,0,0,<rdkit.Chem.rdchem.Mol object at 0x7f6fbc583690>
Oc1c(Cl)cc(Cl)cc1Sc1cc(Cl)cc(Cl)c1O,0.7284741997718811,000097-18-7,Bithionol,1,1,<rdkit.Chem.rdchem.Mol object at 0x7f6fbc5836f0>
CC(C)NNC(=O)c1ccncc1,0.0001933801686391,000054-92-2,Iproniazid,0,0,<rdkit.Chem.rdchem.Mol object at 0x7f6fbc583750>
CN(C)CCN(Cc1cccs1)c1ccccn1,0.0679031535983085,000091-80-5,Methapyrilene,0,0,<rdkit.Chem.rdchem.Mol object at 0x7f6fbc5837b0>
CN1Cc2c(N)cccc2C(c2ccccc2)C1,0.5622977018356323,024526-64-5,Nomifensine,0,1,<rdkit.Chem.rdchem.Mol object at 0x7f6fbc583810>
CCN(CC)CCOCCOC(=O)C(CC)(CC)c1ccccc1,0.0899729654192924,000468-61-1,Oxeladin,0,0,<rdkit.Chem.rdchem.Mol object at 0x7f6fbc583870>
CC(Cc1ccccc1)NCCC(c1ccccc1)c1ccccc1,0.7424857020378113,000390-64-7,Prenylamine,1,1,<rdkit.Chem.rdchem.Mol object at 0x7f6fbc5838d0>
CN1CCC(N(Cc2cccs2)c2ccccc2)CC1,0.695123016834259,000086-12-4,Thenalidine,0,1,<rdkit.Chem.rdchem.Mol object at 0x7f6fbc583930>
Cc1ccccc1-n1c(C)nc2ccccc2c1=O,0.2167900949716568,000072-44-6,Methaqualone,0,0,<rdkit.Chem.rdchem.Mol object at 0x7f6fbc583990>
O=C(O)CCCCCCNC1c2ccccc2CCc2ccccc21,0.1687703281641006,057574-09-1,Amineptine,0,0,<rdkit.Chem.rdchem.Mol object at 0x7f6fbc5839f0>
CN(C)CCC(O)(c1ccccc1)c1ccccc1Cl,0.5619978308677673,000791-35-5,Clofedanol,0,1,<rdkit.Chem.rdchem.Mol object at 0x7f6fbc583a50>
CC1CC(OC(=O)C(O)c2ccccc2)CC(C)(C)C1,0.0149770379066467,000456-59-7,Cyclandelate,0,0,<rdkit.Chem.rdchem.Mol object at 0x7f6fbc583ab0>
Fc1ccc(C(c2ccc(F)cc2)N2CCN(C/C=C/c3ccccc3)CC2)cc1,0.9853160977363586,052468-60-7,Flunarizine,1,1,<rdkit.Chem.rdchem.Mol object at 0x7f6fbc583b10>
COc1cc2c(cc1OC)C1CC(=O)C(CC(C)C)CN1CC2,0.7488250732421875,000058-46-8,Tetrabenazine,0,1,<rdkit.Chem.rdchem.Mol object at 0x7f6fbc583b70>
CCN(CC)C(=O)C1(c2ccccc2)CC1CN,0.340290904045105,092623-85-3,Milnacipran,0,0,<rdkit.Chem.rdchem.Mol object at 0x7f6fbc583bd0>
CN1C(=O)CC(C)(c2ccccc2)C1=O,0.0748142451047897,000077-41-8,Methsuximide,0,0,<rdkit.Chem.rdchem.Mol object at 0x7f6fbc583c30>
Nc1ccc(S(=O)(=O)Nc2nccs2)cc1,0.0005395163898356,000072-14-0,Sulfathiazole,0,0,<rdkit.Chem.rdchem.Mol object at 0x7f6fbc583c90>
CN1CCN2c3ccccc3Cc3ccccc3C2C1,0.9223818182945251,024219-97-4,Mianserin,0,1,<rdkit.Chem.rdchem.Mol object at 0x7f6fbc583cf0>
C[C@]12C/C(=C/O)C(=O)C[C@@H]1CC[C@@H]1[C@@H]2CC[C@@]2(C)[C@H]1CC[C@]2(C)O,0.8421949744224548,000434-07-1,Oxymetholone,0,1,<rdkit.Chem.rdchem.Mol object at 0x7f6fbc583d50>
CNCCc1ccccn1,0.0008406765991821,005638-76-6,Betahistine,0,0,<rdkit.Chem.rdchem.Mol object at 0x7f6fbc583db0>
c1ccc2c(CC3=NCCN3)cccc2c1,0.0218478012830019,000835-31-4,Naphazoline,0,0,<rdkit.Chem.rdchem.Mol object at 0x7f6fbc583e10>
C[C@]12Cc3c[nH]nc3C[C@@H]1CC[C@@H]1[C@@H]2CC[C@@]2(C)[C@H]1CC[C@]2(C)O,0.9735972285270692,010418-03-8,Stanozolol,0,1,<rdkit.Chem.rdchem.Mol object at 0x7f6fbc583e70>
Nc1ccc(S(=O)(=O)Nc2ccnn2-c2ccccc2)cc1,0.010720188729465,000526-08-9,Sulfaphenazole,0,0,<rdkit.Chem.rdchem.Mol object at 0x7f6fbc583ed0>
CCC(=O)C1(c2cccc(O)c2)CCN(C)CC1,0.0229463148862123,000469-79-4,Ketobemidone,0,0,<rdkit.Chem.rdchem.Mol object at 0x7f6fbc583f30>
C1N2CN3CN1CN(C2)C3,0.6164941787719727,000100-97-0,Methenamine,0,1,<rdkit.Chem.rdchem.Mol object at 0x7f6fbc583f90>
O=C(OCCOCCN1CCCCC1)N1c2ccccc2Sc2cccnc21,0.7653042078018188,002167-85-3,Pipazethate,0,1,<rdkit.Chem.rdchem.Mol object at 0x7f6fbc5ac030>
Cc1nc(NS(=O)(=O)c2ccc(N)cc2)oc1C,0.0024023216683417,000729-99-7,Sulfamoxole,0,0,<rdkit.Chem.rdchem.Mol object at 0x7f6fbc5ac090>
c1ccc(CN(CC2=NCCN2)c2ccccc2)cc1,0.0619929619133472,000091-75-8,Antazoline,0,0,<rdkit.Chem.rdchem.Mol object at 0x7f6fbc5ac0f0>
CC(C1=C(CCN(C)C)Cc2ccccc21)c1ccccn1,0.5433502793312073,005636-83-9,Dimetindene,0,1,<rdkit.Chem.rdchem.Mol object at 0x7f6fbc5ac150>
CC(CN1c2ccccc2Sc2cccnc21)N(C)C,0.5261822938919067,000482-15-5,Isothipendyl,0,1,<rdkit.Chem.rdchem.Mol object at 0x7f6fbc5ac1b0>
O=C(O)[C@@H]1C[C@@H](O)CN1,6.717828000546433e-06,000051-35-4,Hydroxyproline,0,0,<rdkit.Chem.rdchem.Mol object at 0x7f6fbc5ac210>
O=C(O)CCC(=O)c1ccc(-c2ccccc2)cc1,0.0015574062708765,036330-85-5,Fenbufen,0,0,<rdkit.Chem.rdchem.Mol object at 0x7f6fbc5ac270>
Nc1ccc(S(=O)(=O)NC(=O)c2ccccc2)cc1,0.0016376684652641,000127-71-9,Sulfabenzamide,0,0,<rdkit.Chem.rdchem.Mol object at 0x7f6fbc5ac2d0>
C[C@]12CC[C@H]3[C@@H](CCC4=CC(=O)CC[C@@H]43)[C@@H]1CC[C@@H]2O,0.3847769200801849,000434-22-0,Nandrolone,0,0,<rdkit.Chem.rdchem.Mol object at 0x7f6fbc5ac330>
CCN1CCCC1CNC(=O)c1cc(S(=O)(=O)CC)ccc1OC,0.0375662259757518,053583-79-2,Sultopride,0,0,<rdkit.Chem.rdchem.Mol object at 0x7f6fbc5ac390>
Cc1c(C(C)C)c(=O)n(-c2ccccc2)n1C,0.1606049090623855,000479-92-5,Propyphenazone,0,0,<rdkit.Chem.rdchem.Mol object at 0x7f6fbc5ac3f0>
CCn1cc(C(=O)O)c(=O)c2cc3c(cc21)OCO3,0.0023529529571533,014698-29-4,Oxolinic acid,0,0,<rdkit.Chem.rdchem.Mol object at 0x7f6fbc5ac450>
N=C(N)NS(=O)(=O)c1ccc(N)cc1,6.496023706858978e-05,000057-67-0,Sulfaguanidine,0,0,<rdkit.Chem.rdchem.Mol object at 0x7f6fbc5ac4b0>
COc1ccc(NS(=O)(=O)c2ccc(N)cc2)nn1,0.0013101445510983,000080-35-3,Sulfamethoxypyridazine,0,0,<rdkit.Chem.rdchem.Mol object at 0x7f6fbc5ac510>
CCOC(N)=O,2.9261376766953617e-05,000051-79-6,Urethane,0,0,<rdkit.Chem.rdchem.Mol object at 0x7f6fbc5ac570>
N[C@H]1CONC1=O,1.508398327132454e-05,000068-41-7,Cycloserine,0,0,<rdkit.Chem.rdchem.Mol object at 0x7f6fbc5ac5d0>
NC(=O)c1cnccn1,6.572779966518283e-05,000098-96-4,Pyrazinamide,0,0,<rdkit.Chem.rdchem.Mol object at 0x7f6fbc5ac630>
CCC1(C)CC(=O)NC1=O,0.0008677556179463,000077-67-8,Ethosuximide,0,0,<rdkit.Chem.rdchem.Mol object at 0x7f6fbc5ac690>
NC(=O)c1ccccc1O,0.0001145932474173,000065-45-2,Salicylamide,0,0,<rdkit.Chem.rdchem.Mol object at 0x7f6fbc5ac6f0>
NC(=O)CC[C@H](N)C(=O)O,3.680519057525089e-06,000056-85-9,L-Glutamine,0,0,<rdkit.Chem.rdchem.Mol object at 0x7f6fbc5ac750>
Oc1ncnc2[nH]ncc12,5.862071338924579e-05,000315-30-0,Allopurinol,0,0,<rdkit.Chem.rdchem.Mol object at 0x7f6fbc5ac7b0>
O=c1[nH]c2cc(Cl)ccc2o1,0.0084333484992384,000095-25-0,Chlorzoxazone,0,0,<rdkit.Chem.rdchem.Mol object at 0x7f6fbc5ac810>
CCc1cc(C(N)=S)ccn1,0.0016832206165418,000536-33-4,Ethionamide,0,0,<rdkit.Chem.rdchem.Mol object at 0x7f6fbc5ac870>
CCCc1cc(=O)[nH]c(=S)[nH]1,0.0004645182343665,000051-52-5,Propylthiouracil,0,0,<rdkit.Chem.rdchem.Mol object at 0x7f6fbc5ac8d0>
CC(=O)Nc1ccc(O)cc1,0.0001980755769181,000103-90-2,Acetaminophen,0,0,<rdkit.Chem.rdchem.Mol object at 0x7f6fbc5ac930>
CC[C@@H](C(N)=O)N1CCCC1=O,0.0002913828357122,102767-28-2,Levetiracetam,0,0,<rdkit.Chem.rdchem.Mol object at 0x7f6fbc5ac990>
C#CC1(OC(N)=O)CCCCC1,0.0072686867788434,000126-52-3,Ethinamate,0,0,<rdkit.Chem.rdchem.Mol object at 0x7f6fbc5ac9f0>
Cn1cnc2c1c(=O)[nH]c(=O)n2C,0.000523091177456,000083-67-0,Theobromine,0,0,<rdkit.Chem.rdchem.Mol object at 0x7f6fbc5aca50>
NC1=NC(=O)C(c2ccccc2)O1,0.0001981401874218,002152-34-3,Pemoline,0,0,<rdkit.Chem.rdchem.Mol object at 0x7f6fbc5acab0>
NC(=O)NC(=O)Cc1ccccc1,0.0003365667362231,000063-98-9,Phenacemide,0,0,<rdkit.Chem.rdchem.Mol object at 0x7f6fbc5acb10>
CCC1(CC)C(=O)NC(=O)NC1=O,0.0003593414439819,000057-44-3,Barbital,0,0,<rdkit.Chem.rdchem.Mol object at 0x7f6fbc5acb70>
CCC1(CC)C(=O)NCC(C)C1=O,0.0029984670691192,000125-64-4,Methyprylon,0,0,<rdkit.Chem.rdchem.Mol object at 0x7f6fbc5acbd0>
CCC1(CC)C(=O)NC(=O)N(C)C1=O,0.0015066887717694,000050-11-3,Metharbital,0,0,<rdkit.Chem.rdchem.Mol object at 0x7f6fbc5acc30>
CC(=O)NS(=O)(=O)c1ccc(N)cc1,0.0001042106523527,000144-80-9,Sulfacetamide,0,0,<rdkit.Chem.rdchem.Mol object at 0x7f6fbc5acc90>
CCCC(C)(COC(N)=O)COC(N)=O,0.0001029362974804,000057-53-4,Meprobamate,0,0,<rdkit.Chem.rdchem.Mol object at 0x7f6fbc5accf0>
CCC(C)C1(CC)C(=O)NC(=O)NC1=O,0.0012474640971049,000125-40-6,Butabarbital,0,0,<rdkit.Chem.rdchem.Mol object at 0x7f6fbc5acd50>
C=CCC1(C(C)C)C(=O)NC(=O)NC1=O,0.0005789632559753,000077-02-1,Aprobarbital,0,0,<rdkit.Chem.rdchem.Mol object at 0x7f6fbc5acdb0>
CCN1C(=O)NC(c2ccccc2)C1=O,0.0028505139052867,000086-35-1,Ethotoin,0,0,<rdkit.Chem.rdchem.Mol object at 0x7f6fbc5ace10>
CCCC(C)C1(CC)C(=O)NC(=S)NC1=O,0.0034472437109798,000076-75-5,Thiopental,0,0,<rdkit.Chem.rdchem.Mol object at 0x7f6fbc5ace70>
C=CCC1(CC(C)C)C(=O)NC(=O)NC1=O,0.0006762719713151,000077-26-9,Butalbital,0,0,<rdkit.Chem.rdchem.Mol object at 0x7f6fbc5aced0>
CCC1(CCC(C)C)C(=O)NC(=O)NC1=O,0.0006782567361369,000057-43-2,Amobarbital,0,0,<rdkit.Chem.rdchem.Mol object at 0x7f6fbc5acf30>
C=CCC1(C(C)CC)C(=O)NC(=O)NC1=O,0.0009655250469222,000115-44-6,Talbutal,0,0,<rdkit.Chem.rdchem.Mol object at 0x7f6fbc5acf90>
CCCC(C)C1(CC)C(=O)NC(=O)NC1=O,0.0012166035594418,000076-74-4,Pentobarbital,0,0,<rdkit.Chem.rdchem.Mol object at 0x7f6fbc5b3030>
CCC1(c2ccccc2)NC(=O)N(C)C1=O,0.0306238736957311,000050-12-4,Mephenytoin,0,0,<rdkit.Chem.rdchem.Mol object at 0x7f6fbc5b3090>
CCC1(c2ccccc2)CCC(=O)NC1=O,0.0237485449761152,000077-21-4,Glutethimide,0,0,<rdkit.Chem.rdchem.Mol object at 0x7f6fbc5b30f0>
Cc1cc(C)cc(OCC2CNC(=O)O2)c1,0.0055629168637096,001665-48-1,Metaxalone,0,0,<rdkit.Chem.rdchem.Mol object at 0x7f6fbc5b3150>
Nc1nc(=O)c2ncn(COCCO)c2[nH]1,0.0001062833252944,059277-89-3,Acyclovir,0,0,<rdkit.Chem.rdchem.Mol object at 0x7f6fbc5b31b0>
O=C1CN(/N=C/c2ccc([N+](=O)[O-])o2)C(=O)N1,2.7170504836249165e-05,000067-20-9,Nitrofurantoin,0,0,<rdkit.Chem.rdchem.Mol object at 0x7f6fbc5b3210>
CCC1(c2ccc(N)cc2)CCC(=O)NC1=O,0.021714536473155,000125-84-8,Aminoglutethimide,0,0,<rdkit.Chem.rdchem.Mol object at 0x7f6fbc5b3270>
COc1ccc2[nH]cc(CCNC(C)=O)c2c1,0.0088346814736723,000073-31-4,Melatonin,0,0,<rdkit.Chem.rdchem.Mol object at 0x7f6fbc5b32d0>
O=c1[nH]c(=O)n([C@H]2C[C@H](O)[C@@H](CO)O2)cc1F,0.0004659126861952,000050-91-9,Floxuridine,0,0,<rdkit.Chem.rdchem.Mol object at 0x7f6fbc5b3330>
O=c1[nH]c(=O)n([C@H]2C[C@H](O)[C@@H](CO)O2)cc1I,0.0010806564241647,000054-42-2,Idoxuridine,0,0,<rdkit.Chem.rdchem.Mol object at 0x7f6fbc5b3390>
CN1C(=O)NC(=O)C(C)(C2=CCCCC2)C1=O,0.0047369240783154,000056-29-1,Hexobarbital,0,0,<rdkit.Chem.rdchem.Mol object at 0x7f6fbc5b33f0>
NC(=O)OCC(COC(N)=O)c1ccccc1,0.0005675019929185,025451-15-4,Felbamate,0,0,<rdkit.Chem.rdchem.Mol object at 0x7f6fbc5b3450>
C=CCC1(C(C)CCC)C(=O)NC(=S)NC1=O,0.0025289333425462,000077-27-0,Thiamylal,0,0,<rdkit.Chem.rdchem.Mol object at 0x7f6fbc5b34b0>
CCN(CC)CC(=O)Nc1c(C)cccc1C,0.026683846488595,000137-58-6,Lidocaine,0,0,<rdkit.Chem.rdchem.Mol object at 0x7f6fbc5b3510>
C=CCC1(C(C)CCC)C(=O)NC(=O)NC1=O,0.0008922324632294,000076-73-3,Secobarbital,0,0,<rdkit.Chem.rdchem.Mol object at 0x7f6fbc5b3570>
COc1ccccc1OCC(O)COC(N)=O,0.0003595161542762,000532-03-6,Methocarbamol,0,0,<rdkit.Chem.rdchem.Mol object at 0x7f6fbc5b35d0>
NC(=O)N1c2ccccc2C=Cc2ccccc21,0.0427658073604106,000298-46-4,Carbamazepine,0,0,<rdkit.Chem.rdchem.Mol object at 0x7f6fbc5b3630>
CCCCNC(=O)NS(=O)(=O)c1ccc(C)cc1,0.0003565305378288,000064-77-7,Tolbutamide,0,0,<rdkit.Chem.rdchem.Mol object at 0x7f6fbc5b3690>
Cc1cccc(C)c1NC(=O)C1CCCCN1C,0.1129588782787323,000096-88-8,Mepivacaine,0,0,<rdkit.Chem.rdchem.Mol object at 0x7f6fbc5b36f0>
CCC1(C2=CCCCCC2)C(=O)NC(=O)NC1=O,0.0034602221567183,000509-86-4,Heptabarbital,0,0,<rdkit.Chem.rdchem.Mol object at 0x7f6fbc5b3750>
Cc1cn([C@H]2C[C@H](N=[N+]=[N-])[C@@H](CO)O2)c(=O)[nH]c1=O,0.0002059410180663,030516-87-1,Zidovudine,0,0,<rdkit.Chem.rdchem.Mol object at 0x7f6fbc5b37b0>
O=C1NC(=O)C(c2ccccc2)(c2ccccc2)N1,0.0894728824496269,000057-41-0,Phenytoin,0,0,<rdkit.Chem.rdchem.Mol object at 0x7f6fbc5b3810>
NC(=O)N1c2ccccc2CC(=O)c2ccccc21,0.0598518475890159,028721-07-5,Oxcarbazepine,0,0,<rdkit.Chem.rdchem.Mol object at 0x7f6fbc5b3870>
C=CCC1(C(C)C#CCC)C(=O)NC(=O)N(C)C1=O,0.0098857907578349,000151-83-7,Methohexital,0,0,<rdkit.Chem.rdchem.Mol object at 0x7f6fbc5b38d0>
CC(=O)Nc1ccc(OCC(O)CNC(C)C)cc1,0.0014650346711277,006673-35-4,Practolol,0,0,<rdkit.Chem.rdchem.Mol object at 0x7f6fbc5b3930>
CC(C)NCC(O)COc1ccc(CC(N)=O)cc1,0.0008221438620239,029122-68-7,Atenolol,0,0,<rdkit.Chem.rdchem.Mol object at 0x7f6fbc5b3990>
O=C1Nc2ccc(Cl)cc2C(c2ccccc2)=NC1O,0.0244413837790489,000604-75-1,Oxazepam,0,0,<rdkit.Chem.rdchem.Mol object at 0x7f6fbc5b39f0>
CNC(=O)Oc1ccc2c(c1)[C@]1(C)CCN(C)[C@@H]1N2C,0.702281653881073,000057-47-6,Physostigmine,0,1,<rdkit.Chem.rdchem.Mol object at 0x7f6fbc5b3a50>
CCCN1CCCC[C@H]1C(=O)Nc1c(C)cccc1C,0.1803827881813049,084057-95-4,Ropivacaine,0,0,<rdkit.Chem.rdchem.Mol object at 0x7f6fbc5b3ab0>
Cc1ccc(S(=O)(=O)NC(=O)NN2CCCCCC2)cc1,0.0036548492498695,001156-19-0,Tolazamide,0,0,<rdkit.Chem.rdchem.Mol object at 0x7f6fbc5b3b10>
COC(=O)[C@H](Cc1ccccc1)NC(=O)[C@H](N)CC(=O)O,0.000189818398212,022839-47-0,Aspartame,0,0,<rdkit.Chem.rdchem.Mol object at 0x7f6fbc5b3b70>
O=C1CN=C(c2ccccc2)c2cc([N+](=O)[O-])ccc2N1,0.0089334528893232,000146-22-5,Nitrazepam,0,0,<rdkit.Chem.rdchem.Mol object at 0x7f6fbc5b3bd0>
Cc1cc(-c2ccccc2)nnc1NCCN1CCOCC1,0.0867968648672103,025905-77-5,Minaprine,0,0,<rdkit.Chem.rdchem.Mol object at 0x7f6fbc5b3c30>
NS(=O)(=O)c1cc(C2(O)NC(=O)c3ccccc32)ccc1Cl,0.0947853177785873,000077-36-1,Chlorthalidone,0,0,<rdkit.Chem.rdchem.Mol object at 0x7f6fbc5b3c90>
O=C(CCNNC(=O)c1ccncc1)NCc1ccccc1,0.0012922517489641,000051-12-7,Nialamide,0,0,<rdkit.Chem.rdchem.Mol object at 0x7f6fbc5b3cf0>
CC(=O)c1ccc(S(=O)(=O)NC(=O)NC2CCCCC2)cc1,0.0012893945677205,000968-81-0,Acetohexamide,0,0,<rdkit.Chem.rdchem.Mol object at 0x7f6fbc5b3d50>
CCN1CCC[C@H]1CNC(=O)c1c(OC)ccc(Br)c1OC,0.5997282862663269,080125-14-0,Remoxipride,0,1,<rdkit.Chem.rdchem.Mol object at 0x7f6fbc5b3db0>
CCN1CCCC1CNC(=O)c1cc(S(N)(=O)=O)ccc1OC,0.0099552944302558,015676-16-1,Sulpiride,0,0,<rdkit.Chem.rdchem.Mol object at 0x7f6fbc5b3e10>
CCCC(=O)Nc1ccc(OCC(O)CNC(C)C)c(C(C)=O)c1,0.0021832617931067,037517-30-9,Acebutolol,0,0,<rdkit.Chem.rdchem.Mol object at 0x7f6fbc5b3e70>
CC(CCc1ccccc1)NCC(O)c1ccc(O)c(C(N)=O)c1,0.0057542254216969,036894-69-6,Labetalol,0,0,<rdkit.Chem.rdchem.Mol object at 0x7f6fbc5b3ed0>
CC(C)N(CCC(C(N)=O)(c1ccccc1)c1ccccn1)C(C)C,0.352552592754364,003737-09-5,Disopyramide,0,0,<rdkit.Chem.rdchem.Mol object at 0x7f6fbc5b3f30>
CCC(CO)NC(=O)[C@@H]1C=C2c3cccc4c3c(cn4C)C[C@H]2N(C)C1,0.5215861797332764,000361-37-5,Methysergide,0,1,<rdkit.Chem.rdchem.Mol object at 0x7f6fbc5b3f90>
CCC[C@@H]1C[C@@H](C(=O)N[C@@H]([C@H]2O[C@H](SC)[C@H](O)[C@@H](O)[C@H]2O)[C@@H](C)O)N(C)C1,0.0048998855054378,000154-21-2,Lincomycin,0,0,<rdkit.Chem.rdchem.Mol object at 0x7f6fbc5a5030>
CC(C)(C)NC(=O)[C@H]1CC[C@H]2[C@@H]3CC[C@H]4NC(=O)C=C[C@]4(C)[C@H]3CC[C@]12C,0.8458387851715088,098319-26-7,Finasteride,0,1,<rdkit.Chem.rdchem.Mol object at 0x7f6fbc5a5090>
COc1ccc(Cl)cc1C(=O)NCCc1ccc(S(=O)(=O)NC(=O)NC2CCCCC2)cc1,0.793933629989624,010238-21-8,Glyburide,0,1,<rdkit.Chem.rdchem.Mol object at 0x7f6fbc5a50f0>
CC(=O)OCC(=O)[C@]1(O)CC[C@@H]2[C@H]3CCC4=CC(=O)CC[C@@]4(C)[C@@H]3C(=O)C[C@]21C,0.6436561942100525,000050-04-4,Cortisone Acetate,0,1,<rdkit.Chem.rdchem.Mol object at 0x7f6fbc5a5150>
CCC1(c2ccccc2)C(=O)NC(=O)NC1=O,0.0049145431257784,000050-06-6,Phenobarbital,0,0,<rdkit.Chem.rdchem.Mol object at 0x7f6fbc5a51b0>
O=C1NC(=O)CCC1N1C(=O)c2ccccc2C1=O,0.002405208768323,000050-35-1,"1H-Isoindole-1,3(2H)-dione, 2-(2,6-dioxo-3-piperidinyl)-",0,0,<rdkit.Chem.rdchem.Mol object at 0x7f6fbc5a5210>
CCN(CC)C(=O)C1C=C2c3cccc4[nH]cc(c34)CC2N(C)C1,0.6137956976890564,000050-37-3,"D-Lysergic acid N,N-diethylamide",0,1,<rdkit.Chem.rdchem.Mol object at 0x7f6fbc5a5270>
CC(=O)Oc1ccccc1C(=O)O,0.000105278166302,000050-78-2,Aspirin,0,0,<rdkit.Chem.rdchem.Mol object at 0x7f6fbc5a52d0>
Oc1ncc(F)c(O)n1,0.0001446847163606,000051-21-8,5-Fluorouracil,0,0,<rdkit.Chem.rdchem.Mol object at 0x7f6fbc5a5330>
CN(CCCl)CCCl,0.0092945098876953,000051-75-2,Bis(2-chloroethyl)methylamine,0,0,<rdkit.Chem.rdchem.Mol object at 0x7f6fbc5a5390>
N[C@@H](CS)C(=O)O,2.7940268410020508e-06,000052-90-4,L-Cysteine,0,0,<rdkit.Chem.rdchem.Mol object at 0x7f6fbc5a53f0>
CN1CCC[C@@H]1c1cccnc1,0.0190942995250225,000054-11-5,"Pyridine, 3-(1-methyl-2-pyrrolidinyl)-, (S)-",0,0,<rdkit.Chem.rdchem.Mol object at 0x7f6fbc5a5450>
CN=C(NC)NCc1ccccc1,0.0005836146883666,000055-73-2,"Guanidine, 2-benzyl-1,3-dimethyl-",0,0,<rdkit.Chem.rdchem.Mol object at 0x7f6fbc5a54b0>
N[C@@H](CC(=O)O)C(=O)O,1.572883434164396e-06,,L-Aspartic acid,0,0,<rdkit.Chem.rdchem.Mol object at 0x7f6fbc5a5510>
N[C@@H](CCC(=O)O)C(=O)O,2.185789753639256e-06,000056-86-0,L-Glutamic acid,0,0,<rdkit.Chem.rdchem.Mol object at 0x7f6fbc5a5570>
C#C[C@@]1(O)CC[C@@H]2[C@H]3CCc4cc(O)ccc4[C@@H]3CC[C@]21C,0.8034954071044922,000057-63-6,Ethinyl Estradiol,0,1,<rdkit.Chem.rdchem.Mol object at 0x7f6fbc5a55d0>
Cc1c(N(C)C)c(=O)n(-c2ccccc2)n1C,0.085733063519001,000058-15-1,Aminopyrine,0,0,<rdkit.Chem.rdchem.Mol object at 0x7f6fbc5a5630>
CC12CCC(=O)C=C1CCC1C2CCC2(C)C1CC[C@@]2(C)O,0.8653371930122375,000058-18-4,17-Methyltestosterone,0,1,<rdkit.Chem.rdchem.Mol object at 0x7f6fbc5a5690>
Cn1c(=O)c2nc[nH]c2n(C)c1=O,0.000610812625382,000058-55-9,Theophylline,0,0,<rdkit.Chem.rdchem.Mol object at 0x7f6fbc5a56f0>
Nc1ncnc2c1ncn2[C@H]1O[C@@H](CO)[C@H](O)[C@@H]1O,0.0001758481521392,000058-61-7,9--d-Arabinofuranosyladenine,0,0,<rdkit.Chem.rdchem.Mol object at 0x7f6fbc5a5750>
CN(C)CCOC(c1ccccc1)c1ccccc1,0.1117669641971588,000058-73-1,Benadryl,0,0,<rdkit.Chem.rdchem.Mol object at 0x7f6fbc5a57b0>
n1c2C(=O)NC(N)=Nc2ncc1CNc3ccc(cc3)C(=O)N[C@H](C(O)=O)CCC(O)=O,0.0014234118862077,000059-30-3,Folic Acid,0,0,<rdkit.Chem.rdchem.Mol object at 0x7f6fbc5a5810>
OCC(S)CS,6.944696906430181e-06,000059-52-9,"2,3-Dimercaptopropan-1-ol",0,0,<rdkit.Chem.rdchem.Mol object at 0x7f6fbc5a5870>
CC(=O)Nc1nnc(S(N)(=O)=O)s1,3.6393339541973546e-05,000059-66-5,"5-Acetamido-1,3,4-thiadiazole-2-sulfonamide",0,0,<rdkit.Chem.rdchem.Mol object at 0x7f6fbc5a58d0>
O=C(O)c1cccnc1,2.5266974262194708e-05,000059-67-6,Niacin,0,0,<rdkit.Chem.rdchem.Mol object at 0x7f6fbc5a5930>
C1=C(OC(=C1)[N+](=O)[O-])/C=N/NC(=O)N,1.5347930457210168e-05,000059-87-0,Nitrofurazone,0,0,<rdkit.Chem.rdchem.Mol object at 0x7f6fbc5a5990>
c1ccc(CC2=NCCN2)cc1,0.001748697948642,000059-98-3,"1H-Imidazole, 4,5-dihydro-2-(phenylmethyl)-",0,0,<rdkit.Chem.rdchem.Mol object at 0x7f6fbc5a59f0>
NCCS,2.8753664082614705e-05,000060-23-1,Mercaptamine,0,0,<rdkit.Chem.rdchem.Mol object at 0x7f6fbc5a5a50>
CN(C)C1C(O)=C(C(=O)N)C(=O)C2(O)C(O)=C3C(=O)c4c(O)cccc4C(C)(O)C3CC12,0.0377319194376468,000060-54-8,Tetracycline,0,0,<rdkit.Chem.rdchem.Mol object at 0x7f6fbc5a5ab0>
Cn1ccnc1S,0.0005179059226065,000060-56-0,"2H-Imidazole-2-thione, 1,3-dihydro-1-methyl-",0,0,<rdkit.Chem.rdchem.Mol object at 0x7f6fbc5a5b10>
Cc1cc(=O)n(-c2ccccc2)n1C,0.0202045328915119,000060-80-0,Antipyrine,0,0,<rdkit.Chem.rdchem.Mol object at 0x7f6fbc5a5b70>
Nc1ncnc2c1ncn2[C@H]1O[C@@H](COP(=O)(O)O)[C@H](O)[C@@H]1O,0.0001169472161564,000061-19-8,adenosine phosphate,0,0,<rdkit.Chem.rdchem.Mol object at 0x7f6fbc5a5bd0>
CN(C)CCc1c[nH]c2ccccc12,0.0154827237129211,000061-50-7,"N,N-Dimethyltryptamine",0,0,<rdkit.Chem.rdchem.Mol object at 0x7f6fbc5a5c30>
CCN(CC)CCc1c[nH]c2ccccc12,0.0222024768590927,000061-51-8,"Indole, 3-(2-(diethylamino)ethyl)-",0,0,<rdkit.Chem.rdchem.Mol object at 0x7f6fbc5a5c90>
Cc1cccc(Nc2ccccc2C(=O)O)c1C,0.0111169163137674,000061-68-7,Mefenamic Acid,0,0,<rdkit.Chem.rdchem.Mol object at 0x7f6fbc5a5cf0>
CSCC[C@@H](N)C(=O)O,8.741825695324223e-06,000063-68-3,L-Methionine,0,0,<rdkit.Chem.rdchem.Mol object at 0x7f6fbc5a5d50>
Cc1ncc(CO)c(CO)c1O,0.0009322793339379,000065-23-6,"3,4-Pyridinedimethanol, 5-hydroxy-6-methyl-",0,0,<rdkit.Chem.rdchem.Mol object at 0x7f6fbc5a5db0>
Nc1ccc(C(=O)O)c(O)c1,2.686377592908684e-05,000065-49-6,Aminosalicylic Acid,0,0,<rdkit.Chem.rdchem.Mol object at 0x7f6fbc5a5e10>
Oc1ncc(N(CCCl)CCCl)c(O)n1,0.0029137306846678,000066-75-1,Uracil Mustard,0,0,<rdkit.Chem.rdchem.Mol object at 0x7f6fbc5a5e70>
O=c1oc2ccccc2c(O)c1Cc1c(O)c2ccccc2oc1=O,0.0945652648806572,000066-76-2,Dicumarol,0,0,<rdkit.Chem.rdchem.Mol object at 0x7f6fbc5a5ed0>
C#C[C@]1(O)CCC2C3CCC4=CC(=O)CCC4C3CCC21C,0.7185714840888977,000068-22-4,Norethindrone,0,1,<rdkit.Chem.rdchem.Mol object at 0x7f6fbc5a5f30>
Nc1ccc(S(=O)(=O)Nc2ncccn2)cc1,0.0005509224138222,000068-35-9,Sulfadiazine,0,0,<rdkit.Chem.rdchem.Mol object at 0x7f6fbc5a5f90>
OC[C@@H](O)[C@@H](O)[C@H](O)[C@H](O)CO,1.5328679410231416e-06,000069-65-8,D-Mannitol,0,0,<rdkit.Chem.rdchem.Mol object at 0x7f6fbc59d030>
NC(=O)C[C@@H](N)C(=O)O,3.415767878323095e-06,000070-47-3,L-Asparagine,0,0,<rdkit.Chem.rdchem.Mol object at 0x7f6fbc59d090>
CC(=O)N(O)CCCCCNC(=O)CCC(=O)N(O)CCCCCNC(=O)CCC(=O)N(O)CCCCCN,0.0007418429595418,000070-51-9,Deferoxamine,0,0,<rdkit.Chem.rdchem.Mol object at 0x7f6fbc59d0f0>
CCCCCO,2.5715135052450933e-05,000071-41-0,1-Pentanol,0,0,<rdkit.Chem.rdchem.Mol object at 0x7f6fbc59d150>
N[C@@H](Cc1c[nH]c2ccccc12)C(=O)O,0.0004272439400665,000073-22-3,L-Tryptophan,0,0,<rdkit.Chem.rdchem.Mol object at 0x7f6fbc59d1b0>
CC[C@H](C)[C@@H](N)C(=O)O,2.7697818950400688e-05,000073-32-5,L-Isoleucine,0,0,<rdkit.Chem.rdchem.Mol object at 0x7f6fbc59d210>
N=C(N)NCCC[C@@H](N)C(=O)O,3.114860191999469e-06,000074-79-3,Arginine,0,0,<rdkit.Chem.rdchem.Mol object at 0x7f6fbc59d270>
CCCCC1(CC)C(=O)NC(=O)NC1=O,0.0003917455323971,000077-28-1,Butethal,0,0,<rdkit.Chem.rdchem.Mol object at 0x7f6fbc59d2d0>
OC(CCN1CCCCC1)(c1ccccc1)C1CCCC1,0.568394660949707,000077-39-4,"1-Piperidinepropanol, -cyclopentyl--phenyl-",0,1,<rdkit.Chem.rdchem.Mol object at 0x7f6fbc59d330>
CCCC(C)(COC(=O)N)COC(=O)NC(C)C,0.0001961648813448,000078-44-4,"Carbamic acid, (1-methylethyl)-, 2-[[(aminocarbonyl)oxy]methyl]-2-methylpentyl ester",0,0,<rdkit.Chem.rdchem.Mol object at 0x7f6fbc59d390>
CC(C)CO,8.141506987158209e-05,000078-83-1,"1-Propanol, 2-methyl-",0,0,<rdkit.Chem.rdchem.Mol object at 0x7f6fbc59d3f0>
C[N+]1(C)C2CCC1CC(OC(=O)C(O)c1ccccc1)C2,0.015911154448986,000080-49-9,Homatropine methyl bromide,0,0,<rdkit.Chem.rdchem.Mol object at 0x7f6fbc59d450>
Cc1c(N)c(=O)n(-c2ccccc2)n1C,0.0142251532524824,000083-07-8,Ampyrone,0,0,<rdkit.Chem.rdchem.Mol object at 0x7f6fbc59d4b0>
CC(=O)Nc1c(C)n(C)n(-c2ccccc2)c1=O,0.0151178929954767,000083-15-8,"Acetamide, N-antipyrinyl-",0,0,<rdkit.Chem.rdchem.Mol object at 0x7f6fbc59d510>
Cc1cc2nc3c(O)nc(=O)nc-3n(CC(O)C(O)C(O)CO)c2cc1C,0.0029881314840167,000083-88-5,Riboflavine,0,0,<rdkit.Chem.rdchem.Mol object at 0x7f6fbc59d570>
CC1=C(C/C=C(\C)CCC[C@@H](C)CCC[C@@H](C)CCCC(C)C)C(=O)c2ccccc2C1=O,0.3900638222694397,000084-80-0,Phytonadione,0,0,<rdkit.Chem.rdchem.Mol object at 0x7f6fbc59d5d0>
CC(CN(C)C)CN1c2ccccc2Sc2ccccc21,0.8796006441116333,000084-96-8,Trimeprazine,0,1,<rdkit.Chem.rdchem.Mol object at 0x7f6fbc59d630>
CCCCOc1cc(C(=O)NCCN(CC)CC)c2ccccc2n1,0.0577678233385086,000085-79-0,Dibucaine,0,0,<rdkit.Chem.rdchem.Mol object at 0x7f6fbc59d690>
CN1C2CCC1CC(OC(c1ccccc1)c1ccccc1)C2,0.821051299571991,000086-13-5,Benztropine,0,1,<rdkit.Chem.rdchem.Mol object at 0x7f6fbc59d6f0>
CCN(CC)C(C)C=C(c1cccs1)c1cccs1,0.2024993151426315,000086-14-6,Thiambutene,0,0,<rdkit.Chem.rdchem.Mol object at 0x7f6fbc59d750>
O=[N+]([O-])OC1COC2C(O[N+](=O)[O-])COC12,1.600384530320298e-05,000087-33-2,Isosorbide Dinitrate,0,0,<rdkit.Chem.rdchem.Mol object at 0x7f6fbc59d7b0>
CCN(CC)C(=O)N1CCN(C)CC1,0.0088571412488818,000090-89-1,"1-Piperazinecarboxamide, N,N-diethyl-4-methyl-",0,0,<rdkit.Chem.rdchem.Mol object at 0x7f6fbc59d810>
CCN(CC)c1ccccc1,0.0185424424707889,000091-66-7,"N,N-Diethylaniline",0,0,<rdkit.Chem.rdchem.Mol object at 0x7f6fbc59d870>
COc1ccc(CN(CCN(C)C)c2ccccn2)cc1,0.1941444128751754,000091-84-9,Pyrilamine,0,0,<rdkit.Chem.rdchem.Mol object at 0x7f6fbc59d8d0>
CCCNC(=O)NS(=O)(=O)c1ccc(Cl)cc1,0.0015000741695985,000094-20-2,Chloropropamide,0,0,<rdkit.Chem.rdchem.Mol object at 0x7f6fbc59d930>
N=c1ccc(N=Nc2ccccc2)c(N)[nH]1,0.0001128068470279,000094-78-0,"2,6-Pyridinediamine, 3-(phenylazo)-",0,0,<rdkit.Chem.rdchem.Mol object at 0x7f6fbc59d990>
O=C(Cl)c1ccccc1,0.0065976991318166,000098-88-4,Benzoyl chloride,0,0,<rdkit.Chem.rdchem.Mol object at 0x7f6fbc59d9f0>
NC(=O)c1cccnc1,0.0001063761083059,000098-92-0,Niacinamide,0,0,<rdkit.Chem.rdchem.Mol object at 0x7f6fbc59da50>
CCCCOc1cc(C(=O)OCCN(CC)CC)ccc1N,0.0071769086644053,000099-43-4,"Benzoic acid, 4-amino-3-butoxy-, 2-(diethylamino)ethyl ester",0,0,<rdkit.Chem.rdchem.Mol object at 0x7f6fbc59dab0>
CCCC(CCC)C(=O)O,3.558790194801986e-05,000099-66-1,Valproic Acid,0,0,<rdkit.Chem.rdchem.Mol object at 0x7f6fbc59db10>
CNC(C)(C)Cc1ccccc1,0.0188474934548139,000100-92-5,"Benzeneethanamine, N,,-trimethyl-",0,0,<rdkit.Chem.rdchem.Mol object at 0x7f6fbc59db70>
C#CCO,0.00011503292626,000107-19-7,Propargyl alcohol,0,0,<rdkit.Chem.rdchem.Mol object at 0x7f6fbc59dbd0>
CC(C)CCON=O,4.405459185363725e-05,000110-46-3,Isoamyl nitrite,0,0,<rdkit.Chem.rdchem.Mol object at 0x7f6fbc59dc30>
N=C(N)NC(=N)NCCc1ccccc1,0.0001558137882966,000114-86-3,"Imidodicarbonimidic diamide, N-(2-phenylethyl)-",0,0,<rdkit.Chem.rdchem.Mol object at 0x7f6fbc59dc90>
CCC1(c2ccccc2)C(=O)N(C)C(=O)NC1=O,0.0147424321621656,000115-38-8,Mephobarbital,0,0,<rdkit.Chem.rdchem.Mol object at 0x7f6fbc59dcf0>
O=C1c2cccc(O)c2C(=O)c2c(O)cccc21,0.001834294758737,000117-10-2,Danthron,0,0,<rdkit.Chem.rdchem.Mol object at 0x7f6fbc59dd50>
NS(=O)(=O)c1cc(Cl)c(Cl)c(S(N)(=O)=O)c1,0.0043600797653198,000120-97-8,Dichlorphenamide,0,0,<rdkit.Chem.rdchem.Mol object at 0x7f6fbc59ddb0>
CN(C)c1ccccc1,0.0103940712288022,000121-69-7,"Benzenamine, N,N-dimethyl-",0,0,<rdkit.Chem.rdchem.Mol object at 0x7f6fbc59de10>
COc1ccc2c3c1OC1C(O)CCC4C(C2)N(C)CCC341,0.9759035110473632,000125-28-0,"Morphinan-6-ol, 4,5-epoxy-3-methoxy-17-methyl-, (5,6)-",0,1,<rdkit.Chem.rdchem.Mol object at 0x7f6fbc59de70>
CC(=O)C(=O)O,1.1135733757328126e-06,000127-17-3,"Propanoic acid, 2-oxo-",0,0,<rdkit.Chem.rdchem.Mol object at 0x7f6fbc59ded0>
CCN(CC)CCOC(=O)c1ccc(N)cc1Cl,0.0181117672473192,000133-16-4,"Benzoic acid, 4-amino-2-chloro-, 2-(diethylamino)ethyl ester",0,0,<rdkit.Chem.rdchem.Mol object at 0x7f6fbc59df30>
COc1cc(C(=O)NCc2ccc(OCCN(C)C)cc2)cc(OC)c1OC,0.2714482545852661,000138-56-7,"Benzamide, N-[[4-[2-(dimethylamino)ethoxy]phenyl]methyl]-3,4,5-trimethoxy-",0,0,<rdkit.Chem.rdchem.Mol object at 0x7f6fbc59df90>
O=C(O)C1=CC(O)C(O)C(O)C1,1.7168695194413883e-06,000138-59-0,Shikimic acid,0,0,<rdkit.Chem.rdchem.Mol object at 0x7f6fbc596030>
CN1CCC(OC(c2ccccc2)c2ccccc2)CC1,0.4245521128177643,000147-20-6,Diphenylpyraline,0,0,<rdkit.Chem.rdchem.Mol object at 0x7f6fbc596090>
CC(N)Cc1c[nH]c2ccccc12,0.0111591052263975,000299-26-3,"1H-Indole-3-ethanamine, -methyl-",0,0,<rdkit.Chem.rdchem.Mol object at 0x7f6fbc5960f0>
CCN1CC(CCN2CCOCC2)C(c2ccccc2)(c2ccccc2)C1=O,0.9835563898086548,000309-29-5,"2-Pyrrolidinone, 1-ethyl-4-[2-(4-morpholinyl)ethyl]-3,3-diphenyl-",0,1,<rdkit.Chem.rdchem.Mol object at 0x7f6fbc596150>
COc1ccc2c3c1OC1CC(O)C=CC31CCN(C)C2,0.6649547815322876,000357-70-0,Galantamin,0,1,<rdkit.Chem.rdchem.Mol object at 0x7f6fbc5961b0>
CCn1cc(C(=O)O)c(=O)c2ccc(C)nc21,0.0007285372703336,000389-08-2,Nalidixic Acid,0,0,<rdkit.Chem.rdchem.Mol object at 0x7f6fbc596210>
CC/C=C\C/C=C\C/C=C\CCCCCCCC(=O)O,0.000114286718599,000463-40-1,"9,12,15-Octadecatrienoic acid, (Z,Z,Z)-",0,0,<rdkit.Chem.rdchem.Mol object at 0x7f6fbc596270>
CC(O)C(C)(C)C,0.0002868458686862,000464-07-3,"3,3-Dimethylbutane-2-ol",0,0,<rdkit.Chem.rdchem.Mol object at 0x7f6fbc5962d0>
C=CCN1CCC23c4c5ccc(O)c4OC2C(=O)CCC3(O)C1C5,0.6849901080131531,000465-65-6,"Morphinan-6-one, 4,5-epoxy-3,14-dihydroxy-17-(2-propenyl)-, (5)-",0,1,<rdkit.Chem.rdchem.Mol object at 0x7f6fbc596330>
CCC(=O)O[C@@](Cc1ccccc1)(c1ccccc1)[C@@H](C)CN(C)C,0.6173841953277588,000469-62-5,Propoxyphene,0,1,<rdkit.Chem.rdchem.Mol object at 0x7f6fbc596390>
O=C(O)CNC(=O)c1ccccc1O,1.548471482237801e-05,000487-54-7,"Glycine, N-(2-hydroxybenzoyl)-",0,0,<rdkit.Chem.rdchem.Mol object at 0x7f6fbc5963f0>
CCCOc1ccc(C(=O)OCCN(CC)CC)cc1N,0.0070109525695443,000499-67-2,"Benzoic acid, 3-amino-4-propoxy-, 2-(diethylamino)ethyl ester",0,0,<rdkit.Chem.rdchem.Mol object at 0x7f6fbc596450>
CC(Cc1ccc(O)c(O)c1)C(C)Cc1ccc(O)c(O)c1,0.0063713449053466,000500-38-9,Nordihydroguaiaretic acid,0,0,<rdkit.Chem.rdchem.Mol object at 0x7f6fbc5964b0>
CNC(C)CCC=C(C)C,0.0003914064145646,000503-01-5,"5-Hepten-2-amine, N,6-dimethyl-",0,0,<rdkit.Chem.rdchem.Mol object at 0x7f6fbc596510>
N=c1cc[nH]cc1,9.26297070691362e-05,000504-24-5,4-Aminopyridine,0,0,<rdkit.Chem.rdchem.Mol object at 0x7f6fbc596570>
Nc1ccccn1,0.0002794420870486,000504-29-0,2-Aminopyridine,0,0,<rdkit.Chem.rdchem.Mol object at 0x7f6fbc5965d0>
Cc1cc(NS(=O)(=O)c2ccc(N)cc2)nc(C)n1,0.003444236004725,000515-64-0,Sulfisomidine,0,0,<rdkit.Chem.rdchem.Mol object at 0x7f6fbc596630>
CNc1c(C)n(C)n(-c2ccccc2)c1=O,0.0381908230483531,000519-98-2,Noramidopyrine,0,0,<rdkit.Chem.rdchem.Mol object at 0x7f6fbc596690>
CCC1CN2CCC1C[C@@H]2[C@@H](O)c1ccnc2ccc(OC)cc12,0.6587998867034912,000522-66-7,"Cinchonan-9-ol, 10,11-dihydro-6'-methoxy-, (8,9R)-",0,1,<rdkit.Chem.rdchem.Mol object at 0x7f6fbc5966f0>
CN[C@@H](C)Cc1ccccc1,0.0069243176840245,000537-46-2,Methamphetamine,0,0,<rdkit.Chem.rdchem.Mol object at 0x7f6fbc596750>
Cc1ncc([N+](=O)[O-])n1C,0.0010174966882914,000551-92-8,Dimetridazole,0,0,<rdkit.Chem.rdchem.Mol object at 0x7f6fbc5967b0>
CC(=O)Oc1ccc2c3c1OC1C(OC(C)=O)C=CC4C(C2)N(C)CCC341,0.8802195191383362,000561-27-3,Diacetylmorphine,0,1,<rdkit.Chem.rdchem.Mol object at 0x7f6fbc596810>
O=C(O)CCCO,1.8221262507722715e-06,000591-81-1,"Butanoic acid, 4-hydroxy-",0,0,<rdkit.Chem.rdchem.Mol object at 0x7f6fbc596870>
CC(=O)N[C@@H](CS)C(=O)O,4.382729912322247e-06,000616-91-1,"L-Cysteine, N-acetyl-",0,0,<rdkit.Chem.rdchem.Mol object at 0x7f6fbc5968d0>
CNNCc1ccc(C(=O)NC(C)C)cc1,0.0019006541697308,000671-16-9,"Benzamide, N-(1-methylethyl)-4-[(2-methylhydrazino)methyl]-",0,0,<rdkit.Chem.rdchem.Mol object at 0x7f6fbc596930>
COc1cc(Cc2c[nH]c(=N)[nH]c2=N)cc(OC)c1OC,0.0110413869842886,000738-70-5,Trimethoprim,0,0,<rdkit.Chem.rdchem.Mol object at 0x7f6fbc596990>
CC12CCC3C(CC[C@@H]4CC(=O)CCC34C)C1CCC2=O,0.840877115726471,000846-46-8,"Androstane-3,17-dione, (5)-",0,1,<rdkit.Chem.rdchem.Mol object at 0x7f6fbc5969f0>
CC(C)(Oc1ccc(Cl)cc1)C(=O)O,0.004561367444694,000882-09-7,Clofibric Acid,0,0,<rdkit.Chem.rdchem.Mol object at 0x7f6fbc596a50>
c1ccc(SSc2ccccc2)cc1,0.0597842670977115,000882-33-7,"Disulfide, diphenyl",0,0,<rdkit.Chem.rdchem.Mol object at 0x7f6fbc596ab0>
CCN(CC)CCOc1ccc(/C(=C(\Cl)c2ccccc2)c2ccccc2)cc1,0.973359763622284,000911-45-5,Clomiphene,1,1,<rdkit.Chem.rdchem.Mol object at 0x7f6fbc596b10>
CC1=CC(=O)C(C)=C(C)C1=O,0.0004375086864456,000935-92-2,"2,3,6-trimethyl-p-benzoquinone",0,0,<rdkit.Chem.rdchem.Mol object at 0x7f6fbc596b70>
Cc1cc(=N)[nH]o1,5.99394625169225e-05,001072-67-9,"3-Isoxazolamine, 5-methyl-",0,0,<rdkit.Chem.rdchem.Mol object at 0x7f6fbc596bd0>
COc1cc(CC(C)N)cc(OC)c1OC,0.0371753796935081,001082-88-8,"Phenethylamine, 3,4,5-trimethoxy--methyl-",0,0,<rdkit.Chem.rdchem.Mol object at 0x7f6fbc596c30>
CC12CCC(=O)C(Cl)=C1CCC1C2CCC2(C)C1CC[C@H]2O,0.9656832218170166,001093-58-9,"Androst-4-en-3-one, 4-chloro-17-hydroxy-, (17)-",0,1,<rdkit.Chem.rdchem.Mol object at 0x7f6fbc596c90>
Nc1ccccc1SSc1ccccc1N,0.0371271520853042,001141-88-4,Bis(o-aminophenyl) disulfide,0,0,<rdkit.Chem.rdchem.Mol object at 0x7f6fbc596cf0>
NC[C@H]1CC[C@H](C(=O)O)CC1,0.0001435311423847,001197-18-8,Tranexamic Acid,0,0,<rdkit.Chem.rdchem.Mol object at 0x7f6fbc596d50>
CCNC1C2CCC(C2)C1c1ccccc1,0.2579363286495209,001209-98-9,"2-Norbornanamine, N-ethyl-3-phenyl-",0,0,<rdkit.Chem.rdchem.Mol object at 0x7f6fbc596db0>
CCOC(=O)CC(SP(=O)(OC)OC)C(=O)OCC,0.0002001500688493,001634-78-2,Malaoxon,0,0,<rdkit.Chem.rdchem.Mol object at 0x7f6fbc596e10>
CCCCC/C=C/C/C=C/C/C=C/CCCCCCC(=O)O,0.0001392183476127,001783-84-2,"8,11,14-Eicosatrienoic acid, (Z,Z,Z)-",0,0,<rdkit.Chem.rdchem.Mol object at 0x7f6fbc596e70>
OC1=NCN(c2ccccc2)C12CCN(CCCC(c1ccc(F)cc1)c1ccc(F)cc1)CC2,0.996225357055664,001841-19-6,Fluspirilene,1,1,<rdkit.Chem.rdchem.Mol object at 0x7f6fbc596ed0>
CC12CC[C@H](O)C[C@H]1CCC1C2CCC2(C)C1CC[C@H]2O,0.7881729006767273,001852-53-5,"Androstane-3,17-diol, (3,5,17)-",0,1,<rdkit.Chem.rdchem.Mol object at 0x7f6fbc596f30>
Oc1nc2ccccc2n1C1CCN(CCCC(c2ccc(F)cc2)c2ccc(F)cc2)CC1,0.991796612739563,002062-78-4,Pimozide,1,1,<rdkit.Chem.rdchem.Mol object at 0x7f6fbc596f90>
CNC(=S)N(C)C,0.0003402701986487,002489-77-2,"Thiourea, trimethyl-",0,0,<rdkit.Chem.rdchem.Mol object at 0x7f6fbc58d030>
CCC(=O)c1ccc2c(c1)N(CCCN1CCN(CCO)CC1)c1ccccc1S2,0.8814162611961365,002622-30-2,Carfenazine,0,1,<rdkit.Chem.rdchem.Mol object at 0x7f6fbc58d090>
CCNC(=S)Nc1ccccc1,0.0019719547126442,002741-06-2,"Thiourea, N-ethyl-N'-phenyl-",0,0,<rdkit.Chem.rdchem.Mol object at 0x7f6fbc58d0f0>
CN(C)C(=S)N(C)C,0.0015452110674232,002782-91-4,"Thiourea, tetramethyl-",0,0,<rdkit.Chem.rdchem.Mol object at 0x7f6fbc58d150>
COc1ccc(OC)c(CC(C)N)c1,0.0180643871426582,002801-68-5,"Benzeneethanamine, 2,5-dimethoxy--methyl-",0,0,<rdkit.Chem.rdchem.Mol object at 0x7f6fbc58d1b0>
CC(C)(C)C(=O)Cl,0.0029895594343543,003282-30-2,Pivalyl chloride,0,0,<rdkit.Chem.rdchem.Mol object at 0x7f6fbc58d210>
Cc1ccc(S(=O)(=O)N=C=O)cc1,0.0002633041003718,004083-64-1,"Benzenesulfonyl isocyanate, 4-methyl-",0,0,<rdkit.Chem.rdchem.Mol object at 0x7f6fbc58d270>
CN(C)N=Nc1[nH]cnc1C(N)=O,1.4465602362179196e-05,004342-03-4,"Imidazole-4-carboxamide, 5-(3,3-dimethyl-1-triazeno)-",0,0,<rdkit.Chem.rdchem.Mol object at 0x7f6fbc58d2d0>
CCc1c(C)[nH]c2c1C(=O)C(CN1CCOCC1)CC2,0.2550035715103149,007416-34-4,"Indol-4(5H)-one, 3-ethyl-6,7-dihydro-2-methyl-5-(morpholinomethyl)-",0,0,<rdkit.Chem.rdchem.Mol object at 0x7f6fbc58d330>
CC(C)N(CCC(C(=O)N)(c1ccccc1)c1ccccc1)C(C)C,0.6222504377365112,007492-32-2,"Benzenepropanaminium, -(aminocarbonyl)-N-methyl-N,N-bis(1-methylethyl)--phenyl-",0,1,<rdkit.Chem.rdchem.Mol object at 0x7f6fbc58d390>
CC(=O)NC(C=O)C(O)C(O)C(O)CO,1.200412611979118e-06,007512-17-6,N-Acetyl-D-glucosamine,0,0,<rdkit.Chem.rdchem.Mol object at 0x7f6fbc58d3f0>
CC(C)NCC(O)c1ccc(O)c(O)c1,0.0001546406419947,007683-59-2,Isoproterenol,0,0,<rdkit.Chem.rdchem.Mol object at 0x7f6fbc58d450>
CC(N)C12CC3CC(CC(C3)C1)C2,0.55757075548172,013392-28-4,"1-Adamantanemethylamine, -methyl-",0,1,<rdkit.Chem.rdchem.Mol object at 0x7f6fbc58d4b0>
CC(=O)c1ccc2c(c1)N(CC(C)N(C)C)c1ccccc1S2,0.6632145047187805,013461-01-3,Acepromethazine,0,1,<rdkit.Chem.rdchem.Mol object at 0x7f6fbc58d510>
COc1cc(CC(C)N)cc2c1OCO2,0.0186055656522512,013674-05-0,"Phenethylamine, 3-methoxy--methyl-4,5-(methylenedioxy)-",0,0,<rdkit.Chem.rdchem.Mol object at 0x7f6fbc58d570>
CC(N)C(O)c1ccccc1,0.0011767827672883,014838-15-4,"Norephedrine, (.+/-.)-",0,0,<rdkit.Chem.rdchem.Mol object at 0x7f6fbc58d5d0>
COc1cc(CC(C)N)c(OC)cc1C,0.0633207261562347,015588-95-1,"Benzeneethanamine, 2,5-dimethoxy-,4-dimethyl-",0,0,<rdkit.Chem.rdchem.Mol object at 0x7f6fbc58d630>
CNC(C)Cc1ccc2c(c1)OCO2,0.0241740345954895,042542-10-9,"N-Methyl-3,4-methylenedioxyamphetamine",0,0,<rdkit.Chem.rdchem.Mol object at 0x7f6fbc58d690>
OC(=NCC1CCCCN1)c1cc(OCC(F)(F)F)ccc1OCC(F)(F)F,0.2157873213291168,054143-55-4,"Benzamide, N-(2-piperidinylmethyl)-2,5-bis(2,2,2-trifluoroethoxy)-",1,0,<rdkit.Chem.rdchem.Mol object at 0x7f6fbc58d6f0>
