DB_smiles,PBT_label
N[C@@H](Cc1c[nH]cn1)C(=O)O,4.4989905291004106e-05
N[C@@H](Cc1ccccc1)C(=O)O,0.00015522803005296737
O=C(O)CCCC[C@@H]1SC[C@@H]2NC(=O)N[C@@H]21,0.00032436224864795804
NCCCC[C@@H](N)C(=O)O,1.4913386621628888e-05
NCCCNCCCCNCCCN,0.00011837378406198695
N[C@@H](CO)C(=O)O,6.09783182881074e-06
N[C@@H](Cc1ccc(O)cc1)C(=O)O,7.72708299336955e-05
N[C@@H](CSSC[C@H](N)C(=O)O)C(=O)O,2.533257611503359e-05
CN(CC(=O)O)C(=N)N,1.3800800843455363e-05
CC(C)C[C@@H](N)C(=O)O,5.9973310271743685e-05
C=C1CC[C@H](O)C/C1=C/C=C1\CCC[C@]2(C)[C@@H]([C@H](C)/C=C/[C@H](C)C(C)C)CC[C@@H]12,0.8502328395843506
C[C@@H](O)[C@H](N)C(=O)O,2.1464427845785394e-05
C[C@@H](N)C(=O)O,1.4433908290811814e-05
CC(C)[C@@H](N)C(=O)O,7.217920938273892e-05
C=C1CC[C@H](O)C/C1=C/C=C1\CCC[C@]2(C)[C@@H]([C@H](C)CCCC(C)C)CC[C@@H]12,0.8043421506881714
CC1=CC(=O)c2ccccc2C1=O,0.0023169165942817926
O=C(O)[C@@H]1CCCN1,3.650244252639823e-05
Nc1ncnc2nc[nH]c12,0.0006585929077118635
COCCCC/C(=N\OCCN)c1ccc(C(F)(F)F)cc1,0.02478015422821045
NCC(CC(=O)O)c1ccc(Cl)cc1,0.0019014420686289668
CC(N)Cc1ccccc1,0.0020922827534377575
C#CC(O)(/C=C/Cl)CC,0.0004153359623160213
CC(C)(N)Cc1ccccc1,0.007584893610328436
COc1cccc(C2(O)CCCCC2CN(C)C)c1,0.08761654049158096
CC[C@H]1OC(=O)[C@H](C)[C@@H](O[C@H]2C[C@@](C)(OC)[C@@H](O)[C@H](C)O2)[C@H](C)[C@@H](O[C@@H]2O[C@H](C)C[C@H](N(C)C)[C@H]2O)[C@](C)(O)C[C@@H](C)C(=O)[C@H](C)[C@@H](O)[C@]1(C)O,0.45736128091812134
CCc1nc(N)nc(N)c1-c1ccc(Cl)cc1,0.10296101868152618
CC[C@H](C)C(=O)O[C@H]1C[C@@H](C)C=C2C=C[C@H](C)[C@H](CC[C@@H]3C[C@@H](O)CC(=O)O3)[C@H]21,0.10462909191846848
CC(C)C[C@H](CN)CC(=O)O,0.00011906785948667675
O=C(CCBr)N1CCN(C(=O)CCBr)CC1,0.06731241941452026
Nc1ccc(S(N)(=O)=O)cc1,0.0001891522406367585
Cc1noc(NS(=O)(=O)c2ccc(N)cc2)c1C,0.0018419709522277117
CC=CC(=O)N(CC)c1ccccc1C,0.014242650009691715
COC(=O)C1=C(C)NC(C)=C(C(=O)OC(C)C)C1c1cccc2nonc12,0.0642094835639
NCCc1ccn[nH]1,0.00024719751672819257
COc1ccc(C(CN(C)C)C2(O)CCCCC2)cc1,0.1566726118326187
O=C(O)CCCc1ccc(N(CCCl)CCCl)cc1,0.03677031770348549
CCOC(=O)c1cncn1[C@H](C)c1ccccc1,0.006076632533222437
CN1CC[C@]23c4c5ccc(O)c4O[C@H]2[C@@H](O)C=C[C@H]3[C@H]1C5,0.471209853887558
CCOc1ccc2nc(S(N)(=O)=O)sc2c1,0.001685455208644271
COc1ccc2c3c1O[C@H]1[C@@H](O)C=C[C@H]4[C@@H](C2)N(C)CC[C@@]341,0.798129677772522
CN(C)CCC=C1c2ccccc2CCc2ccccc21,0.5568540692329407
CN1CC[C@]23c4c5ccc(O)c4O[C@H]2C(=O)CC[C@H]3[C@H]1C5,0.5902198553085327
CCC(=O)C(CC(C)N(C)C)(c1ccccc1)c1ccccc1,0.5074676871299744
Cc1cc2c(s1)Nc1ccccc1N=C2N1CCN(C)CC1,0.6907249689102173
COc1ccc([C@@H]2Sc3ccccc3N(CCN(C)C)C(=O)[C@@H]2OC(C)=O)cc1,0.7921307682991028
CNCCCC1c2ccccc2C=Cc2ccccc21,0.10072814673185349
CN1C(=O)OC(C)(C)C1=O,0.004284957889467478
Nc1cc(N2CCCCC2)nc(N)[n+]1[O-],0.01288077887147665
CC(=O)O[C@]1(C(C)=O)CC[C@H]2[C@@H]3C=C(C)C4=CC(=O)CC[C@]4(C)[C@H]3CC[C@@]21C,0.911117434501648
CN1CCN(C2=Nc3cc(Cl)ccc3Nc3ccccc32)CC1,0.8223922252655029
CN(C)CCOC(C)(c1ccccc1)c1ccccn1,0.05436042696237564
OC(CCN1CCCCC1)(c1ccccc1)C1CCCCC1,0.3967258334159851
Cc1cccc(C)c1OCC(C)N,0.008776843547821045
Nc1c2c(nc3ccccc13)CCCC2,0.15711326897144318
CN1CCCN=C1COC(=O)C(O)(c1ccccc1)C1CCCCC1,0.07474534213542938
Nc1nc(N)c2nc(-c3ccccc3)c(N)nc2n1,0.012051532045006752
OC(CCN1CCCC1)(c1ccccc1)C1CCCCC1,0.29129689931869507
CNC[C@H](O)c1cccc(O)c1,0.0003739608218893409
CCOC(=O)n1ccn(C)c1=S,0.002603476168587804
COCCOC(=O)C1=C(C)NC(C)=C(C(=O)OC(C)C)C1c1cccc([N+](=O)[O-])c1,0.1079927459359169
CC(=O)[C@H]1CC[C@H]2[C@@H]3CCC4=CC(=O)CC[C@]4(C)[C@H]3CC[C@]12C,0.733202338218689
COC1=CC(=O)C[C@@H](C)[C@]12Oc1c(Cl)c(OC)cc(OC)c1C2=O,0.3483627736568451
COC(=O)C1=C(C)NC(C)=C(C(=O)OCC(C)C)C1c1ccccc1[N+](=O)[O-],0.19011209905147552
CN(C)CCCN1c2ccccc2Sc2ccccc21,0.8040592670440674
CC(=O)S[C@@H]1CC2=CC(=O)CC[C@]2(C)[C@H]2CC[C@@]3(C)[C@@H](CC[C@@]34CCC(=O)O4)[C@H]12,0.9683143496513367
COC(=O)C(c1ccccc1)C1CCCCN1,0.0036093262024223804
CN1[C@@H]2CC[C@H]1C[C@@H](OC(=O)[C@H](CO)c1ccccc1)C2,0.05776471644639969
Cc1ccc(/C(=C\CN2CCCC2)c2ccccn2)cc1,0.05711967498064041
C[C@H]1C[C@H]2[C@@H]3CCC4=CC(=O)C=C[C@]4(C)[C@@]3(F)[C@@H](O)C[C@]2(C)[C@@]1(O)C(=O)CO,0.8522903323173523
O=C(N[C@H](CO)[C@H](O)c1ccc([N+](=O)[O-])cc1)C(Cl)Cl,0.006910834927111864
CCOC(=O)C1(c2ccccc2)CCN(C)CC1,0.10159362107515335
CN(C)CCCN1c2ccccc2CCc2ccccc21,0.7630380392074585
COc1ccc2cc(CCC(C)=O)ccc2c1,0.015926916152238846
C=C[C@H]1C[N@@]2CC[C@H]1C[C@H]2[C@H](O)c1ccnc2ccc(OC)cc12,0.3714001774787903
CC(CNC1CCCCC1)OC(=O)c1ccccc1,0.0021708833519369364
CN(C)CCCN1c2ccccc2Sc2ccc(Cl)cc21,0.9471775889396667
CN(C)c1nc(N(C)C)nc(N(C)C)n1,0.028713254258036613
CC(C)NCC(O)c1ccc(NS(C)(=O)=O)cc1,0.0008124100277200341
O=C1CC2(CCCC2)CC(=O)N1CCCCN1CCN(c2ncccn2)CC1,0.6331807374954224
COc1ccc2c3c1O[C@H]1C(=O)CC[C@@]4(O)[C@@H](C2)N(C)CC[C@]314,0.8878514766693115
O=C1c2ccccc2C(=O)C1c1ccccc1,0.01565486565232277
Cc1ccc(C(=O)c2ccc(CC(=O)O)n2C)cc1,0.004494209308177233
CN/C(=N/C#N)NCCSCc1nc[nH]c1C,0.0010092455195263028
C=CCN1CC[C@]23CCCC[C@H]2[C@H]1Cc1ccc(O)cc13,0.6422202587127686
NCCCCCC(=O)O,1.1254207493038848e-05
COc1ccc2c(c1)[C@]13CCCC[C@@H]1[C@H](C2)N(C)CC3,0.9276716113090515
Cc1ccccc1N1C(=O)c2cc(S(N)(=O)=O)c(Cl)cc2NC1C,0.41898706555366516
Cc1cccc(N(C)C(=S)Oc2ccc3ccccc3c2)c1,0.5007086992263794
O=P1(N(CCCl)CCCl)NCCCO1,0.02328992262482643
O=C(O)c1cn(C2CC2)c2cc(N3CCNCC3)c(F)cc2c1=O,0.16508716344833374
CNCCC=C1c2ccccc2CCc2ccccc21,0.21736611425876617
Clc1ccc2c(c1)C(N1CCNCC1)=Nc1ccccc1O2,0.42375898361206055
CC(=O)NO,1.6722187865525484e-05
COc1c2occc2cc2ccc(=O)oc12,0.013518553227186203
CN1C(C(=O)Nc2ccccn2)=C(O)c2ccccc2S1(=O)=O,0.006531097926199436
Nc1nnc(-c2cccc(Cl)c2Cl)c(N)n1,0.06343619525432587
OCCOCCN1CCN(C(c2ccccc2)c2ccc(Cl)cc2)CC1,0.6207520365715027
NS(=O)(=O)c1cc2c(cc1Cl)N=C(CSCc1ccccc1)NS2(=O)=O,0.17055460810661316
CN(Cc1cnc2nc(=N)[nH]c(N)c2n1)c1ccc(C(=O)N[C@@H](CCC(=O)O)C(=O)O)cc1,0.003240588353946805
C(=C/c1ccccc1)\CN1CCN(C(c2ccccc2)c2ccccc2)CC1,0.6407894492149353
CC(C)NCC(O)COc1cccc2ccccc12,0.00699797784909606
CN1[C@@H]2CC[C@H]1C[C@@H](OC(=O)C(CO)c1ccccc1)C2,0.05371515825390816
CCNC(C)Cc1cccc(C(F)(F)F)c1,0.17077144980430603
Clc1cccc(Cl)c1NC1=NCCN1,0.03756609559059143
OC1(c2ccc(Cl)cc2)c2ccccc2C2=NCCN21,0.684560239315033
C1CNCCN1,0.00031848953221924603
Oc1ccc(OCc2ccccc2)cc1,0.0012741484679281712
CC(=O)O[C@]1(C(C)=O)CC[C@H]2[C@@H]3C[C@H](C)C4=CC(=O)CC[C@]4(C)[C@H]3CC[C@@]21C,0.9286999106407166
NS(=O)(=O)c1cc2c(cc1Cl)NC(C1CC3C=CC1C3)NS2(=O)=O,0.10875789821147919
CCN(CC)CCCC(C)Nc1ccnc2cc(Cl)ccc12,0.32298505306243896
CC(C)NCC(O)COc1ccc(COCCOC(C)C)cc1,0.0026226879563182592
O=C1OCCN1/N=C/c1ccc([N+](=O)[O-])o1,0.00021830719197168946
CCC1(C)OC(=O)N(C)C1=O,0.005887891631573439
C[C@]12C=CC(=O)C=C1CC[C@H]1[C@@H]3C[C@@H](O)[C@](O)(C(=O)CO)[C@@]3(C)C[C@H](O)[C@@]12F,0.767511248588562
C[C@]12COC(=O)C[C@@H]1CC[C@@H]1[C@@H]2CC[C@@]2(C)[C@H]1CC[C@]2(C)O,0.8885242342948914
C[C@]12CC[C@H]3[C@@H](CCC4=CC(=O)CC[C@@]43C)[C@@H]1CC[C@@H]2O,0.6720744967460632
C[C@]12C=CC(=O)C=C1CC[C@@H]1[C@@H]2C(=O)C[C@@]2(C)[C@H]1CC[C@]2(O)C(=O)CO,0.2241993546485901
CCOC(=O)C(C)(C)Oc1ccc(Cl)cc1,0.01454443484544754
CCC(C)(C)C(=O)O[C@H]1C[C@@H](C)C=C2C=C[C@H](C)[C@H](CC[C@@H]3C[C@@H](O)CC(=O)O3)[C@H]21,0.22471582889556885
Cn1c(=O)c2c(ncn2CC(O)CO)n(C)c1=O,0.0036949659697711468
CC(C)=CCN1CCC2(C)c3cc(O)ccc3CC1C2C,0.4494095742702484
O=c1n(CCCN2CCN(c3cccc(Cl)c3)CC2)nc2ccccn12,0.7493886351585388
COc1ccc(CCN(C)CCCC(C#N)(c2ccc(OC)c(OC)c2)C(C)C)cc1OC,0.9244369268417358
CNC[C@H](O)c1ccc(O)c(O)c1,0.00027928120107389987
CNS(=O)(=O)Cc1ccc2[nH]cc(CCN(C)C)c2c1,0.008115356788039207
CC(C)OP(=O)(F)OC(C)C,0.0068930285051465034
CC(=O)CC(c1ccccc1)c1c(O)c2ccccc2oc1=O,0.03790056332945824
CN1C[C@H](C(=O)N[C@]2(C)O[C@@]3(O)[C@@H]4CCCN4C(=O)[C@H](Cc4ccccc4)N3C2=O)C=C2c3cccc4[nH]cc(c34)C[C@H]21,0.9267666339874268
CC(=O)/N=c1/sc(S(N)(=O)=O)nn1C,0.0001249765045940876
O=C1CC[C@@]2(O)[C@H]3Cc4ccc(O)c5c4[C@@]2(CCN3CC2CC2)[C@H]1O5,0.7826548218727112
CCC(=O)N(c1ccccc1)C1(COC)CCN(CCc2cccs2)CC1,0.8843434453010559
CC(C(=O)O)c1ccc(-c2ccccc2)c(F)c1,0.03111877478659153
Fc1ccc([C@@H]2CCNC[C@H]2COc2ccc3c(c2)OCO3)cc1,0.285781592130661
CN1CCC(=C2c3ccccc3CCc3cccnc32)CC1,0.7444023489952087
CCN(CC)CCOC(=O)c1ccc(N)cc1,0.0029803370125591755
COc1ccc(OC)c(C(O)C(C)N)c1,0.002308206632733345
c1ccc2[nH]c(-c3cscn3)nc2c1,0.004518537316471338
C[C@]12CCC(=O)C=C1CC[C@@H]1[C@@H]2[C@@H](O)C[C@@]2(C)[C@H]1CC[C@]2(O)C(=O)CO,0.3540818393230438
CN1[C@@H]2C[C@@H](OC(=O)[C@H](CO)c3ccccc3)C[C@H]1[C@@H]1O[C@@H]12,0.10550101846456528
CCCNC(C)C(=O)Nc1ccccc1C,0.002792531391605735
NC1CC1c1ccccc1,0.011372560635209084
Oc1c(Cl)cc(Cl)c(Cl)c1Cc1c(O)c(Cl)cc(Cl)c1Cl,0.9877405762672424
CCN(CC)C(=O)C1CN2CCc3cc(OC)c(OC)cc3C2CC1OC(C)=O,0.6099793314933777
CCN(CC)CC(=O)OCC(=O)[C@@]1(O)CC[C@H]2[C@@H]3CCC4=CC(=O)CC[C@]4(C)[C@H]3[C@@H](O)C[C@@]21C,0.758156955242157
CCOC(=O)CC(SP(=S)(OC)OC)C(=O)OCC,0.002237633801996708
CCC(=O)c1ccc2c(c1)N(CC(C)N(C)C)c1ccccc1S2,0.8096355199813843
NNCCc1ccccc1,0.001063594943843782
C[C@]12CC[C@@H]3c4ccc(O)cc4CC[C@H]3[C@@H]1CC[C@@H]2O,0.5190421342849731
COc1ccc2cc([C@H](C)C(=O)O)ccc2c1,0.005268895998597145
CN(C)CCN(Cc1ccccc1)c1ccccn1,0.04259338229894638
CCC1(c2ccccc2)C(=O)NCNC1=O,0.004369193222373724
CC(=O)CCCCn1c(=O)c2c(ncn2C)n(C)c1=O,0.0034280542749911547
CCN(Cc1ccncc1)C(=O)C(CO)c1ccccc1,0.00853559747338295
OC(CCN1CCCCC1)(c1ccccc1)C1CC2C=CC1C2,0.5100859999656677
CCCCC1C(=O)N(c2ccccc2)N(c2ccccc2)C1=O,0.1933673471212387
CCC(=O)N(c1ccccc1)C1CCN(CCc2ccccc2)CC1,0.5294709801673889
CC(C)c1cccc(C(C)C)c1O,0.033037930727005005
CC(C)[C@@H]1CC[C@@H](C)C[C@H]1O,0.0110022546723485
CC1NCCOC1c1ccccc1,0.0037292710039764643
CN1C(=O)CC(c2ccccc2)C1=O,0.005336812697350979
CN(C)C(=O)C(CCN1CCC(O)(c2ccc(Cl)cc2)CC1)(c1ccccc1)c1ccccc1,0.9929465651512146
OCCN1CCN(CCCN2c3ccccc3Sc3ccc(Cl)cc32)CC1,0.9847670197486877
CN[C@@H](C)[C@@H](O)c1ccccc1,0.00216644536703825
CN1CC[C@]23CCCC[C@H]2[C@H]1Cc1ccc(O)cc13,0.7411627769470215
C[C@@H]1C[C@@]2(C)[C@@H](CC[C@@H]3[C@@H]2CC[C@]2(C)[C@@H](O)CC[C@@H]32)CC1=O,0.8596122860908508
CC(C)(S)[C@@H](N)C(=O)O,0.0001249817432835698
C[C@]12C=CC(=O)C=C1CC[C@@H]1[C@@H]2[C@@H](O)C[C@@]2(C)[C@H]1CC[C@]2(O)C(=O)CO,0.17872048914432526
CNC(=C[N+](=O)[O-])NCCSCc1ccc(CN(C)C)o1,0.0010424877982586622
C[C@@H](Cc1ccccc1)N(C)Cc1ccccc1,0.10370868444442749
C=CCc1ccccc1OCC(O)CNC(C)C,0.001317448914051056
COc1ccccc1OCC(O)CO,0.00025573052698746324
NS(=O)(=O)c1cc2c(cc1Cl)NC=NS2(=O)=O,0.0014202900929376483
Nc1ccc(S(=O)(=O)Nc2ccccn2)cc1,0.0004902749788016081
COC(=O)[C@H]1[C@@H](OC(=O)c2ccccc2)C[C@@H]2CC[C@H]1N2C,0.035657335072755814
C=C[C@H]1CN2CC[C@H]1C[C@@H]2[C@@H](O)c1ccnc2ccc(OC)cc12,0.3492536246776581
NS(=O)(=O)Cc1noc2ccccc12,0.00022057250316720456
CCOC(=O)C1(c2ccccc2)CCN(CCc2ccc(N)cc2)CC1,0.6334009766578674
Cc1ncc([N+](=O)[O-])n1CCO,0.004084545653313398
CO[C@]12CC[C@@]3(C[C@@H]1[C@](C)(O)C(C)(C)C)[C@H]1Cc4ccc(O)c5c4[C@@]3(CCN1CC1CC1)[C@H]2O5,0.9959760308265686
CNCCCC12CCC(c3ccccc31)c1ccccc12,0.8487715721130371
Cc1cc(C(C)(C)C)c(O)c(C)c1CC1=NCCN1,0.12036477029323578
CCN(CC)C(C)C(=O)c1ccccc1,0.007136316038668156
CCC(c1ccccc1)c1c(O)c2ccccc2oc1=O,0.10221177339553833
NNC(=O)c1ccncc1,0.0001578497904120013
COc1ccc2c3c1O[C@H]1C(=O)CC[C@H]4[C@@H](C2)N(C)CC[C@]314,0.8818856477737427
C[C@H]1C[C@@H]2[C@H]([C@@H](O)C[C@@]3(C)[C@H]2CC[C@]3(O)C(=O)CO)[C@@]2(C)C=CC(=O)C=C12,0.2655613124370575
CC(C)NCC(O)COc1cccc2[nH]ccc12,0.00113403401337564
OCCN(CCO)c1nc(N2CCCCC2)c2nc(N(CCO)CCO)nc(N3CCCCC3)c2n1,0.5495177507400513
CN(C)CCOC(=O)C(c1ccccc1)C1(O)CCCC1,0.02160617522895336
NCCc1ccc(O)c(O)c1,0.00031153400777839124
NS(=O)(=O)c1cc2c(cc1Cl)NCNS2(=O)=O,0.004689067602157593
CC(C(=O)O)c1cccc(C(=O)c2ccccc2)c1,0.0017081861151382327
CC(C)(C(=O)c1cccnc1)c1cccnc1,0.006426902487874031
Cc1cc(NS(=O)(=O)c2ccc(N)cc2)no1,0.0004989328444935381
NS(=O)(=O)c1cc2c(cc1Cl)NC(C(Cl)Cl)NS2(=O)=O,0.03854214400053024
CCOC(=O)C1=C(C)NC(C)=C(C(=O)OC)C1c1cccc(Cl)c1Cl,0.5259327292442322
COC(F)(F)C(Cl)Cl,0.6365043520927429
CCCN(CCC)S(=O)(=O)c1ccc(C(=O)O)cc1,0.001872248132713139
CCN(CC)CCNC(=O)c1ccc(N)cc1,0.0024298273492604494
C#CCN(C)[C@H](C)Cc1ccccc1,0.012729179114103317
CC12CC3CC(C)(C1)CC(N)(C3)C2,0.9291213154792786
CC(C)Cc1ccc(C(C)C(=O)O)cc1,0.0030607981607317924
CCOC(=O)C1=C(C)NC(C)=C(C(=O)OC)C1c1cccc([N+](=O)[O-])c1,0.06684362143278122
O=C(C1CCCCC1)N1CC(=O)N2CCc3ccccc3C2C1,0.3625495135784149
CCn1cc(C(=O)O)c(=O)c2cc(F)c(N3CCNCC3)cc21,0.08468282967805862
CC(=O)c1ccc2c(c1)N(CCCN1CCN(CCO)CC1)c1ccccc1S2,0.8873517513275146
CC(CN1c2ccccc2Sc2ccccc21)N(C)C,0.8755120038986206
CCOC(=O)c1ccc(N)cc1,0.000707252649590373
COc1cc(NC(C)CCCN)c2ncccc2c1,0.005658693145960569
COc1ccc([C@@H]2CC(=O)c3c(O)cc(O)cc3O2)cc1O,0.0017386325635015965
CN[C@H]1CC[C@@H](c2ccc(Cl)c(Cl)c2)c2ccccc21,0.9263268113136292
COC(=O)C1=C(C)NC(C)=C(C(=O)OC)C1c1ccccc1[N+](=O)[O-],0.09134295582771301
CC1=NS(=O)(=O)c2cc(Cl)ccc2N1,0.009479151107370853
Nc1ccc2cc3ccc(N)cc3nc2c1,0.042641282081604004
COc1ccc(C2C(=O)c3ccccc3C2=O)cc1,0.02116369642317295
CN(C)CCC=C1c2ccccc2COc2ccccc21,0.2563933730125427
Cc1c(-c2ccccc2)oc2c(C(=O)OCCN3CCCCC3)cccc2c1=O,0.5759994983673096
CNCCCN1c2ccccc2CCc2ccccc21,0.3971376419067383
O=C(NCCN1CCOCC1)c1ccc(Cl)cc1,0.014416131190955639
Cc1ccccc1C(OCCN(C)C)c1ccccc1,0.12325849384069443
CN1CCN(C(c2ccccc2)c2ccccc2)CC1,0.26737380027770996
CN1C(=O)CCS(=O)(=O)C1c1ccc(Cl)cc1,0.020839616656303406
CCCNCC(O)COc1ccccc1C(=O)CCc1ccccc1,0.006352310534566641
C[C@]1(O)CC[C@H]2[C@@H]3CCC4=CC(=O)CC[C@]4(C)[C@@]3(F)[C@@H](O)C[C@@]21C,0.9764237999916077
CN1CC[C@]23c4c5ccc(O)c4O[C@H]2C(=O)CC[C@@]3(O)[C@H]1C5,0.6109124422073364
C[C@H](CS)C(=O)N1CCC[C@H]1C(=O)O,0.00039831598405726254
CC(C)(C)NCC(O)COc1cccc2c1C[C@H](O)[C@H](O)C2,0.01590995118021965
CC(C)(C#N)c1cc(Cn2cncn2)cc(C(C)(C)C#N)c1,0.5057455897331238
CCCC1O[C@@H]2C[C@H]3[C@@H]4CCC5=CC(=O)C=C[C@]5(C)[C@H]4[C@@H](O)C[C@]3(C)[C@]2(C(=O)CO)O1,0.5423595905303955
OC(CCCN1CCCCC1)(c1ccccc1)c1ccccc1,0.32286491990089417
CCN(CC)CCNC(=O)c1cc(Cl)c(N)cc1OC,0.062044743448495865
C[C@@H]1C[C@H]2[C@@H]3CCC4=CC(=O)C=C[C@]4(C)[C@@]3(F)[C@@H](O)C[C@]2(C)[C@@]1(O)C(=O)CO,0.8484525680541992
N[C@@H](Cc1ccc(O)c(O)c1)C(=O)O,5.5647105909883976e-05
CN(C)CC/C=C1/c2ccccc2Sc2ccc(Cl)cc21,0.8999953269958496
Cc1ccc(C)c(OCCCC(C)(C)C(=O)O)c1,0.0029816122259944677
CN(C)CCCN1c2ccccc2CCc2ccc(Cl)cc21,0.9573637843132019
Cc1cc(C(=O)NNCc2ccccc2)no1,0.000746899691876024
NNc1nncc2ccccc12,0.0019116539042443037
CCC1NC(=O)c2cc(S(N)(=O)=O)c(Cl)cc2N1,0.010453581809997559
C#C[C@]1(O)CC[C@H]2[C@@H]3CCc4cc(OC)ccc4[C@H]3CC[C@@]21C,0.897185742855072
CN[C@@H](C)[C@H](O)c1ccccc1,0.002210078062489629
COC(=O)[C@@H]1[C@H]2C[C@H]3c4[nH]c5ccccc5c4CCN3C[C@@H]2CC[C@@H]1O,0.6232579350471497
COc1cc2c(c(OC)c1OC)-c1ccc(OC)c(=O)cc1[C@@H](NC(C)=O)CC2,0.41310441493988037
C[C@H]1O[C@@H](O[C@H]2[C@@H](O)C[C@H](O[C@H]3[C@@H](O)C[C@H](O[C@H]4CC[C@@]5(C)[C@H](CC[C@@H]6[C@@H]5CC[C@]5(C)[C@@H](C7=CC(=O)OC7)CC[C@]65O)C4)O[C@@H]3C)O[C@@H]2C)C[C@H](O)[C@@H]1O,0.840627133846283
O=C(Oc1ccccc1C(=O)O)c1ccccc1O,0.0004946166882291436
COc1ccc2c(c1)N(C[C@H](C)CN(C)C)c1ccccc1S2,0.8861919641494751
CC(=O)CC(c1ccc([N+](=O)[O-])cc1)c1c(O)c2ccccc2oc1=O,0.11070481687784195
CCC(=O)O[C@H]1CC[C@H]2[C@@H]3CCC4=CC(=O)CC[C@]4(C)[C@H]3CC[C@]12C,0.6780314445495605
O=[N+]([O-])c1ccc(O)c2ncccc12,0.0024953708052635193
CC[C@H]1[C@@H]2C[C@H]3[C@@H]4N(C)c5ccccc5[C@]45C[C@@H](C2[C@H]5O)N3[C@@H]1O,0.9742040634155273
COc1ccc(C(=O)c2ccccc2)c(O)c1,0.0010497116018086672
CCN(CC)CCCN(c1ccccc1)C1Cc2ccccc2C1,0.7838616371154785
CC(C=C(c1cccs1)c1cccs1)N(C)C,0.10273803025484085
CN(C)CCc1c[nH]c2ccc(O)cc12,0.0035499189980328083
CCOC(=O)C1(c2ccccc2)CCN(CCOCC2CCCO2)CC1,0.1668112874031067
CCOc1ccc2c3c1O[C@H]1[C@@H](O)C=C[C@H]4[C@@H](C2)N(C)CC[C@@]341,0.8349974155426025
CCN(C)C(C)C=C(c1cccs1)c1cccs1,0.14488735795021057
C[C@@H]1CC2=CC(=O)CC[C@]2(C)[C@H]2CC[C@@]3(C)[C@@H](CC[C@]3(C)O)[C@H]12,0.8936969637870789
CCC(=O)O[C@]1(c2ccccc2)CCN(C)C[C@H]1C,0.0995442196726799
CCOC(=O)C(CCN1CCOCC1)(c1ccccc1)c1ccccc1,0.5908696055412292
C[C@H](N)[C@@H](O)c1ccccc1,0.0013323347084224224
CCCC(C)(O)C1C[C@@]23C=CC1(OC)C1Oc4c(O)ccc5c4[C@@]12CCN(C)[C@@H]3C5,0.9749480485916138
CCC(=O)O[C@]1(c2ccccc2)CCN(C)C[C@@H]1CC,0.1575213372707367
CCC(=O)N(CC(C)N(C)CCc1ccccc1)c1ccccc1,0.3179243803024292
CCOC(=O)C1(c2ccccc2)CCN(CCOCCO)CC1,0.04096774756908417
CC(N)Cc1ccc2c(c1)OCO2,0.0032724286429584026
C[C@]12Cc3nonc3C[C@@H]1CC[C@@H]1[C@@H]2CC[C@@]2(C)[C@H]1CC[C@]2(C)O,0.9668871760368347
CN1[C@H]2CC[C@@H]1[C@@H](C(=O)O)[C@@H](OC(=O)c1ccccc1)C2,0.006157297641038895
CCOC(=O)C1(c2ccccc2)CCN(CCOCc2ccccc2)CC1,0.5392408967018127
CN1[C@H]2CC[C@@H]1[C@@H](C(=O)O)[C@@H](O)C2,0.0029438927303999662
C[C@H](CN1CCOCC1)C(C(=O)N1CCCC1)(c1ccccc1)c1ccccc1,0.9436193704605103
CN1CC[C@]23c4c5ccc(O)c4O[C@H]2CCC[C@H]3[C@H]1C5,0.8021857738494873
C[C@]12CCC(=O)C=C1CC[C@@H]1[C@@H]2CC[C@]2(C)C(=O)CC[C@@H]12,0.690657913684845
COc1ccc2c3c1O[C@H]1[C@@H](OC(C)=O)CC[C@H]4[C@@H](C2)N(C)CC[C@@]341,0.8904182314872742
C[C@]12CC[C@H]3[C@@H](CCC4=CC(=O)C=C[C@@]43C)[C@@H]1CC[C@@H]2O,0.4201725125312805
C=CCC1CN(C)CCC1(OC(=O)CC)c1ccccc1,0.08382081985473633
CCC(=O)O[C@]1(c2ccccc2)CCN(C)C[C@H]1CC,0.1607293337583542
CC(C)(N)Cc1ccc(Cl)cc1,0.0773906335234642
C[C@H]1CC2=CC(=O)CC[C@]2(C)[C@H]2CC[C@@]3(C)[C@@H](CC[C@]3(C)O)[C@H]12,0.8938502073287964
CN1CC[C@]23c4c5ccc(O)c4O[C@H]2[C@@H](O)CC[C@H]3[C@H]1C5,0.6946845054626465
CN1CC[C@]23c4c5ccc(OCc6ccccc6)c4O[C@H]2[C@@H](O)C=C[C@H]3[C@H]1C5,0.9352270364761353
C[C@H](N)Cc1ccccc1,0.0023174479138106108
C[C@H]1[C@H](c2ccccc2)OCCN1C,0.03520473837852478
C=CCOc1ccccc1OCC(O)CNC(C)C,0.0006829759222455323
Cc1ccnc(NS(=O)(=O)c2ccc(N)cc2)n1,0.001092617167159915
Cc1cc(C)nc(NS(=O)(=O)c2ccc(N)cc2)n1,0.0037406000774353743
N#Cc1ccc2c(c1)N(CCCN1CCC(O)CC1)c1ccccc1S2,0.9500712752342224
CCN(CCO)CCCC(C)Nc1ccnc2cc(Cl)ccc12,0.21106895804405212
CC(=O)c1ccc2c(c1)N(CCCN(C)C)c1ccccc1S2,0.6483664512634277
CN1CCC2=C(C1)C(c1ccccc1)c1ccccc12,0.6848447918891907
CN(C)CCC(c1ccccc1)c1ccccn1,0.027889778837561607
CN1CCN(CCCN2c3ccccc3Sc3ccc(S(=O)(=O)N(C)C)cc32)CC1,0.9753283262252808
CN1CCN(CC/C=C2/c3ccccc3Sc3ccc(S(=O)(=O)N(C)C)cc32)CC1,0.9584388732910156
C#CCN(C)Cc1ccccc1,0.00575748085975647
C[C@]12CC[C@H](O)CC1=CC[C@@H]1[C@@H]2CC[C@]2(C)C(=O)CC[C@@H]12,0.7349903583526611
C[C@]12CC[C@H]3C(=CCc4cc(O)ccc43)[C@@H]1CCC2=O,0.2011692076921463
C[C@]12CCC(=O)C[C@@H]1CC[C@@H]1[C@@H]2CC[C@]2(C)[C@@H](O)CC[C@@H]12,0.779125988483429
Oc1ccccc1,0.00025477944291196764
c1ccc(C2(N3CCCCC3)CCCCC2)cc1,0.6125865578651428
CCCCC1C(=O)N(c2ccccc2)N(c2ccc(O)cc2)C1=O,0.06494328379631042
CCOc1ccc(NC(C)=O)cc1,0.001042715273797512
O=C(O)/C=C\C(=O)O,4.9090444917965215e-06
Cc1cc2cc3c(C)cc(=O)oc3c(C)c2o1,0.2898264527320862
S=P(N1CC1)(N1CC1)N1CC1,0.9735462665557861
C[C@]12CC[C@@H]3c4ccc(O)cc4CC[C@H]3[C@@H]1C[C@@H](O)[C@@H]2O,0.3524492681026459
CS(=O)(=O)Nc1ccc([N+](=O)[O-])cc1Oc1ccccc1,0.0033497484400868416
Oc1c(Cl)cc(Cl)cc1Sc1cc(Cl)cc(Cl)c1O,0.8300465941429138
CC(C)NNC(=O)c1ccncc1,0.0002799938665702939
CN(C)CCN(Cc1cccs1)c1ccccn1,0.05229427292943001
CN1Cc2c(N)cccc2C(c2ccccc2)C1,0.3146997392177582
CCN(CC)CCOCCOC(=O)C(CC)(CC)c1ccccc1,0.11796803772449493
CC(Cc1ccccc1)NCCC(c1ccccc1)c1ccccc1,0.3033117353916168
CN1CCC(N(Cc2cccs2)c2ccccc2)CC1,0.47374552488327026
Cc1ccccc1-n1c(C)nc2ccccc2c1=O,0.20397517085075378
O=C(O)CCCCCCNC1c2ccccc2CCc2ccccc21,0.08078086376190186
CN(C)CCC(O)(c1ccccc1)c1ccccc1Cl,0.4693002700805664
CC1CC(OC(=O)C(O)c2ccccc2)CC(C)(C)C1,0.010141587816178799
Fc1ccc(C(c2ccc(F)cc2)N2CCN(C/C=C/c3ccccc3)CC2)cc1,0.9622955918312073
COc1cc2c(cc1OC)C1CC(=O)C(CC(C)C)CN1CC2,0.4190663695335388
CCN(CC)C(=O)C1(c2ccccc2)CC1CN,0.1468450278043747
CN1C(=O)CC(C)(c2ccccc2)C1=O,0.037100907415151596
Nc1ccc(S(=O)(=O)Nc2nccs2)cc1,0.0004940133076161146
CN1CCN2c3ccccc3Cc3ccccc3C2C1,0.8518896698951721
C[C@]12C/C(=C/O)C(=O)C[C@@H]1CC[C@@H]1[C@@H]2CC[C@@]2(C)[C@H]1CC[C@]2(C)O,0.8230197429656982
CNCCc1ccccn1,0.0006748912273906171
c1ccc2c(CC3=NCCN3)cccc2c1,0.017945626750588417
C[C@]12Cc3c[nH]nc3C[C@@H]1CC[C@@H]1[C@@H]2CC[C@@]2(C)[C@H]1CC[C@]2(C)O,0.9449499249458313
Nc1ccc(S(=O)(=O)Nc2ccnn2-c2ccccc2)cc1,0.0054638744331896305
CCC(=O)C1(c2cccc(O)c2)CCN(C)CC1,0.021281452849507332
C1N2CN3CN1CN(C2)C3,0.7548502087593079
O=C(OCCOCCN1CCCCC1)N1c2ccccc2Sc2cccnc21,0.5728543996810913
Cc1nc(NS(=O)(=O)c2ccc(N)cc2)oc1C,0.0020372828003019094
c1ccc(CN(CC2=NCCN2)c2ccccc2)cc1,0.038993097841739655
CC(C1=C(CCN(C)C)Cc2ccccc21)c1ccccn1,0.2995976507663727
CC(CN1c2ccccc2Sc2cccnc21)N(C)C,0.5772006511688232
O=C(O)[C@@H]1C[C@@H](O)CN1,2.754128581727855e-05
O=C(O)CCC(=O)c1ccc(-c2ccccc2)cc1,0.0010627760784700513
Nc1ccc(S(=O)(=O)NC(=O)c2ccccc2)cc1,0.0010759393917396665
C[C@]12CC[C@H]3[C@@H](CCC4=CC(=O)CC[C@@H]43)[C@@H]1CC[C@@H]2O,0.29650580883026123
CCN1CCCC1CNC(=O)c1cc(S(=O)(=O)CC)ccc1OC,0.022372758015990257
Cc1c(C(C)C)c(=O)n(-c2ccccc2)n1C,0.16312791407108307
CCn1cc(C(=O)O)c(=O)c2cc3c(cc21)OCO3,0.004117297939956188
N=C(N)NS(=O)(=O)c1ccc(N)cc1,9.324875281890854e-05
COc1ccc(NS(=O)(=O)c2ccc(N)cc2)nn1,0.0005465999129228294
CCOC(N)=O,4.617792001226917e-05
N[C@H]1CONC1=O,2.2904494471731596e-05
NC(=O)c1cnccn1,9.916890121530741e-05
CCC1(C)CC(=O)NC1=O,0.0017529972828924656
NC(=O)c1ccccc1O,0.0001543136459076777
NC(=O)CC[C@H](N)C(=O)O,7.271906724781729e-06
Oc1ncnc2[nH]ncc12,0.00025449952227063477
O=c1[nH]c2cc(Cl)ccc2o1,0.005768819712102413
CCc1cc(C(N)=S)ccn1,0.0014207459753379226
CCCc1cc(=O)[nH]c(=S)[nH]1,0.0007349607767537236
CC(=O)Nc1ccc(O)cc1,0.00020311048137955368
CC[C@@H](C(N)=O)N1CCCC1=O,0.000302713830024004
C#CC1(OC(N)=O)CCCCC1,0.0008497029775753617
Cn1cnc2c1c(=O)[nH]c(=O)n2C,0.002429378917440772
NC1=NC(=O)C(c2ccccc2)O1,0.00026034130132757127
NC(=O)NC(=O)Cc1ccccc1,0.00023345794761553407
CCC1(CC)C(=O)NC(=O)NC1=O,0.0014835395850241184
CCC1(CC)C(=O)NCC(C)C1=O,0.003139488399028778
CCC1(CC)C(=O)NC(=O)N(C)C1=O,0.006080406252294779
CC(=O)NS(=O)(=O)c1ccc(N)cc1,0.00015352653281297535
CCCC(C)(COC(N)=O)COC(N)=O,0.00014261872274801135
CCC(C)C1(CC)C(=O)NC(=O)NC1=O,0.004057610407471657
C=CCC1(C(C)C)C(=O)NC(=O)NC1=O,0.0012872233055531979
CCN1C(=O)NC(c2ccccc2)C1=O,0.0037557436153292656
CCCC(C)C1(CC)C(=O)NC(=S)NC1=O,0.004330492578446865
C=CCC1(CC(C)C)C(=O)NC(=O)NC1=O,0.001338805304840207
CCC1(CCC(C)C)C(=O)NC(=O)NC1=O,0.00232577882707119
C=CCC1(C(C)CC)C(=O)NC(=O)NC1=O,0.0019223080016672611
CCCC(C)C1(CC)C(=O)NC(=O)NC1=O,0.004106195643544197
CCC1(c2ccccc2)NC(=O)N(C)C1=O,0.028599200770258904
CCC1(c2ccccc2)CCC(=O)NC1=O,0.010475995019078255
Cc1cc(C)cc(OCC2CNC(=O)O2)c1,0.0028095184825360775
Nc1nc(=O)c2ncn(COCCO)c2[nH]1,0.0002603621396701783
O=C1CN(/N=C/c2ccc([N+](=O)[O-])o2)C(=O)N1,0.00013541654334403574
CCC1(c2ccc(N)cc2)CCC(=O)NC1=O,0.010121985338628292
COc1ccc2[nH]cc(CCNC(C)=O)c2c1,0.002016224665567279
O=c1[nH]c(=O)n([C@H]2C[C@H](O)[C@@H](CO)O2)cc1F,0.0007667950121685863
O=c1[nH]c(=O)n([C@H]2C[C@H](O)[C@@H](CO)O2)cc1I,0.0013099013594910502
CN1C(=O)NC(=O)C(C)(C2=CCCCC2)C1=O,0.00642287265509367
NC(=O)OCC(COC(N)=O)c1ccccc1,0.0002662787737790495
C=CCC1(C(C)CCC)C(=O)NC(=S)NC1=O,0.0019194110063835979
CCN(CC)CC(=O)Nc1c(C)cccc1C,0.05143913999199867
C=CCC1(C(C)CCC)C(=O)NC(=O)NC1=O,0.0019131081644445658
COc1ccccc1OCC(O)COC(N)=O,0.00014124895096756518
NC(=O)N1c2ccccc2C=Cc2ccccc21,0.04586784914135933
CCCCNC(=O)NS(=O)(=O)c1ccc(C)cc1,0.0005515983793884516
Cc1cccc(C)c1NC(=O)C1CCCCN1C,0.0909201055765152
CCC1(C2=CCCCCC2)C(=O)NC(=O)NC1=O,0.004143328871577978
Cc1cn([C@H]2C[C@H](N=[N+]=[N-])[C@@H](CO)O2)c(=O)[nH]c1=O,0.0007012264686636627
O=C1NC(=O)C(c2ccccc2)(c2ccccc2)N1,0.025108765810728073
NC(=O)N1c2ccccc2CC(=O)c2ccccc21,0.036048565059900284
C=CCC1(C(C)C#CCC)C(=O)NC(=O)N(C)C1=O,0.008539351634681225
CC(=O)Nc1ccc(OCC(O)CNC(C)C)cc1,0.0007890253327786922
CC(C)NCC(O)COc1ccc(CC(N)=O)cc1,0.0003292873443569988
O=C1Nc2ccc(Cl)cc2C(c2ccccc2)=NC1O,0.030908571556210518
CNC(=O)Oc1ccc2c(c1)[C@]1(C)CCN(C)[C@@H]1N2C,0.5197876691818237
CCCN1CCCC[C@H]1C(=O)Nc1c(C)cccc1C,0.15945789217948914
Cc1ccc(S(=O)(=O)NC(=O)NN2CCCCCC2)cc1,0.005952395033091307
COC(=O)[C@H](Cc1ccccc1)NC(=O)[C@H](N)CC(=O)O,0.00013362283061724156
O=C1CN=C(c2ccccc2)c2cc([N+](=O)[O-])ccc2N1,0.019254887476563454
Cc1cc(-c2ccccc2)nnc1NCCN1CCOCC1,0.044755056500434875
NS(=O)(=O)c1cc(C2(O)NC(=O)c3ccccc32)ccc1Cl,0.04351469501852989
O=C(CCNNC(=O)c1ccncc1)NCc1ccccc1,0.0005249367095530033
CC(=O)c1ccc(S(=O)(=O)NC(=O)NC2CCCCC2)cc1,0.0013531676959246397
CCN1CCC[C@H]1CNC(=O)c1c(OC)ccc(Br)c1OC,0.33357903361320496
CCN1CCCC1CNC(=O)c1cc(S(N)(=O)=O)ccc1OC,0.0053537096828222275
CCCC(=O)Nc1ccc(OCC(O)CNC(C)C)c(C(C)=O)c1,0.0018389741890132427
CC(CCc1ccccc1)NCC(O)c1ccc(O)c(C(N)=O)c1,0.004280223976820707
CC(C)N(CCC(C(N)=O)(c1ccccc1)c1ccccn1)C(C)C,0.15653559565544128
CCC(CO)NC(=O)[C@@H]1C=C2c3cccc4c3c(cn4C)C[C@H]2N(C)C1,0.4679967164993286
CCC[C@@H]1C[C@@H](C(=O)N[C@@H]([C@H]2O[C@H](SC)[C@H](O)[C@@H](O)[C@H]2O)[C@@H](C)O)N(C)C1,0.026502147316932678
CC(C)(C)NC(=O)[C@H]1CC[C@H]2[C@@H]3CC[C@H]4NC(=O)C=C[C@]4(C)[C@H]3CC[C@]12C,0.7726101875305176
COc1ccc(Cl)cc1C(=O)NCCc1ccc(S(=O)(=O)NC(=O)NC2CCCCC2)cc1,0.5098722577095032
CC(=O)OCC(=O)[C@]1(O)CC[C@@H]2[C@H]3CCC4=CC(=O)CC[C@@]4(C)[C@@H]3C(=O)C[C@]21C,0.5454680919647217
CCC1(c2ccccc2)C(=O)NC(=O)NC1=O,0.004085290711373091
O=C1NC(=O)CCC1N1C(=O)c2ccccc2C1=O,0.00487876869738102
CCN(CC)C(=O)C1C=C2c3cccc4[nH]cc(c34)CC2N(C)C1,0.4388350248336792
CC(=O)Oc1ccccc1C(=O)O,0.00026051458553411067
Oc1ncc(F)c(O)n1,0.0007351985550485551
CN(CCCl)CCCl,0.029330186545848846
N[C@@H](CS)C(=O)O,1.301044085266767e-05
CN1CCC[C@@H]1c1cccnc1,0.009298233315348625
CN=C(NC)NCc1ccccc1,0.00047046190593391657
N[C@@H](CC(=O)O)C(=O)O,6.6173247432743665e-06
N[C@@H](CCC(=O)O)C(=O)O,8.682950465299655e-06
C#C[C@@]1(O)CC[C@@H]2[C@H]3CCc4cc(O)ccc4[C@@H]3CC[C@]21C,0.625269889831543
Cc1c(N(C)C)c(=O)n(-c2ccccc2)n1C,0.12127883732318878
CC12CCC(=O)C=C1CCC1C2CCC2(C)C1CC[C@@]2(C)O,0.8244301676750183
Cn1c(=O)c2nc[nH]c2n(C)c1=O,0.0028085007797926664
Nc1ncnc2c1ncn2[C@H]1O[C@@H](CO)[C@H](O)[C@@H]1O,0.0008132937946356833
CN(C)CCOC(c1ccccc1)c1ccccc1,0.0340578556060791
n1c2C(=O)NC(N)=Nc2ncc1CNc3ccc(cc3)C(=O)N[C@H](C(O)=O)CCC(O)=O,0.0016382134053856134
OCC(S)CS,5.1518258260330185e-05
CC(=O)Nc1nnc(S(N)(=O)=O)s1,9.602995123714209e-05
O=C(O)c1cccnc1,7.487727998523042e-05
C1=C(OC(=C1)[N+](=O)[O-])/C=N/NC(=O)N,4.403560524224304e-05
c1ccc(CC2=NCCN2)cc1,0.0015181003836914897
NCCS,8.260114555014297e-05
CN(C)C1C(O)=C(C(=O)N)C(=O)C2(O)C(O)=C3C(=O)c4c(O)cccc4C(C)(O)C3CC12,0.0730171874165535
Cn1ccnc1S,0.0019191598985344172
Cc1cc(=O)n(-c2ccccc2)n1C,0.024553289636969566
Nc1ncnc2c1ncn2[C@H]1O[C@@H](COP(=O)(O)O)[C@H](O)[C@@H]1O,0.0006755621288903058
CN(C)CCc1c[nH]c2ccccc12,0.01483932975679636
CCN(CC)CCc1c[nH]c2ccccc12,0.028818393126130104
Cc1cccc(Nc2ccccc2C(=O)O)c1C,0.01976383663713932
CSCC[C@@H](N)C(=O)O,3.436827682889998e-05
Cc1ncc(CO)c(CO)c1O,0.002511348808184266
Nc1ccc(C(=O)O)c(O)c1,0.0001422543136868626
Oc1ncc(N(CCCl)CCCl)c(O)n1,0.009530741721391678
O=c1oc2ccccc2c(O)c1Cc1c(O)c2ccccc2oc1=O,0.14779125154018402
C#C[C@]1(O)CCC2C3CCC4=CC(=O)CCC4C3CCC21C,0.37407082319259644
Nc1ccc(S(=O)(=O)Nc2ncccn2)cc1,0.0004602567933034152
OC[C@@H](O)[C@@H](O)[C@H](O)[C@H](O)CO,1.6507759937667288e-05
NC(=O)C[C@@H](N)C(=O)O,7.023770649539074e-06
CC(=O)N(O)CCCCCNC(=O)CCC(=O)N(O)CCCCCNC(=O)CCC(=O)N(O)CCCCCN,0.001846810569986701
CCCCCO,7.522854866692796e-05
N[C@@H](Cc1c[nH]c2ccccc12)C(=O)O,0.00041594397043809295
CC[C@H](C)[C@@H](N)C(=O)O,0.00011584752064663917
N=C(N)NCCC[C@@H](N)C(=O)O,6.383283562172437e-06
CCCCC1(CC)C(=O)NC(=O)NC1=O,0.0015446499455720186
OC(CCN1CCCCC1)(c1ccccc1)C1CCCC1,0.3480992615222931
CCCC(C)(COC(=O)N)COC(=O)NC(C)C,0.0002392065362073481
CC(C)CO,0.00022534241725225002
C[N+]1(C)C2CCC1CC(OC(=O)C(O)c1ccccc1)C2,0.04090307652950287
Cc1c(N)c(=O)n(-c2ccccc2)n1C,0.01853227987885475
CC(=O)Nc1c(C)n(C)n(-c2ccccc2)c1=O,0.014022573828697205
Cc1cc2nc3c(O)nc(=O)nc-3n(CC(O)C(O)C(O)CO)c2cc1C,0.030230609700083733
CC1=C(C/C=C(\C)CCC[C@@H](C)CCC[C@@H](C)CCCC(C)C)C(=O)c2ccccc2C1=O,0.4483029842376709
CC(CN(C)C)CN1c2ccccc2Sc2ccccc21,0.8848004341125488
CCCCOc1cc(C(=O)NCCN(CC)CC)c2ccccc2n1,0.03330455347895622
CN1C2CCC1CC(OC(c1ccccc1)c1ccccc1)C2,0.4742420017719269
CCN(CC)C(C)C=C(c1cccs1)c1cccs1,0.25594717264175415
O=[N+]([O-])OC1COC2C(O[N+](=O)[O-])COC12,9.481014421908185e-05
CCN(CC)C(=O)N1CCN(C)CC1,0.04629737511277199
CCN(CC)c1ccccc1,0.025527004152536392
COc1ccc(CN(CCN(C)C)c2ccccn2)cc1,0.06796308606863022
CCCNC(=O)NS(=O)(=O)c1ccc(Cl)cc1,0.0017026171553879976
N=c1ccc(N=Nc2ccccc2)c(N)[nH]1,0.00010583056428004056
O=C(Cl)c1ccccc1,0.0031207709107548
NC(=O)c1cccnc1,9.594501170795411e-05
CCCCOc1cc(C(=O)OCCN(CC)CC)ccc1N,0.008498230949044228
CCCC(CCC)C(=O)O,0.00013400409079622477
CNC(C)(C)Cc1ccccc1,0.017066221684217453
C#CCO,5.9288380725774914e-05
CC(C)CCON=O,7.731107325525954e-05
N=C(N)NC(=N)NCCc1ccccc1,0.00015483185416087508
CCC1(c2ccccc2)C(=O)N(C)C(=O)NC1=O,0.013270552270114422
O=C1c2cccc(O)c2C(=O)c2c(O)cccc21,0.005094940774142742
NS(=O)(=O)c1cc(Cl)c(Cl)c(S(N)(=O)=O)c1,0.009154497645795345
CN(C)c1ccccc1,0.009926005266606808
COc1ccc2c3c1OC1C(O)CCC4C(C2)N(C)CCC341,0.8768067955970764
CC(=O)C(=O)O,4.7487396841461305e-06
CCN(CC)CCOC(=O)c1ccc(N)cc1Cl,0.03832585737109184
COc1cc(C(=O)NCc2ccc(OCCN(C)C)cc2)cc(OC)c1OC,0.05646096542477608
O=C(O)C1=CC(O)C(O)C(O)C1,1.3466667041939218e-05
CN1CCC(OC(c2ccccc2)c2ccccc2)CC1,0.11656779050827026
CC(N)Cc1c[nH]c2ccccc12,0.005649888422340155
CCN1CC(CCN2CCOCC2)C(c2ccccc2)(c2ccccc2)C1=O,0.9360558986663818
COc1ccc2c3c1OC1CC(O)C=CC31CCN(C)C2,0.3592466413974762
CCn1cc(C(=O)O)c(=O)c2ccc(C)nc21,0.0032466764096170664
CC/C=C\C/C=C\C/C=C\CCCCCCCC(=O)O,0.00016136413614731282
CC(O)C(C)(C)C,0.0028832119423896074
C=CCN1CCC23c4c5ccc(O)c4OC2C(=O)CCC3(O)C1C5,0.461726576089859
CCC(=O)O[C@@](Cc1ccccc1)(c1ccccc1)[C@@H](C)CN(C)C,0.45794743299484253
O=C(O)CNC(=O)c1ccccc1O,3.922319592675194e-05
CCCOc1ccc(C(=O)OCCN(CC)CC)cc1N,0.010954977944493294
CC(Cc1ccc(O)c(O)c1)C(C)Cc1ccc(O)c(O)c1,0.010256876237690449
CNC(C)CCC=C(C)C,0.0008120543207041919
N=c1cc[nH]cc1,8.153518137987703e-05
Nc1ccccn1,0.0002493670617695898
Cc1cc(NS(=O)(=O)c2ccc(N)cc2)nc(C)n1,0.0031181699596345425
CNc1c(C)n(C)n(-c2ccccc2)c1=O,0.03696977719664574
CCC1CN2CCC1C[C@@H]2[C@@H](O)c1ccnc2ccc(OC)cc12,0.45639950037002563
CN[C@@H](C)Cc1ccccc1,0.00416422076523304
Cc1ncc([N+](=O)[O-])n1C,0.007860331796109676
CC(=O)Oc1ccc2c3c1OC1C(OC(C)=O)C=CC4C(C2)N(C)CCC341,0.7228409051895142
O=C(O)CCCO,7.691083737881854e-06
CC(=O)N[C@@H](CS)C(=O)O,1.6668484022375196e-05
CNNCc1ccc(C(=O)NC(C)C)cc1,0.001996113220229745
COc1cc(Cc2c[nH]c(=N)[nH]c2=N)cc(OC)c1OC,0.002828974975273013
CC12CCC3C(CC[C@@H]4CC(=O)CCC34C)C1CCC2=O,0.7430623769760132
CC(C)(Oc1ccc(Cl)cc1)C(=O)O,0.002044884953647852
c1ccc(SSc2ccccc2)cc1,0.028801392763853073
CCN(CC)CCOc1ccc(/C(=C(\Cl)c2ccccc2)c2ccccc2)cc1,0.9133659601211548
CC1=CC(=O)C(C)=C(C)C1=O,0.0012221012730151415
Cc1cc(=N)[nH]o1,0.00011159635323565453
COc1cc(CC(C)N)cc(OC)c1OC,0.009684762917459011
CC12CCC(=O)C(Cl)=C1CCC1C2CCC2(C)C1CC[C@H]2O,0.932441234588623
Nc1ccccc1SSc1ccccc1N,0.042476508766412735
NC[C@H]1CC[C@H](C(=O)O)CC1,0.00021262098744045943
CCNC1C2CCC(C2)C1c1ccccc1,0.09505070000886917
CCOC(=O)CC(SP(=O)(OC)OC)C(=O)OCC,0.000887105125002563
CCCCC/C=C/C/C=C/C/C=C/CCCCCCC(=O)O,0.0001870675478130579
OC1=NCN(c2ccccc2)C12CCN(CCCC(c1ccc(F)cc1)c1ccc(F)cc1)CC2,0.9924253225326538
CC12CC[C@H](O)C[C@H]1CCC1C2CCC2(C)C1CC[C@H]2O,0.8652035593986511
Oc1nc2ccccc2n1C1CCN(CCCC(c2ccc(F)cc2)c2ccc(F)cc2)CC1,0.9842459559440613
CNC(=S)N(C)C,0.0009080280433408916
CCC(=O)c1ccc2c(c1)N(CCCN1CCN(CCO)CC1)c1ccccc1S2,0.9131279587745667
CCNC(=S)Nc1ccccc1,0.0009738944936543703
CN(C)C(=S)N(C)C,0.007242861203849316
COc1ccc(OC)c(CC(C)N)c1,0.005023740231990814
CC(C)(C)C(=O)Cl,0.01293786522001028
Cc1ccc(S(=O)(=O)N=C=O)cc1,0.00041261338628828526
CN(C)N=Nc1[nH]cnc1C(N)=O,5.9331534430384636e-05
CCc1c(C)[nH]c2c1C(=O)C(CN1CCOCC1)CC2,0.11699135601520538
CC(C)N(CCC(C(=O)N)(c1ccccc1)c1ccccc1)C(C)C,0.3922964632511139
CC(=O)NC(C=O)C(O)C(O)C(O)CO,6.641868822043762e-06
CC(C)NCC(O)c1ccc(O)c(O)c1,0.0003991448029410094
CC(N)C12CC3CC(CC(C3)C1)C2,0.49301645159721375
CC(=O)c1ccc2c(c1)N(CC(C)N(C)C)c1ccccc1S2,0.747326135635376
COc1cc(CC(C)N)cc2c1OCO2,0.00464099133387208
CC(N)C(O)c1ccccc1,0.0009311327594332397
COc1cc(CC(C)N)c(OC)cc1C,0.027563635259866714
CNC(C)Cc1ccc2c(c1)OCO2,0.00647452287375927
OC(=NCC1CCCCN1)c1cc(OCC(F)(F)F)ccc1OCC(F)(F)F,0.17004334926605225
