Name,standardized_smiles
(4-chlorophenoxy)acetic acid,O=C(O)COc1ccc(Cl)cc1
"1-(4-chloro-1,3-dihydro-1,3-dioxo-2H-isoindole-2-yl)-cyclohexanecarboxamide",NC(=O)C1(N2C(=O)c3cccc(Cl)c3C2=O)CCCCC1
"1-(4-chlorophenyl)-3-(2,6-dichlorobenzoyl)urea",O=C(NC(=O)c1c(Cl)cccc1Cl)Nc1ccc(Cl)cc1
"1,1,1,2-tetrachloroethane",ClCC(Cl)(Cl)Cl
"1,1,1-trichloroethane",CC(Cl)(Cl)Cl
"1,1-bis(4-chlorophenyl)-2-ethoxyethanol",CCOCC(O)(c1ccc(Cl)cc1)c1ccc(Cl)cc1
"1,1-dichloroethane",CC(Cl)Cl
"1,2,3-trichloropropane",ClCC(Cl)CCl
"1,2-dichloropropane",CC(Cl)CCl
"1,3-dichloropropene",C=CC(Cl)Cl
"1,3-dinitrobenzene",O=[N+]([O-])c1cccc([N+](=O)[O-])c1
"1,4-dimethylnaphthalene",Cc1ccc(C)c2ccccc12
"10,10'-oxybisphenoxarsine",c1ccc2c(c1)Oc1ccccc1[As]2O[As]1c2ccccc2Oc2ccccc21
1-methylcyclopropene,CC1=CC1
1-methylnaphthalene,Cc1cccc2ccccc12
1-naphthylacetamide,NC(=O)Cc1cccc2ccccc12
1-naphthylacetic acid,O=C(O)Cc1cccc2ccccc12
1-octyl-2-pyrrolidone,CCCCCCCCN1CCCC1=O
2-(thiocyanomethylthio)benzothiazole,N#CSCSc1nc2ccccc2s1
"2,2-dibromo-3-nitrilopropionamide",N#CC(Br)(Br)C(N)=O
"2,3,5-tri-iodobenzoic acid",O=C(O)c1cc(I)cc(I)c1I
"2,3,6-TBA",O=C(O)c1c(Cl)ccc(Cl)c1Cl
"2,4,5-trichlorophenol",Oc1cc(Cl)c(Cl)cc1Cl
"2,4,5-trichlorophenoxyacetic acid",O=C(O)COc1cc(Cl)c(Cl)cc1Cl
"2,4-DB",O=C(O)CCCOc1ccc(Cl)cc1Cl
"2,4-dimethylphenol",Cc1ccc(O)c(C)c1
"2,5-dichlorobenzoic acid methyl ester",COC(=O)c1cc(Cl)ccc1Cl
"2,6-dichloro-N-((4-(trifluoromethyl)phenyl)methyl-benzamide",O=C(NCc1ccc(C(F)(F)F)cc1)c1c(Cl)cccc1Cl
24-epibrassinolide,CC(C)C(C)C(O)C(O)C(C)C1CCC2C3COC(=O)C4CC(O)C(O)CC4(C)C3CCC12C
2-allyphenol,C=CCc1ccccc1O
2-aminobutane,CCC(C)N
2-butoxyethanol,CCCCOCCO
2-hydrazinoethanol,NNCCO
2-methoxyethylmercury acetate,COCC[Hg]OC(C)=O
2-methoxyethylmercury chloride,[CH2]COC
2-naphthyloxyacetic acid,O=C(O)COc1ccc2ccccc2c1
2-phenylphenol,Oc1ccccc1-c1ccccc1
4-aminopyridine,Nc1ccncc1
ACC,NC1(C(=O)O)CC1
Acephate,COP(=O)(NC(C)=O)SC
Acequinocyl,CCCCCCCCCCCCC1=C(OC(C)=O)C(=O)c2ccccc2C1=O
Acetamide,CC(N)=O
Acetamiprid,CC(=NC#N)N(C)Cc1ccc(Cl)nc1
Acethion,CCOC(=O)CSP(=S)(OCC)OCC
Acetochlor,CCOCN(C(=O)CCl)c1c(C)cccc1CC
Acetophos,CCOC(=O)CSP(=O)(OCC)OCC
Acetoprole,CC(=O)c1nn(-c2c(Cl)cc(C(F)(F)F)cc2Cl)c(N)c1S(C)=O
Acibenzolar,O=C(S)c1cccc2nnsc12
Acibenzolar-S-methyl,CSC(=O)c1cccc2nnsc12
Acifluorfen-methyl,COC(=O)c1cc(Oc2ccc(C(F)(F)F)cc2Cl)ccc1[N+](=O)[O-]
Aclonifen,Nc1c([N+](=O)[O-])ccc(Oc2ccccc2)c1Cl
Acrinathrin,CC1(C)C(C=CC(=O)OC(C(F)(F)F)C(F)(F)F)C1C(=O)OC(C#N)c1cccc(Oc2ccccc2)c1
Acynonapyr,CCCOc1cc(C(F)(F)F)ccc1OC1CC2CCCC(C1)N2Oc1ccc(C(F)(F)F)cn1
AD-67,O=C(C(Cl)Cl)N1CCOC12CCCCC2
Afidopyropen,CC1(COC(=O)C2CC2)C(OC(=O)C2CC2)CCC2(C)C1CC(O)C1(C)Oc3cc(-c4cccnc4)oc(=O)c3C(O)C21
Alachlor,CCc1cccc(CC)c1N(COC)C(=O)CCl
Alanycarb,CCOC(=O)CCN(Cc1ccccc1)SN(C)C(=O)ON=C(C)SC
Aldicarb,CNC(=O)ON=CC(C)(C)SC
Aldimorph,CCCCCCCCCCCCN1CC(C)OC(C)C1
Aldoxycarb,CNC(=O)ON=CC(C)(C)S(C)(=O)=O
Allidochlor,C=CCN(CC=C)C(=O)CCl
Alloxydim,C=CCONC(CCC)=C1C(=O)CC(C)(C)C(C(=O)OC)C1=O
Alloxydim sodium,C=CCON=C(CCC)C1=C(O)CC(C)(C)C(C(=O)OC)C1=O
Allyxycarb,C=CCN(CC=C)c1c(C)cc(OC(=O)NC)cc1C
Alorac,O=C(O)C(Cl)=C(Cl)C(=O)C(Cl)(Cl)Cl
Alpha-chlorohydrin,OCC(O)CCl
Alpha-naphthylthiourea,NC(=S)Nc1cccc2ccccc12
Aluminium phosphide,[Al]#P
Ametoctradin,CCCCCCCCc1c(CC)nc2ncnn2c1N
Ametridione,CCSc1nc(=O)n(CC(C)(C)C)c(=O)n1N
Amibuzin,CN(C)c1nnc(C(C)(C)C)c(=O)n1C
Amidithion,COCCNC(=O)CSP(=S)(OC)OC
Amidochlor,CCc1cccc(CC)c1N(CNC(C)=O)C(=O)CCl
Amidoflumet,COC(=O)c1cc(Cl)ccc1NS(=O)(=O)C(F)(F)F
Amidosulfuron,COc1cc(OC)nc(NC(=O)NS(=O)(=O)N(C)S(C)(=O)=O)n1
Amidothioate,CCNP(=S)(OC)Oc1ccc(SC)cc1Cl
Aminocarb,CNC(=O)Oc1ccc(N(C)C)c(C)c1
Aminocyclopyrachlor-methyl,COC(=O)c1nc(C2CC2)nc(N)c1Cl
Aminopyrofen,Cc1ccc(C(=O)OCc2ccc(Oc3ccccc3)cc2)c(N)n1
Amiprofos-methyl,COP(=S)(NC(C)C)Oc1ccc(C)cc1[N+](=O)[O-]
Amisulbrom,Cc1c(Br)c2ccc(F)cc2n1S(=O)(=O)c1ncn(S(=O)(=O)N(C)C)n1
Amitraz,Cc1ccc(N=CN(C)C=Nc2ccc(C)cc2C)c(C)c1
Ammonium hydroxide,N
Ammonium sulphamate,NS(=O)(=O)O
Ampropylfos,CCC(N)P(=O)(O)O
Ancymidol,COc1ccc(C(O)(c2cncnc2)C2CC2)cc1
Anilazine,Clc1nc(Cl)nc(Nc2ccccc2Cl)n1
Anilofos,COP(=S)(OC)SCC(=O)N(c1ccc(Cl)cc1)C(C)C
Anisuron,COc1ccc(C(=O)N(C(=O)N(C)C)c2ccc(Cl)c(Cl)c2)cc1
Aramite,CC(COc1ccc(C(C)(C)C)cc1)OS(=O)OCCCl
Arsenous oxide,[O-2]
Asomate,CN(C)C(=S)S[As](SC(=S)N(C)C)SC(=S)N(C)C
Aspon,CCCOP(=S)(OCCC)OP(=S)(OCCC)OCCC
Athidathion,CCOP(=S)(OCC)SCn1nc(OC)sc1=O
Atraton,CCNc1nc(NC(C)C)nc(OC)n1
Atrazine,CCNc1nc(Cl)nc(NC(C)C)n1
Azaconazole,Clc1ccc(C2(Cn3cncn3)OCCO2)c(Cl)c1
Azafenidin,C#CCOc1cc(-n2nc3n(c2=O)CCCC3)c(Cl)cc1Cl
Azamethiphos,COP(=O)(OC)SCn1c(=O)oc2cc(Cl)cnc21
Azimsulfuron,COc1cc(OC)nc(NC(=O)NS(=O)(=O)c2c(-c3nnn(C)n3)cnn2C)n1
Azinphos-ethyl,CCOP(=S)(OCC)SCn1nnc2ccccc2c1=O
Azinphos-methyl,COP(=S)(OC)SCn1nnc2ccccc2c1=O
Aziprotryne,CSc1nc(N=[N+]=[N-])nc(NC(C)C)n1
Azithiram,CN(C)NC(=S)SSC(=S)NN(C)C
Azobenzene,c1ccc(N=Nc2ccccc2)cc1
Azocyclotin,c1ncn([Sn](C2CCCCC2)(C2CCCCC2)C2CCCCC2)n1
Azoluron,CCn1nccc1NC(=O)Nc1ccccc1
Azothoate,COP(=S)(OC)Oc1ccc(N=Nc2ccc(Cl)cc2)cc1
Azoxybenzene,[O-][N+](=Nc1ccccc1)c1ccccc1
Azoxystrobin,COC=C(C(=O)OC)c1ccccc1Oc1cc(Oc2ccccc2C#N)ncn1
Barban,O=C(Nc1cccc(Cl)c1)OCC#CCCl
Barium polysulphide,[S-2]
Beflubutamid,CCC(Oc1ccc(F)c(C(F)(F)F)c1)C(=O)NCc1ccccc1
Benazolin-ethyl,CCOC(=O)Cn1c(=O)sc2cccc(Cl)c21
Bencarbazone,CCS(=O)(=O)Nc1cc(-n2nc(C(F)(F)F)n(C)c2=O)c(F)cc1C(N)=S
Benclothiaz,Clc1cccc2cnsc12
Bendiocarb,CNC(=O)Oc1cccc2c1OC(C)(C)O2
Benfluralin,CCCCN(CC)c1c([N+](=O)[O-])cc(C(F)(F)F)cc1[N+](=O)[O-]
Benfuracarb,CCOC(=O)CCN(SN(C)C(=O)Oc1cccc2c1OC(C)(C)C2)C(C)C
Benfuresate,CCS(=O)(=O)Oc1ccc2c(c1)C(C)(C)CO2
Benodanil,O=C(Nc1ccccc1)c1ccccc1I
Benomyl,CCCCNC(=O)n1c(NC(=O)OC)nc2ccccc21
Benquinox,O=Nc1ccc(NNC(=O)c2ccccc2)cc1
Bensulfuron,COc1cc(OC)nc(NC(=O)NS(=O)(=O)Cc2ccccc2C(=O)O)n1
Bensulfuron-methyl,COC(=O)c1ccccc1CS(=O)(=O)NC(=O)Nc1nc(OC)cc(OC)n1
Bensulide,CC(C)OP(=S)(OC(C)C)SCCNS(=O)(=O)c1ccccc1
Bensultap,CN(C)C(CSS(=O)(=O)c1ccccc1)CSS(=O)(=O)c1ccccc1
Bentaluron,CC(C)NC(=O)Nc1nc2ccccc2s1
Benthiavalicarb,CC(NC(=O)C(NC(=O)O)C(C)C)c1nc2ccc(F)cc2s1
Benthiavalicarb-isopropyl,CC(C)OC(=O)NC(C(=O)NC(C)c1nc2ccc(F)cc2s1)C(C)C
Bentonite,O=[Al]O[Al]=O
Benzalkonium chloride,CC(C)(C)CC(C)(C)c1ccc(OCCOCC[N+](C)(C)Cc2ccccc2)cc1
Benzamacril,CN(C=C(C#N)C(=O)O)Cc1ccccc1
Benzamacril isobutyl,CC(C)COC(=O)C(C#N)=CN(C)Cc1ccccc1
Benzfendizone,CCc1ccc(COc2ccc(-n3c(=O)cc(C(F)(F)F)n(C)c3=O)cc2)c(OC(C)C(=O)OC)c1
Benzipram,Cc1cc(C)cc(C(=O)N(Cc2ccccc2)C(C)C)c1
Benzobicyclon,CS(=O)(=O)c1ccc(C(=O)C2=C(Sc3ccccc3)C3CCC(C3)C2=O)c(Cl)c1
Benzofenap,Cc1ccc(C(=O)COc2c(C(=O)c3ccc(Cl)c(C)c3Cl)c(C)nn2C)cc1
Benzofluor,CCSc1ccc(NS(C)(=O)=O)c(C(F)(F)F)c1
Benzovindiflupyr,Cn1cc(C(=O)Nc2cccc3c2C2CCC3C2=C(Cl)Cl)c(C(F)F)n1
Benzoximate,CCON=C(OC(=O)c1ccccc1)c1c(OC)ccc(Cl)c1OC
Benzoylprop,CC(C(=O)O)N(C(=O)c1ccccc1)c1ccc(Cl)c(Cl)c1
Benzoylprop-ethyl,CCOC(=O)C(C)N(C(=O)c1ccccc1)c1ccc(Cl)c(Cl)c1
Benzthiazuron,CNC(=O)Nc1nc2ccccc2s1
Bethoxazin,O=S1CCON=C1c1cc2ccccc2s1
Bicyclopyrone,COCCOCc1nc(C(F)(F)F)ccc1C(O)=C1C(=O)C2CCC(C2)C1=O
Bifenazate,COc1ccc(-c2ccccc2)cc1NNC(=O)OC(C)C
Bifenox,COC(=O)c1cc(Oc2ccc(Cl)cc2Cl)ccc1[N+](=O)[O-]
Binapacryl,CCC(C)c1cc([N+](=O)[O-])cc([N+](=O)[O-])c1OC(=O)C=C(C)C
Bipyrazone,Cc1nn(C)cc1C(=O)Oc1c(C(=O)c2ccc(C(F)(F)F)cc2S(C)(=O)=O)c(C)nn1C
Bis(2-chloroethyl)ether,ClCCOCCCl
Bis(methylmercury) sulphate,C[Hg]OS(=O)(=O)O[Hg]C
Bismerthiazol,S=c1[nH]nc(NCNc2n[nH]c(=S)s2)s1
Bisthiosemi,NC(=S)NNCNNC(N)=S
Bis-trichloromethyl sulfone,O=S(=O)(C(Cl)(Cl)Cl)C(Cl)(Cl)Cl
Bistrifluron,O=C(NC(=O)c1c(F)cccc1F)Nc1cc(C(F)(F)F)cc(C(F)(F)F)c1Cl
Bitertanol,CC(C)(C)C(O)C(Oc1ccc(-c2ccccc2)cc1)n1cncn1
Bithionol,Oc1c(Cl)cc(Cl)cc1Sc1cc(Cl)cc(Cl)c1O
Bixafen,Cn1cc(C(=O)Nc2ccc(F)cc2-c2ccc(Cl)c(Cl)c2)c(C(F)F)n1
Bixlozone,CC1(C)CON(Cc2ccc(Cl)cc2Cl)C1=O
Boscalid,O=C(Nc1ccccc1-c1ccc(Cl)cc1)c1cccnc1Cl
Broflanilide,CN(C(=O)c1ccccc1)c1cccc(C(=O)Nc2c(Br)cc(C(F)(C(F)(F)F)C(F)(F)F)cc2C(F)(F)F)c1F
Bromadiolone,O=c1oc2ccccc2c(O)c1C(CC(O)c1ccc(-c2ccc(Br)cc2)cc1)c1ccccc1
Bromfenvinfos,CCOP(=O)(OCC)OC(=CBr)c1ccc(Cl)cc1Cl
Bromobonil,N#Cc1cc(Br)c(OC(=O)OCC2CCCO2)c(Br)c1
Bromobutide,CC(C)(NC(=O)C(Br)C(C)(C)C)c1ccccc1
Bromofenoxim,O=C1C(Br)=CC(=CNOc2ccc([N+](=O)[O-])cc2[N+](=O)[O-])C=C1Br
Bromomethane,CBr
Bromopropylate,CC(C)OC(=O)C(O)(c1ccc(Br)cc1)c1ccc(Br)cc1
Bromoxynil-butanoate,CCCC(=O)Oc1c(Br)cc(C#N)cc1Br
Bromoxynil-octanoate,CCCCCCCC(=O)Oc1c(Br)cc(C#N)cc1Br
Brompyrazon,Nc1cnn(-c2ccccc2)c(=O)c1Br
Bromuconazole,Clc1ccc(C2(Cn3cncn3)CC(Br)CO2)c(Cl)c1
Bromuron,CN(C)C(=O)Nc1ccc(Br)cc1
Brucine,COc1cc2c(cc1OC)C13CCN4CC5=CCOC6CC(=O)N2C1C6C5CC43
Bucarpolate,CCCCOCCOCCOC(=O)c1ccc2c(c1)OCO2
Bufencarb,CCCC(C)c1cccc(OC(=O)NC)c1
Buminafos,CCCCNC1(P(=O)(OCCCC)OCCCC)CCCCC1
Bupirimate,CCCCc1c(C)nc(NCC)nc1OS(=O)(=O)N(C)C
Buprofezin,CC(C)N1C(=O)N(c2ccccc2)CSC1=NC(C)(C)C
Butachlor,CCCCOCN(C(=O)CCl)c1c(CC)cccc1CC
Butafenacil,C=CCOC(=O)C(C)(C)OC(=O)c1cc(-n2c(=O)cc(C(F)(F)F)n(C)c2=O)ccc1Cl
Butamifos,CCOP(=S)(NC(C)CC)Oc1cc(C)ccc1[N+](=O)[O-]
Butanethiol,CCCCS
Butathiofos,CCOP(=S)(OCC)Oc1cnc(C(C)(C)C)nc1
Butenachlor,CC=CCOCN(C(=O)CCl)c1c(CC)cccc1CC
Buthidazole,CN1CC(O)N(c2nnc(C(C)(C)C)s2)C1=O
Buthiobate,CCCCSC(=Nc1cccnc1)SCc1ccc(C(C)(C)C)cc1
Buthiuron,CCCCS(=O)(=O)c1nnc(N(C)C(=O)NC)s1
Butocarboxim,CNC(=O)ON=C(C)C(C)SC
Butonate,CCCC(=O)OC(C(Cl)(Cl)Cl)P(=O)(OC)OC
Butopyronoxyl,CCCCOC(=O)C1=CC(=O)CC(C)(C)O1
Butoxycarboxim,CNC(=O)ON=C(C)C(C)S(C)(=O)=O
Butralin,CCC(C)Nc1c([N+](=O)[O-])cc(C(C)(C)C)cc1[N+](=O)[O-]
Butroxydim,CCCC(=O)c1c(C)cc(C)c(C2CC(=O)C(=C(CC)NOCC)C(=O)C2)c1C
Buturon,C#CC(C)N(C)C(=O)Nc1ccc(Cl)cc1
Butyl stearate,CCCCCCCCCCCCCCCCCC(=O)OCCCC
Butylate,CCSC(=O)N(CC(C)C)CC(C)C
Cacodylic acid,C[As](C)(=O)O
Cadusafos,CCOP(=O)(SC(C)CC)SC(C)CC
Cafenstrole,CCN(CC)C(=O)n1cnc(S(=O)(=O)c2c(C)cc(C)cc2C)n1
Calciferol,C=C1CCC(O)CC1=CC=C1CCCC2(C)C1CCC2C(C)C=CC(C)C(C)C
Calcium chloride,Cl
Calcium cyanamide,N=C=N
Calcium phosphide,[P-3]
Captafol,O=C1C2CC=CCC2C(=O)N1SC(Cl)(Cl)C(Cl)Cl
Carbamorph,CN(C)C(=S)SCN1CCOCC1
Carbanolate,CNC(=O)Oc1cc(C)c(C)cc1Cl
Carbaryl,CNC(=O)Oc1cccc2ccccc12
Carbasulam,COC(=O)Nc1ccc(S(=O)(=O)NC(=O)OC)cc1
Carbendazim,COC(=O)Nc1nc2ccccc2[nH]1
Carbetamide,CCNC(=O)C(C)OC(=O)Nc1ccccc1
Carbofuran,CNC(=O)Oc1cccc2c1OC(C)(C)C2
Carbon dioxide,O=C=O
Carbophenothion,CCOP(=S)(OCC)SCSc1ccc(Cl)cc1
Carbosulfan,CCCCN(CCCC)SN(C)C(=O)Oc1cccc2c1OC(C)(C)C2
Carboxazole,COC(=O)Nc1cc(C(C)(C)C)on1
Carboxin,CC1=C(C(=O)Nc2ccccc2)SCCO1
Carfentrazone,Cc1nn(-c2cc(CC(Cl)C(=O)O)c(Cl)cc2F)c(=O)n1C(F)F
Carfentrazone-ethyl,CCOC(=O)C(Cl)Cc1cc(-n2nc(C)n(C(F)F)c2=O)c(F)cc1Cl
Carpropamid,CCC1(C(=O)NC(C)c2ccc(Cl)cc2)C(C)C1(Cl)Cl
Cetrimide,CCCCCCCCCCCCCC[N+](C)(C)C
Chinomethionat,Cc1ccc2nc3sc(=O)sc3nc2c1
Chlobenthiazone,Cn1c(=O)sc2cccc(Cl)c21
Chlomethoxyfen,COc1cc(Oc2ccc(Cl)cc2Cl)ccc1[N+](=O)[O-]
Chloralose,OCC(O)C1OC2OC(C(Cl)(Cl)Cl)OC2C1O
Chloraniformethan,O=CNC(Nc1ccc(Cl)c(Cl)c1)C(Cl)(Cl)Cl
Chloranil,O=C1C(Cl)=C(Cl)C(=O)C(Cl)=C1Cl
Chloranocryl,C=C(C)C(=O)Nc1ccc(Cl)c(Cl)c1
Chlorantraniliprole,CNC(=O)c1cc(Cl)cc(C)c1NC(=O)c1cc(Br)nn1-c1ncccc1Cl
Chlorazifop,CC(Oc1ccc(Oc2ncc(Cl)cc2Cl)cc1)C(=O)O
Chlorazifop propargyl,C#CCOC(=O)C(C)Oc1ccc(Oc2ncc(Cl)cc2Cl)cc1
Chlorazine,CCN(CC)c1nc(Cl)nc(N(CC)CC)n1
Chlorbenside,Clc1ccc(CSc2ccc(Cl)cc2)cc1
Chlorbromuron,CON(C)C(=O)Nc1ccc(Br)c(Cl)c1
Chlorbufam,C#CC(C)OC(=O)Nc1cccc(Cl)c1
Chlordecone,O=C1C2(Cl)C3(Cl)C4(Cl)C(Cl)(Cl)C5(Cl)C3(Cl)C1(Cl)C5(Cl)C24Cl
Chloretazate,CCn1c(C)cc(=O)c(C(=O)O)c1-c1ccc(Cl)cc1
Chlorethoxyfos,CCOP(=S)(OCC)OC(Cl)C(Cl)(Cl)Cl
Chloreturon,CCOc1ccc(NC(=O)N(C)C)cc1Cl
Chlorfenac,O=C(O)Cc1c(Cl)ccc(Cl)c1Cl
Chlorfenapyr,CCOCn1c(-c2ccc(Cl)cc2)c(C#N)c(Br)c1C(F)(F)F
Chlorfenazole,Clc1ccccc1-c1nc2ccccc2[nH]1
Chlorfenethol,CC(O)(c1ccc(Cl)cc1)c1ccc(Cl)cc1
Chlorfenprop,O=C(O)C(Cl)Cc1ccc(Cl)cc1
Chlorfenprop-methyl,COC(=O)C(Cl)Cc1ccc(Cl)cc1
Chlorfenson,O=S(=O)(Oc1ccc(Cl)cc1)c1ccc(Cl)cc1
Chlorfensulphide,Clc1ccc(SN=Nc2cc(Cl)c(Cl)cc2Cl)cc1
Chlorfenvinphos,CCOP(=O)(OCC)OC(=CCl)c1ccc(Cl)cc1Cl
Chlorfluazole,FC(F)(F)c1nc2c(Cl)c(Cl)ccc2[nH]1
Chlorfluren,O=C(O)C1c2ccccc2-c2ccc(Cl)cc21
Chlorfluren methyl,COC(=O)C1c2ccccc2-c2ccc(Cl)cc21
Chlorflurenol,O=C(O)C1(O)c2ccccc2-c2ccc(Cl)cc21
Chlorflurenol methyl,COC(=O)C1(O)c2ccccc2-c2ccc(Cl)cc21
Chloridazon,Nc1cnn(-c2ccccc2)c(=O)c1Cl
Chlorimuron,COc1cc(Cl)nc(NC(=O)NS(=O)(=O)c2ccccc2C(=O)O)n1
Chlorimuron-ethyl,CCOC(=O)c1ccccc1S(=O)(=O)NC(=O)Nc1nc(Cl)cc(OC)n1
Chlormephos,CCOP(=S)(OCC)SCCl
Chlornitrofen,O=[N+]([O-])c1ccc(Oc2c(Cl)cc(Cl)cc2Cl)cc1
Chlorobenzilate,CCOC(=O)C(O)(c1ccc(Cl)cc1)c1ccc(Cl)cc1
Chloroneb,COc1cc(Cl)c(OC)cc1Cl
Chlorophacinone,O=C1c2ccccc2C(=O)C1C(=O)C(c1ccccc1)c1ccc(Cl)cc1
Chloropicrin,O=[N+]([O-])C(Cl)(Cl)Cl
Chloropon,O=C(O)C(Cl)(Cl)CCl
Chloroprallethrin,C#CCC1=C(C)C(OC(=O)C2C(C=C(Cl)Cl)C2(C)C)CC1=O
Chloropropylate,CC(C)OC(=O)C(O)(c1ccc(Cl)cc1)c1ccc(Cl)cc1
Chlorotoluene,ClCc1ccccc1
Chlorotoluron,Cc1ccc(NC(=O)N(C)C)cc1Cl
Chloroxuron,CN(C)C(=O)Nc1ccc(Oc2ccc(Cl)cc2)cc1
Chloroxylenol,Cc1cc(O)cc(C)c1Cl
Chloroxynil,N#Cc1cc(Cl)c(O)c(Cl)c1
Chlorphoxim,CCOP(=S)(OCC)ON=C(C#N)c1ccccc1Cl
Chlorprazophos,CCOP(=S)(OCC)Oc1nn2c(C)ccnc2c1Cl
Chlorprocarb,CCC(CCl)NC(=O)Oc1cccc(NC(=O)OC)c1
Chlorpropham,CC(C)OC(=O)Nc1cccc(Cl)c1
Chlorpyrifos-methyl,COP(=S)(OC)Oc1nc(Cl)c(Cl)cc1Cl
Chlorquinox,Clc1c(Cl)c(Cl)c2nccnc2c1Cl
Chlorsulfuron,COc1nc(C)nc(NC(=O)NS(=O)(=O)c2ccccc2Cl)n1
Chlorthal,O=C(O)c1c(Cl)c(Cl)c(C(=O)O)c(Cl)c1Cl
Chlorthal-dimethyl,COC(=O)c1c(Cl)c(Cl)c(C(=O)OC)c(Cl)c1Cl
Chlorthal-monomethyl,COC(=O)c1c(Cl)c(Cl)c(C(=O)O)c(Cl)c1Cl
Chlorthiamid,NC(=S)c1c(Cl)cccc1Cl
Chlorthion,COP(=S)(OC)Oc1ccc([N+](=O)[O-])c(Cl)c1
Chlorthiophos,CCOP(=S)(OCC)Oc1cc(SC)c(Cl)cc1Cl
Chlozolinate,CCOC(=O)C1(C)OC(=O)N(c2cc(Cl)cc(Cl)c2)C1=O
Cholecalciferol,C=C1CCC(O)CC1=CC=C1CCCC2(C)C1CCC2C(C)CCCC(C)C
Chromafenozide,Cc1cc(C)cc(C(=O)N(NC(=O)c2ccc3c(c2C)CCCO3)C(C)(C)C)c1
Cinidon-ethyl,CCOC(=O)C(Cl)=Cc1cc(N2C(=O)C3=C(CCCC3)C2=O)ccc1Cl
Cinmethylin,Cc1ccccc1COC1CC2(C(C)C)CCC1(C)O2
Cinosulfuron,COCCOc1ccccc1S(=O)(=O)NC(=O)Nc1nc(OC)nc(OC)n1
Ciobutide,CCC(C#N)(C(N)=O)c1ccccc1
Cisanilide,CC1CCC(C)N1C(=O)Nc1ccccc1
Clacyfos,COP(=O)(OC)C(C)OC(=O)COc1ccc(Cl)cc1Cl
Clethodim,CCSC(C)CC1CC(=O)C(=C(CC)NOCC=CCl)C(=O)C1
Cliodinate,CC(=O)Oc1c(I)cnc(Cl)c1I
Clodinafop,CC(Oc1ccc(Oc2ncc(Cl)cc2F)cc1)C(=O)O
Clodinafop propargyl,C#CCOC(=O)C(C)Oc1ccc(Oc2ncc(Cl)cc2F)cc1
Cloethocarb,CNC(=O)Oc1ccccc1OC(CCl)OC
Clofentezine,Clc1ccccc1-c1nnc(-c2ccccc2Cl)nn1
Clofibric acid,CC(C)(Oc1ccc(Cl)cc1)C(=O)O
Clofop,CC(Oc1ccc(Oc2ccc(Cl)cc2)cc1)C(=O)O
Clofop-isobutyl,CC(C)COC(=O)C(C)Oc1ccc(Oc2ccc(Cl)cc2)cc1
Clomazone,CC1(C)CON(Cc2ccccc2Cl)C1=O
Clomeprop,Cc1c(Cl)ccc(OC(C)C(=O)Nc2ccccc2)c1Cl
Cloprop,CC(Oc1cccc(Cl)c1)C(=O)O
Cloproxydim,CCCC(NOCC=CCl)=C1C(=O)CC(CC(C)SCC)CC1=O
Cloquintocet-mexyl,CCCCCC(C)OC(=O)COc1ccc(Cl)c2cccnc12
Cloransulam,CCOc1nc(F)cc2nc(S(=O)(=O)Nc3c(Cl)cccc3C(=O)O)nn12
Cloransulam-methyl,CCOc1nc(F)cc2nc(S(=O)(=O)Nc3c(Cl)cccc3C(=O)OC)nn12
Clothianidin,CN=C(NCc1cnc(Cl)s1)N[N+](=O)[O-]
Copper (I) oxide,[Cu]
Copper (II) hydroxide,[Cu+2]
Copper acetoarsenite,O[As]1O[As](O)O[As](O)O1
Copper bis(3-phenylsalicylate),O=C(O)c1cccc(-c2ccccc2)c1O
Copper naphthenate,CCC1CCC(CCC(=O)O)CC1
Copper oxychloride,ClOCl
Coumachlor,CC(=O)CC(c1ccc(Cl)cc1)c1c(O)c2ccccc2oc1=O
Coumatetralyl,O=c1oc2ccccc2c(O)c1C1CCCc2ccccc21
Coumethoxystrobin,COC=C(C(=O)OC)c1ccccc1COc1ccc2c(C)c(C)c(=O)oc2c1
Coumithoate,CCOP(=S)(OCC)Oc1ccc2c3c(c(=O)oc2c1)CCCC3
Coumoxystrobin,CCCCc1c(C)c2ccc(OCc3ccccc3C(=COC)C(=O)OC)cc2oc1=O
Credazine,Cc1ccccc1Oc1cccnn1
Crimidine,Cc1cc(N(C)C)nc(Cl)n1
Crotamiton,CC=CC(=O)N(CC)c1ccccc1C
Cumyluron,CC(C)(NC(=O)NCc1ccccc1Cl)c1ccccc1
Cyanatryn,CCNc1nc(NC(C)(C)C#N)nc(SC)n1
Cyanazine,CCNc1nc(Cl)nc(NC(C)(C)C#N)n1
Cyanophos,COP(=S)(OC)Oc1ccc(C#N)cc1
Cyanthoate,CCOP(=O)(OCC)SCC(=O)NC(C)(C)C#N
Cyantraniliprole,CNC(=O)c1cc(C#N)cc(C)c1NC(=O)c1cc(Br)nn1-c1ncccc1Cl
Cyazofamid,Cc1ccc(-c2c(Cl)nc(C#N)n2S(=O)(=O)N(C)C)cc1
Cybutryne,CSc1nc(NC2CC2)nc(NC(C)(C)C)n1
Cyclanilide,O=C(O)C1(C(=O)Nc2ccc(Cl)cc2Cl)CC1
Cyclaniliprole,CC(NC(=O)c1cc(Cl)cc(Br)c1NC(=O)c1cc(Br)nn1-c1ncccc1Cl)C1CC1
Cyclethrin,CC(C)=CC1C(C(=O)OC2CC(=O)C(C3C=CCC3)=C2C)C1(C)C
Cycloate,CCSC(=O)N(CC)C1CCCCC1
Cyclohexanone,O=C1CCCCC1
Cycloheximide,CC1CC(C)C(=O)C(C(O)CC2CC(=O)NC(=O)C2)C1
Cycloprate,CCCCCCCCCCCCCCCCOC(=O)C1CC1
Cycloprothrin,CCOc1ccc(C2(C(=O)OC(C#N)c3cccc(Oc4ccccc4)c3)CC2(Cl)Cl)cc1
Cyclopyrimorate,Cc1cccc(C2CC2)c1Oc1nnc(Cl)cc1OC(=O)N1CCOCC1
Cyclosulfamuron,COc1cc(OC)nc(NC(=O)NS(=O)(=O)Nc2ccccc2C(=O)C2CC2)n1
Cycloxaprid,O=[N+]([O-])C1=C2N(Cc3ccc(Cl)nc3)CCN2C2CCC1O2
Cycloxydim,CCCC(NOCC)=C1C(=O)CC(C2CCCSC2)CC1=O
Cycluron,CN(C)C(=O)NC1CCCCCCC1
Cyenopyrafen,Cc1nn(C)c(C(OC(=O)C(C)(C)C)=C(C#N)c2ccc(C(C)(C)C)cc2)c1C
Cyflufenamid,O=C(Cc1ccccc1)N=C(NOCC1CC1)c1c(C(F)(F)F)ccc(F)c1F
Cyflumetofen,COCCOC(=O)C(C#N)(C(=O)c1ccccc1C(F)(F)F)c1ccc(C(C)(C)C)cc1
Cyhalodiamide,Cc1cc(C(F)(C(F)(F)F)C(F)(F)F)ccc1NC(=O)c1cccc(Cl)c1C(=O)NC(C)(C)C#N
Cyhalofop,CC(Oc1ccc(Oc2ccc(C#N)cc2F)cc1)C(=O)O
Cyhalofop-butyl,CCCCOC(=O)C(C)Oc1ccc(Oc2ccc(C#N)cc2F)cc1
Cyhexatin,C1CCC([Sn](C2CCCCC2)C2CCCCC2)CC1
Cymoxanil,CCNC(=O)NC(=O)C(C#N)=NOC
Cyometrinil,N#CCON=C(C#N)c1ccccc1
Cypendazole,COC(=O)Nc1nc2ccccc2n1C(=O)NCCCCCC#N
Cyphenothrin,CC(C)=CC1C(C(=O)OC(C#N)c2cccc(Oc3ccccc3)c2)C1(C)C
Cyprazine,CC(C)Nc1nc(Cl)nc(NC2CC2)n1
Cyproconazole,CC(C1CC1)C(O)(Cn1cncn1)c1ccc(Cl)cc1
Cyprodinil,Cc1cc(C2CC2)nc(Nc2ccccc2)n1
Cyproflanilide,O=C(Nc1c(Br)cc(C(F)(C(F)(F)F)C(F)(F)F)cc1C(F)(F)F)c1cccc(N(CC2CC2)C(=O)c2ccc(F)cc2)c1F
Cyprofuram,O=C1OCCC1N(C(=O)C1CC1)c1cccc(Cl)c1
Cypromid,O=C(Nc1ccc(Cl)c(Cl)c1)C1CC1
Cyprosulfamide,COc1ccccc1C(=O)NS(=O)(=O)c1ccc(C(=O)NC2CC2)cc1
Cypyrafluone,Cn1[nH]c(C2CC2)c(C(=O)c2ccc(C(F)(F)F)c(N3CCCCC3=O)c2Cl)c1=O
Cyromazine,Nc1nc(N)nc(NC2CC2)n1
DAEP,COP(=S)(OC)SCCNC(C)=O
Daimuron,Cc1ccc(NC(=O)NC(C)(C)c2ccccc2)cc1
Daminozide,CN(C)NC(=O)CCC(=O)O
DCIP,CC(CCl)OC(C)CCl
Debacarb,CCOCCOCCOC(=O)Nc1nc2ccccc2[nH]1
Decafentin,CCCCCCCCCC[P+](c1ccccc1)(c1ccccc1)c1ccccc1
Defenuron,CNC(=O)Nc1ccccc1
Dehydroacetic acid,CC(=O)c1c(O)cc(C)oc1=O
Delachlor,Cc1cccc(C)c1N(COCC(C)C)C(=O)CCl
Deltamethrin,CC1(C)C(C=C(Br)Br)C1C(=O)OC(C#N)c1cccc(Oc2ccccc2)c1
Demephion-O,COP(=S)(OC)OCCSC
Demeton,CCOP(=S)(OCC)OCCSCC
Demeton-O-methyl,CCSCCOP(=S)(OC)OC
Demeton-O-methyl sulfone,CCS(=O)(=O)CCOP(=S)(OC)OC
Demeton-S-methyl,CCSCCSP(=O)(OC)OC
Demeton-S-methyl sulfone,CCS(=O)(=O)CCSP(=O)(OC)OC
Desmedipham,CCOC(=O)Nc1cccc(OC(=O)Nc2ccccc2)c1
Desmetryn,CNc1nc(NC(C)C)nc(SC)n1
Di-1-p-menthene,CC1=CCC(CCC(C)(C)C2CC=C(C)CC2)CC1
Dialifos,CCOP(=S)(OCC)SC(CCl)N1C(=O)c2ccccc2C1=O
Di-allate,CC(C)N(C(=O)SCC(Cl)=CCl)C(C)C
Diamidaphos,CNP(=O)(NC)Oc1ccccc1
Diazinon,CCOP(=S)(OCC)Oc1cc(C)nc(C(C)C)n1
Dibromochloropropane,ClCC(Br)CBr
Dicamba methyl,COC(=O)c1c(Cl)ccc(Cl)c1OC
Dichlobentiazox,O=S1(=O)N=C(OCc2snc(Cl)c2Cl)c2ccccc21
Dichlofenthion,CCOP(=S)(OCC)Oc1ccc(Cl)cc1Cl
Dichlofluanid,CN(C)S(=O)(=O)N(SC(F)(Cl)Cl)c1ccccc1
Dichlormid,C=CCN(CC=C)C(=O)C(Cl)Cl
Dichlorophen,Oc1ccc(Cl)cc1Cc1cc(Cl)ccc1O
Dichlorprop-butotyl,CCCCOCCOC(=O)C(C)Oc1ccc(Cl)cc1Cl
Dichlorprop-isoctyl,CCCCCCC(C)OC(=O)C(C)Oc1ccc(Cl)cc1Cl
Dichlorprop-methyl,COC(=O)C(C)Oc1ccc(Cl)cc1Cl
Dichlorprop-P-etexyl,CCCCC(CC)COC(=O)C(C)Oc1ccc(Cl)cc1Cl
Dichlozoline,CC1(C)OC(=O)N(c2cc(Cl)cc(Cl)c2)C1=O
Diclobutrazol,CC(C)(C)C(O)C(Cc1ccc(Cl)cc1Cl)n1cncn1
Diclocymet,CC(NC(=O)C(C#N)C(C)(C)C)c1ccc(Cl)cc1Cl
Diclofop,CC(Oc1ccc(Oc2ccc(Cl)cc2Cl)cc1)C(=O)O
Diclomezine,Cc1c(Cl)cc(-c2ccc(=O)[nH]n2)cc1Cl
Dicloran,Nc1c(Cl)cc([N+](=O)[O-])cc1Cl
Dicloromezotiaz,Cc1ccc[n+]2c(=O)c(-c3cc(Cl)cc(Cl)c3)c(O)n(Cc3cnc(Cl)s3)c12
Diclosulam,CCOc1nc(F)cc2nc(S(=O)(=O)Nc3c(Cl)cccc3Cl)nn12
Dicoumarol,O=c1oc2ccccc2c(O)c1Cc1c(O)c2ccccc2oc1=O
Dicrotophos,COP(=O)(OC)OC(C)=CC(=O)N(C)C
Dicyclonon,CC1(C)CN2C(=O)CCC2(C)N(C(=O)C(Cl)Cl)C1
Diethatyl ethyl,CCOC(=O)CN(C(=O)CCl)c1c(CC)cccc1CC
Diethofencarb,CCOc1ccc(NC(=O)OC(C)C)cc1OCC
Dietholate,CCOP(=S)(OCC)Oc1ccccc1
Diethyltoluamide,CCN(CC)C(=O)c1cccc(C)c1
Difenacoum,O=c1oc2ccccc2c(O)c1C1CC(c2ccc(-c3ccccc3)cc2)Cc2ccccc21
Difenoconazole,CC1COC(Cn2cncn2)(c2ccc(Oc3ccc(Cl)cc3)cc2Cl)O1
Difenopenten,CC(C=CC(=O)O)Oc1ccc(Oc2ccc(C(F)(F)F)cc2)cc1
Difenopenten-ethyl,CCOC(=O)C=CC(C)Oc1ccc(Oc2ccc(C(F)(F)F)cc2)cc1
Difenoxuron,COc1ccc(Oc2ccc(NC(=O)N(C)C)cc2)cc1
Difethialone,O=c1c(C2CC(c3ccc(-c4ccc(Br)cc4)cc3)Cc3ccccc32)c(O)sc2ccccc12
Diflovidazin,Fc1cccc(F)c1-c1nnc(-c2ccccc2Cl)nn1
Diflubenzuron,O=C(NC(=O)c1c(F)cccc1F)Nc1ccc(Cl)cc1
Diflufenican,O=C(Nc1ccc(F)cc1F)c1cccnc1Oc1cccc(C(F)(F)F)c1
Diflufenzopyr,CC(=NNC(=O)Nc1cc(F)cc(F)c1)c1ncccc1C(=O)O
Diflumetorim,CCC(Nc1ncnc(C)c1Cl)c1ccc(OC(F)F)cc1
Difunon,CN(C)C=C1OC(=O)C(C#N)=C1c1ccccc1
Dimefluthrin,COCc1c(F)c(F)c(COC(=O)C2C(C=C(C)C)C2(C)C)c(F)c1F
Dimefox,CN(C)P(=O)(F)N(C)C
Dimefuron,CN(C)C(=O)Nc1ccc(-n2nc(C(C)(C)C)oc2=O)c(Cl)c1
Dimepiperate,CC(C)(SC(=O)N1CCCCC1)c1ccccc1
Dimetachlone,O=C1CCC(=O)N1c1cc(Cl)cc(Cl)c1
Dimethachlor,COCCN(C(=O)CCl)c1c(C)cccc1C
Dimethametryn,CCNc1nc(NC(C)C(C)C)nc(SC)n1
Dimethipin,CC1=C(C)S(=O)(=O)CCS1(=O)=O
Dimethirimol,CCCCc1c(C)[nH]c(N(C)C)nc1=O
Dimethoate,CNC(=O)CSP(=S)(OC)OC
Dimethomorph,COc1ccc(C(=CC(=O)N2CCOCC2)c2ccc(Cl)cc2)cc1OC
Dimethrin,CC(C)=CC1C(C(=O)OCc2ccc(C)cc2C)C1(C)C
"Dimethyl(4-piperidinocarbonyloxy-2,5-xylyl)sulfonium toluene-4-sulfonate",Cc1cc([S+](C)C)c(C)cc1OC(=O)N1CCCCC1
Dimethylvinphos,COP(=O)(OC)OC(=CCl)c1ccc(Cl)cc1Cl
Dimexano,COC(=S)SSC(=S)OC
Dimidazon,COc1cnn(-c2ccccc2)c(=O)c1OC
Dimoxystrobin,CNC(=O)C(=NOC)c1ccccc1COc1cc(C)ccc1C
Dinitramine,CCN(CC)c1c([N+](=O)[O-])cc(C(F)(F)F)c(N)c1[N+](=O)[O-]
Dinobuton,CCC(C)c1cc([N+](=O)[O-])cc([N+](=O)[O-])c1OC(=O)OC(C)C
Dinocton,COC(=O)Oc1c(CCCCCC(C)C)cc([N+](=O)[O-])cc1[N+](=O)[O-]
Dinofenate,CCC(C)c1cc([N+](=O)[O-])cc([N+](=O)[O-])c1OC(=O)Oc1ccc([N+](=O)[O-])cc1[N+](=O)[O-]
Dinopenton,CCCC(C)c1cc([N+](=O)[O-])cc([N+](=O)[O-])c1OC(=O)OC(C)C
Dinosam,CCCC(C)c1cc([N+](=O)[O-])cc([N+](=O)[O-])c1O
Dinoseb,CCC(C)c1cc([N+](=O)[O-])cc([N+](=O)[O-])c1O
Dinoseb acetate,CCC(C)c1cc([N+](=O)[O-])cc([N+](=O)[O-])c1OC(C)=O
Dinosulfon,CCCCCCC(C)c1cc([N+](=O)[O-])cc([N+](=O)[O-])c1OC(=O)SC
Dinotefuran,CN=C(NCC1CCOC1)N[N+](=O)[O-]
Dinoterb,CC(C)(C)c1cc([N+](=O)[O-])cc([N+](=O)[O-])c1O
Dinoterb acetate,CC(=O)Oc1c([N+](=O)[O-])cc([N+](=O)[O-])cc1C(C)(C)C
Diofenolan,CCC1OCC(COc2ccc(Oc3ccccc3)cc2)O1
Dioxabenzophos,COP1(=S)OCc2ccccc2O1
Dioxacarb,CNC(=O)Oc1ccccc1C1OCCO1
Dioxathion,CCOP(=S)(OCC)SC1OCCOC1SP(=S)(OCC)OCC
Diphacinone,O=C1c2ccccc2C(=O)C1C(=O)C(c1ccccc1)c1ccccc1
Diphenamid,CN(C)C(=O)C(c1ccccc1)c1ccccc1
Dipropalin,CCCN(CCC)c1c([N+](=O)[O-])cc(C)cc1[N+](=O)[O-]
Dipropetryn,CCSc1nc(NC(C)C)nc(NC(C)C)n1
Dipymetitrone,Cn1c(=O)c2sc3c(=O)n(C)c(=O)c3sc2c1=O
Dipyrithione,[O-][n+]1ccccc1SSc1cccc[n+]1[O-]
Disodium phosphonate,O=[PH](O)O
Disulfoton,CCOP(=S)(OCC)SCCSCC
Disulfoton sulfoxide,CCOP(=S)(OCC)SCCS(=O)CC
Ditalimfos,CCOP(=S)(OCC)N1C(=O)c2ccccc2C1=O
Dithianon,N#Cc1sc2c(=O)c3ccccc3c(=O)c=2sc1C#N
Dithiopyr,CSC(=O)c1c(C(F)F)nc(C(F)(F)F)c(C(=O)SC)c1CC(C)C
Dixanthogen,CCOC(=S)SSC(=S)OCC
DNOC,Cc1cc([N+](=O)[O-])cc([N+](=O)[O-])c1O
Dodine,CCCCCCCCCCCCN=C(N)N
Drazoxolon,CC1=NOC(=O)C1=NNc1ccccc1Cl
Dufulin,CCOP(=O)(OCC)C(Nc1nc2c(C)cccc2s1)c1ccccc1F
Ecolyst,CCN(CC)CCOCc1ccc(C)cc1
Edifenphos,CCOP(=O)(Sc1ccccc1)Sc1ccccc1
Eglinazine,CCNc1nc(Cl)nc(NCC(=O)O)n1
Eglinazine-ethyl,CCNc1nc(Cl)nc(NCC(=O)OCC)n1
Empenthrin,C#CC(OC(=O)C1C(C=C(C)C)C1(C)C)C(C)=CCC
Endothal,O=C(O)C1C2CCC(O2)C1C(=O)O
Endothion,COc1coc(CSP(=O)(OC)OC)cc1=O
Enoxastrobin,COC=C(C(=O)OC)c1ccccc1CON=C(C)C=Cc1ccc(Cl)cc1
EPN,CCOP(=S)(Oc1ccc([N+](=O)[O-])cc1)c1ccccc1
Epocholeone,CCC(=O)OC1CC2C(=O)OCC3C(CCC4(C)C(C(C)C5OC5C(CC)C(C)C)CCC34)C2(C)CC1OC(=O)CC
Epofenonane,CCc1ccc(OCCC(CC)CCC2OC2(C)CC)cc1
Epoxiconazole,Fc1ccc(C2(Cn3cncn3)OC2c2ccccc2Cl)cc1
Epyrifenacil,CCOC(=O)COc1ncccc1Oc1cc(-n2c(=O)cc(C(F)(F)F)n(C)c2=O)c(F)cc1Cl
Erbon,CC(Cl)(Cl)C(=O)OCCOc1cc(Cl)c(Cl)cc1Cl
Esprocarb,CCN(C(=O)SCc1ccccc1)C(C)C(C)C
Etacelasil,COCCO[Si](CCCl)(OCCOC)OCCOC
Etaconazole,CCC1COC(Cn2cncn2)(c2ccc(Cl)cc2Cl)O1
Etaphos,CCCSP(=O)(OCC)Oc1ccc(Cl)cc1Cl
Etem,S=C1SSC2=NCCN12
Ethaboxam,CCNc1nc(CC)c(C(=O)NC(C#N)c2cccs2)s1
Ethalfluralin,C=C(C)CN(CC)c1c([N+](=O)[O-])cc(C(F)(F)F)cc1[N+](=O)[O-]
Ethametsulfuron-methyl,CCOc1nc(NC)nc(NC(=O)NS(=O)(=O)c2ccccc2C(=O)OC)n1
Ethanedial,O=CC=O
Ethephon,O=P(O)(O)CCCl
Ethidimuron,CCS(=O)(=O)c1nnc(N(C)C(=O)NC)s1
Ethiofencarb,CCSCc1ccccc1OC(=O)NC
Ethiolate,CCSC(=O)N(CC)CC
Ethion,CCOP(=S)(OCC)SCSP(=S)(OCC)OCC
Ethiozin,CCSc1nnc(C(C)(C)C)c(=O)n1N
Ethirimol,CCCCc1c(C)[nH]c(NCC)nc1=O
Ethoate-methyl,CCNC(=O)CSP(=S)(OC)OC
Ethofumesate,CCOC1Oc2ccc(OS(C)(=O)=O)cc2C1(C)C
Ethohexadiol,CCCC(O)C(CC)CO
Ethoprophos,CCCSP(=O)(OCC)SCCC
Ethoxyfen,CC(OC(=O)c1cc(Oc2ccc(C(F)(F)F)cc2Cl)ccc1Cl)C(=O)O
Ethoxylated p-nonylphenol,CCCCCCCCCc1ccc(OCCOCCO)cc1
Ethoxysulfuron,CCOc1ccccc1OS(=O)(=O)NC(=O)Nc1nc(OC)cc(OC)n1
Ethyl butyl nitrosamine,CCCCN(CC)N=O
Ethylchlozate,CCOC(=O)Cc1[nH]nc2ccc(Cl)cc12
Ethylicin,CCSS(=O)(=O)CC
Ethylmercury bromide,[CH2]C
Etinofen,CCOCc1cc([N+](=O)[O-])cc([N+](=O)[O-])c1O
Etofenprox,CCOc1ccc(C(C)(C)COCc2cccc(Oc3ccccc3)c2)cc1
Etridiazole,CCOc1nc(C(Cl)(Cl)Cl)ns1
Etrimfos,CCOc1cc(OP(=S)(OC)OC)nc(CC)n1
Famoxadone,CC1(c2ccc(Oc3ccccc3)cc2)OC(=O)N(Nc2ccccc2)C1=O
Fenamidone,CSC1=NC(C)(c2ccccc2)C(=O)N1Nc1ccccc1
Fenaminosulf,CN(C)c1ccc(N=NS(=O)(=O)O)cc1
Fenaminstrobin,CNC(=O)C(=NOC)c1ccccc1CON=C(C)C=Cc1c(Cl)cccc1Cl
Fenamiphos,CCOP(=O)(NC(C)C)Oc1ccc(SC)c(C)c1
Fenapanil,CCCCC(C#N)(Cn1ccnc1)c1ccccc1
Fenarimol,OC(c1ccc(Cl)cc1)(c1cncnc1)c1ccccc1Cl
Fenasulam,COC(=O)NS(=O)(=O)c1ccc(NC(=O)COc2ccc(Cl)cc2C)cc1
Fenazaquin,CC(C)(C)c1ccc(CCOc2ncnc3ccccc23)cc1
Fenbuconazole,N#CC(CCc1ccc(Cl)cc1)(Cn1cncn1)c1ccccc1
Fenbutatin oxide,CC(C)(C[Sn](CC(C)(C)c1ccccc1)(CC(C)(C)c1ccccc1)O[Sn](CC(C)(C)c1ccccc1)(CC(C)(C)c1ccccc1)CC(C)(C)c1ccccc1)c1ccccc1
Fenchlorazole,O=C(O)c1nc(C(Cl)(Cl)Cl)n(-c2ccc(Cl)cc2Cl)n1
Fenchlorphos,COP(=S)(OC)Oc1cc(Cl)c(Cl)cc1Cl
Fenclorim,Clc1cc(Cl)nc(-c2ccccc2)n1
Fenethacarb,CCc1cc(CC)cc(OC(=O)NC)c1
Fenfluthrin,CC1(C)C(C=C(Cl)Cl)C1C(=O)OCc1c(F)c(F)c(F)c(F)c1F
Fenfuram,Cc1occc1C(=O)Nc1ccccc1
Fenhexamid,CC1(C(=O)Nc2ccc(O)c(Cl)c2Cl)CCCCC1
Fenitropan,CC(=O)OCC(C(OC(C)=O)c1ccccc1)[N+](=O)[O-]
Fenobucarb,CCC(C)c1ccccc1OC(=O)NC
Fenoprop-butometyl,CCCCOCC(C)OC(=O)C(C)Oc1cc(Cl)c(Cl)cc1Cl
Fenoprop-butotyl,CCCCOCCOC(=O)C(C)Oc1cc(Cl)c(Cl)cc1Cl
Fenothiocarb,CN(C)C(=O)SCCCCOc1ccccc1
Fenoxanil,CC(Oc1ccc(Cl)cc1Cl)C(=O)NC(C)(C#N)C(C)C
Fenoxaprop-P,CC(Oc1ccc(Oc2nc3ccc(Cl)cc3o2)cc1)C(=O)O
Fenoxasulfone,CCOc1cc(Cl)c(CS(=O)(=O)C2=NOC(C)(C)C2)cc1Cl
Fenpiclonil,N#Cc1c[nH]cc1-c1cccc(Cl)c1Cl
Fenpicoxamid,COc1ccnc(C(=O)NC2COC(=O)C(Cc3ccccc3)C(OC(=O)C(C)C)C(C)OC2=O)c1OCOC(=O)C(C)C
Fenpirithrin,CC1(C)C(C=C(Cl)Cl)C1C(=O)OC(C#N)c1cccc(Oc2ccccc2)n1
Fenpropathrin,CC1(C)C(C(=O)OC(C#N)c2cccc(Oc3ccccc3)c2)C1(C)C
Fenpropimorph,CC(Cc1ccc(C(C)(C)C)cc1)CN1CC(C)OC(C)C1
Fenpyrazamine,C=CCSC(=O)n1c(N)c(-c2ccccc2C)c(=O)n1C(C)C
Fenpyroximate,Cc1nn(C)c(Oc2ccccc2)c1C=NOCc1ccc(C(=O)OC(C)(C)C)cc1
Fenquinotrione,COc1ccc(-n2c(=O)c(C(=O)C3C(=O)CCCC3=O)nc3c(Cl)cccc32)cc1
Fenson,O=S(=O)(Oc1ccc(Cl)cc1)c1ccccc1
Fensulfothion,CCOP(=S)(OCC)Oc1ccc(S(C)=O)cc1
Fenthiaprop,CC(Oc1ccc(Oc2nc3ccc(Cl)cc3s2)cc1)C(=O)O
Fenthiaprop ethyl,COC(=O)C(C)Oc1ccc(Oc2nc3ccc(Cl)cc3s2)cc1
Fenthion,COP(=S)(OC)Oc1ccc(SC)c(C)c1
Fenthion sulfoxide,COP(=S)(OC)Oc1ccc(S(C)=O)c(C)c1
Fenthion-ethyl,CCOP(=S)(OCC)Oc1ccc(SC)c(C)c1
Fentin acetate,CC(=O)O[Sn](c1ccccc1)(c1ccccc1)c1ccccc1
Fentin chloride,Cl[Sn](c1ccccc1)(c1ccccc1)c1ccccc1
Fentin hydroxide,c1ccc([Sn](c2ccccc2)c2ccccc2)cc1
Fentrazamide,CCN(C(=O)n1nnn(-c2ccccc2Cl)c1=O)C1CCCCC1
Ferimzone,CC(=NNc1nc(C)cc(C)n1)c1ccccc1C
Fipronil,N#Cc1nn(-c2c(Cl)cc(C(F)(F)F)cc2Cl)c(N)c1S(=O)C(F)(F)F
Flazasulfuron,COc1cc(OC)nc(NC(=O)NS(=O)(=O)c2ncccc2C(F)(F)F)n1
Flocoumafen,O=c1oc2ccccc2c(O)c1C1CC(c2ccc(OCc3ccc(C(F)(F)F)cc3)cc2)Cc2ccccc21
Flometoquin,CCc1nc2cc(C)c(Oc3ccc(OC(F)(F)F)cc3)cc2c(OC(=O)OC)c1C
Flonicamid,N#CCNC(=O)c1cnccc1C(F)(F)F
Florasulam,COc1ncc(F)c2nc(S(=O)(=O)Nc3c(F)cccc3F)nn12
Florpyrauxifen,COc1c(Cl)ccc(-c2nc(C(=O)O)c(Cl)c(N)c2F)c1F
Florpyrauxifen-benzyl,COc1c(Cl)ccc(-c2nc(C(=O)OCc3ccccc3)c(Cl)c(N)c2F)c1F
Florylpicoxamid,COc1ccnc(C(=O)NC(C)C(=O)OC(C)C(c2ccc(F)cc2)c2ccc(F)cc2)c1OC(C)=O
Fluacrypyrim,COC=C(C(=O)OC)c1ccccc1COc1cc(C(F)(F)F)nc(OC(C)C)n1
Fluazaindolizine,COc1ccc(Cl)c(S(=O)(=O)NC(=O)c2cn3cc(C(F)(F)F)cc(Cl)c3n2)c1
Fluazinam,O=[N+]([O-])c1cc(C(F)(F)F)c(Cl)c([N+](=O)[O-])c1Nc1ncc(C(F)(F)F)cc1Cl
Flubendiamide,Cc1cc(C(F)(C(F)(F)F)C(F)(F)F)ccc1NC(=O)c1cccc(I)c1C(=O)NC(C)(C)CS(C)(=O)=O
Flucarbazone,COc1nn(C(=O)NS(=O)(=O)c2ccccc2OC(F)(F)F)c(=O)n1C
Flucarbazone-sodium,COc1nn(C(O)=NS(=O)(=O)c2ccccc2OC(F)(F)F)c(=O)n1C
Flucetosulfuron,COCC(=O)OC(c1ncccc1S(=O)(=O)NC(=O)Nc1nc(OC)cc(OC)n1)C(C)F
Fluchloralin,CCCN(CCCl)c1c([N+](=O)[O-])cc(C(F)(F)F)cc1[N+](=O)[O-]
Fluchloraminopyr,CC(Oc1nc(F)c(Cl)c(N)c1Cl)C(=O)O
Fluchloraminopyr-tefuryl,CC(Oc1nc(F)c(Cl)c(N)c1Cl)C(=O)OCC1CCCO1
Fludioxonil,N#Cc1c[nH]cc1-c1cccc2c1OC(F)(F)O2
Fluenetil,O=C(Cc1ccc(-c2ccccc2)cc1)OCCF
Fluensulfone,O=S(=O)(CCC(F)=C(F)F)c1ncc(Cl)s1
Flufenacet,CC(C)N(C(=O)COc1nnc(C(F)(F)F)s1)c1ccc(F)cc1
Flufenerim,CC(F)c1ncnc(NCCc2ccc(OC(F)(F)F)cc2)c1Cl
Flufenoxuron,O=C(NC(=O)c1c(F)cccc1F)Nc1ccc(Oc2ccc(C(F)(F)F)cc2Cl)cc1F
Flufenoxystrobin,COC=C(C(=O)OC)c1ccccc1COc1ccc(C(F)(F)F)cc1Cl
Flufenpyr,Cc1c(C(F)(F)F)cnn(-c2cc(OCC(=O)O)c(Cl)cc2F)c1=O
Flufenpyr-ethyl,CCOC(=O)COc1cc(-n2ncc(C(F)(F)F)c(C)c2=O)c(F)cc1Cl
Fluindapyr,CC1CC(C)(C)c2c(F)ccc(N=C(O)c3cn(C)nc3C(F)F)c21
Flumetralin,CCN(Cc1c(F)cccc1Cl)c1c([N+](=O)[O-])cc(C(F)(F)F)cc1[N+](=O)[O-]
Flumetsulam,Cc1ccn2nc(S(=O)(=O)Nc3c(F)cccc3F)nc2n1
Flumiclorac,O=C(O)COc1cc(N2C(=O)C3=C(CCCC3)C2=O)c(F)cc1Cl
Flumiclorac-pentyl,CCCCCOC(=O)COc1cc(N2C(=O)C3=C(CCCC3)C2=O)c(F)cc1Cl
Flumioxazin,C#CCN1C(=O)COc2cc(F)c(N3C(=O)C4=C(CCCC4)C3=O)cc21
Flumipropyn,C#CC(C)Oc1cc(N2C(=O)C3=C(CCCC3)C2=O)c(F)cc1Cl
Flumorph,COc1ccc(C(=CC(=O)N2CCOCC2)c2ccc(F)cc2)cc1OC
Fluopicolide,O=C(NCc1ncc(C(F)(F)F)cc1Cl)c1c(Cl)cccc1Cl
Fluopyram,O=C(NCCc1ncc(C(F)(F)F)cc1Cl)c1ccccc1C(F)(F)F
Fluorbenside,Fc1ccc(SCc2ccc(Cl)cc2)cc1
Fluoridamid,CC(=O)Nc1ccc(C)c(NS(=O)(=O)C(F)(F)F)c1
Fluoroacetamide,NC(=O)CF
Fluorodifen,O=[N+]([O-])c1ccc(Oc2ccc(C(F)(F)F)cc2[N+](=O)[O-])cc1
Fluoroglycofen,O=C(O)COC(=O)c1cc(Oc2ccc(C(F)(F)F)cc2Cl)ccc1[N+](=O)[O-]
Fluoroimide,O=C1C(Cl)=C(Cl)C(=O)N1c1ccc(F)cc1
Fluoromidine,FC(F)(F)c1nc2ncc(Cl)cc2[nH]1
Fluoronitrofen,O=[N+]([O-])c1ccc(Oc2c(F)cc(Cl)cc2Cl)cc1
Fluothiuron,CN(C)C(=O)Nc1ccc(SC(F)(F)Cl)c(Cl)c1
Fluoxapiprolin,CS(=O)(=O)Oc1cccc(Cl)c1C1CC(c2csc(C3CCN(C(=O)Cn4nc(C(F)F)cc4C(F)F)CC3)n2)=NO1
Fluoxastrobin,CON=C(C1=NOCCO1)c1ccccc1Oc1ncnc(Oc2ccccc2Cl)c1F
Flupoxam,NC(=O)c1nc(-c2ccccc2)n(-c2ccc(Cl)c(COCC(F)(F)C(F)(F)F)c2)n1
Flupropacil,CC(C)OC(=O)c1cc(-n2c(=O)cc(C(F)(F)F)n(C)c2=O)ccc1Cl
Flupyradifurone,O=C1C=C(N(Cc2ccc(Cl)nc2)CC(F)F)CO1
Flupyrimin,O=C(N=c1ccccn1Cc1ccc(Cl)nc1)C(F)(F)F
Flupyrsulfuron,COc1cc(OC)nc(NC(=O)NS(=O)(=O)c2nc(C(F)(F)F)ccc2C(=O)O)n1
Flupyrsulfuron-methyl-sodium,COC(=O)c1ccc(C(F)(F)F)nc1S(=O)(=O)NC(=O)Nc1nc(OC)cc(OC)n1
Fluquinconazole,O=c1c2cc(F)ccc2nc(-n2cncn2)n1-c1ccc(Cl)cc1Cl
Flurazole,O=C(OCc1ccccc1)c1sc(Cl)nc1C(F)(F)F
Flurenol,O=C(O)C1(O)c2ccccc2-c2ccccc21
Flurenol-butyl,CCCCOC(=O)C1(O)c2ccccc2-c2ccccc21
Fluridone,Cn1cc(-c2ccccc2)c(=O)c(-c2cccc(C(F)(F)F)c2)c1
Fluroxypyr,Nc1c(Cl)c(F)nc(OCC(=O)O)c1Cl
Fluroxypyr-meptyl,CCCCCCC(C)OC(=O)COc1nc(F)c(Cl)c(N)c1Cl
Flurprimidol,CC(C)C(O)(c1ccc(OC(F)(F)F)cc1)c1cncnc1
Flurtamone,CNC1=C(c2cccc(C(F)(F)F)c2)C(=O)C(c2ccccc2)O1
Flusilazole,C[Si](Cn1cncn1)(c1ccc(F)cc1)c1ccc(F)cc1
Flusulfamide,O=[N+]([O-])c1ccc(NS(=O)(=O)c2ccc(Cl)c(C(F)(F)F)c2)c(Cl)c1
Fluthiacet,O=C(O)CSc1cc(N=c2sc(=O)n3n2CCCC3)c(F)cc1Cl
Fluthiacet-methyl,COC(=O)CSc1cc(N=c2sc(=O)n3n2CCCC3)c(F)cc1Cl
Flutianil,COc1ccccc1N1CCSC1=C(C#N)Sc1cc(C(F)(F)F)ccc1F
Flutolanil,CC(C)Oc1cccc(NC(=O)c2ccccc2C(F)(F)F)c1
Fluxametamide,CON=CNC(=O)c1ccc(C2=NOC(c3cc(Cl)cc(Cl)c3)(C(F)(F)F)C2)cc1C
Fluxapyroxad,Cn1cc(C(=O)Nc2ccccc2-c2cc(F)c(F)c(F)c2)c(C(F)F)n1
Fluxofenim,FC(F)(F)C(=NOCC1OCCO1)c1ccc(Cl)cc1
Folpet,O=C1c2ccccc2C(=O)N1SC(Cl)(Cl)Cl
Fomesafen,CS(=O)(=O)NC(=O)c1cc(Oc2ccc(C(F)(F)F)cc2Cl)ccc1[N+](=O)[O-]
Fomesafen-sodium,CS(=O)(=O)N=C(O)c1cc(Oc2ccc(C(F)(F)F)cc2Cl)ccc1[N+](=O)[O-]
Fonofos,CCOP(=S)(CC)Sc1ccccc1
Foramsulfuron,COc1cc(OC)nc(NC(=O)NS(=O)(=O)c2cc(NC=O)ccc2C(=O)N(C)C)n1
Forchlorfenuron,O=C(Nc1ccccc1)Nc1ccnc(Cl)c1
Formothion,COP(=S)(OC)SCC(=O)N(C)C=O
Formparanate,CNC(=O)Oc1ccc(N=CN(C)C)c(C)c1
Fosmethilan,CCCC(=O)N(CSP(=S)(OC)OC)c1ccccc1Cl
Fospirate,COP(=O)(OC)Oc1nc(Cl)c(Cl)cc1Cl
Fosthiazate,CCOP(=O)(SC(C)CC)N1CCSC1=O
Fosthietan,CCOP(=O)(N=C1SCS1)OCC
Fuberidazole,c1coc(-c2nc3ccccc3[nH]2)c1
Fufenozide,Cc1cc(C)cc(C(=O)N(NC(=O)c2ccc3c(c2C)OC(C)C3)C(C)(C)C)c1
Fuphenthiourea,O=C(NC(=S)NNC(=O)c1ccccc1[N+](=O)[O-])c1ccc(-c2ccccc2Cl)o1
Furalane,c1coc(C2OCCO2)c1
Furalaxyl,COC(=O)C(C)N(C(=O)c1ccco1)c1c(C)cccc1C
Furalaxyl-M,COC(=O)C(C)N(C(=O)c1ccc(C(=O)c2ccccc2)cc1)c1c(C)cccc1C
Furametpyr,Cc1nn(C)c(Cl)c1C(=O)Nc1cccc2c1C(C)OC2(C)C
Furathiocarb,CCCCOC(=O)N(C)SN(C)C(=O)Oc1cccc2c1OC(C)(C)C2
Furethrin,CC(C)=CC1C(C(=O)OC2CC(=O)C(Cc3ccco3)=C2C)C1(C)C
Furilazole,CC1(C)OC(c2ccco2)CN1C(=O)C(Cl)Cl
Furmecyclox,CON(C(=O)c1cc(C)oc1C)C1CCCCC1
Furyloxyfen,O=[N+]([O-])c1ccc(Oc2ccc(C(F)(F)F)cc2Cl)cc1OC1CCOC1
Gliftor,OC(CF)CF
Glyceryl distearate,CCCCCCCCCCCCCCCCCC(=O)OCC(O)COC(=O)CCCCCCCCCCCCCCCCC
Glyodin,CCCCCCCCCCCCCCCCCC1=NCCN1
Glyphosine,O=C(O)CN(CP(=O)(O)O)CP(=O)(O)O
Griseofulvin,COC1=CC(=O)CC(C)C12Oc1c(Cl)c(OC)cc(OC)c1C2=O
Guadipyr,CCCCC=NN(Cc1ccc(Cl)nc1)C(N)=N[N+](=O)[O-]
Halacrinate,C=CC(=O)Oc1c(Br)cc(Cl)c2cccnc12
Halauxifen,COc1c(Cl)ccc(-c2cc(N)c(Cl)c(C(=O)O)n2)c1F
Halauxifen-methyl,COC(=O)c1nc(-c2ccc(Cl)c(OC)c2F)cc(N)c1Cl
Halofenozide,CC(C)(C)N(NC(=O)c1ccc(Cl)cc1)C(=O)c1ccccc1
Halosafen,CCS(=O)(=O)NC(=O)c1cc(Oc2c(F)cc(C(F)(F)F)cc2Cl)ccc1[N+](=O)[O-]
Halosulfuron-methyl,COC(=O)c1c(Cl)nn(C)c1S(=O)(=O)NC(=O)Nc1nc(OC)cc(OC)n1
Haloxydine,O=c1c(Cl)c(F)[nH]c(F)c1Cl
Haloxyfop-etotyl,CCOCCOC(=O)C(C)Oc1ccc(Oc2ncc(C(F)(F)F)cc2Cl)cc1
Heptafluthrin,COCc1c(F)c(F)c(COC(=O)C2C(C=CC(F)(F)F)C2(C)C)c(F)c1F
Heptenophos,COP(=O)(OC)OC1=C(Cl)C2C=CCC12
Heptopargil,C#CCON=C1CC2CCC1(C)C2(C)C
Heterophos,CCCSP(=O)(OCC)Oc1ccccc1
Hexachloroacetone,O=C(C(Cl)(Cl)Cl)C(Cl)(Cl)Cl
Hexachlorophene,Oc1c(Cl)cc(Cl)c(Cl)c1Cc1c(O)c(Cl)cc(Cl)c1Cl
Hexadecanoic acid,CCCCCCCCCCCCCCCC(=O)O
Hexaflumuron,O=C(NC(=O)c1c(F)cccc1F)Nc1cc(Cl)c(OC(F)(F)C(F)F)c(Cl)c1
Hexaflurate,F[AsH](F)(F)(F)(F)F
Hexazinone,CN(C)c1nc(=O)n(C2CCCCC2)c(=O)n1C
Hexylthiofos,CCOP(=O)(OC1CCCCC1)SCC
Hexythiazox,CC1C(c2ccc(Cl)cc2)SC(=O)N1C(=O)NC1CCCCC1
Hydramethylnon,CC1(C)CN=C(NN=C(C=Cc2ccc(C(F)(F)F)cc2)C=Cc2ccc(C(F)(F)F)cc2)NC1
Hymexazol,Cc1cc(=O)[nH]o1
Hyquincarb,Cc1cc(OC(=O)N(C)C)c2c(n1)CCCC2
Icaridin,CCC(C)OC(=O)N1CCCCC1CCO
Imazamethabenz,Cc1ccc(C(=O)O)c(C2=NC(C)(C(C)C)C(=O)N2)c1
Imazamethabenz-methyl,COC(=O)c1ccc(C)cc1C1=NC(C)(C(C)C)C(=O)N1
Imazamox,COCc1cnc(C2=NC(C)(C(C)C)C(=O)N2)c(C(=O)O)c1
Imazapyr,CC(C)C1(C)N=C(c2ncccc2C(=O)O)NC1=O
Imazaquin methyl,COC(=O)c1cc2ccccc2nc1C1=NC(C)(C(C)C)C(=O)N1
Imazosulfuron,COc1cc(OC)nc(NC(=O)NS(=O)(=O)c2c(Cl)nc3ccccn23)n1
Imibenconazole,Clc1ccc(CSC(Cn2cncn2)=Nc2ccc(Cl)cc2Cl)cc1
Imicyafos,CCCSP(=O)(OCC)N1CCN(CC)C1=NC#N
Imidacloprid,O=[N+]([O-])NC1=NCCN1Cc1ccc(Cl)nc1
Imidaclothiz,O=[N+]([O-])NC1=NCCN1Cc1cnc(Cl)s1
Imiprothrin,C#CCN1CC(=O)N(COC(=O)C2C(C=C(C)C)C2(C)C)C1=O
Inabenfide,O=C(Nc1ccc(Cl)cc1C(O)c1ccccc1)c1ccncc1
Indanofan,CCC1(CC2(c3cccc(Cl)c3)CO2)C(=O)c2ccccc2C1=O
Indazapyroxamet,CC1(NC(=O)c2cccc3nn(-c4cccnc4)cc23)CC1
Indaziflam,Cc1ccc2c(c1)C(Nc1nc(N)nc(C(C)F)n1)C(C)C2
Indoxacarb,COC(=O)N(C(=O)N1COC2(C(=O)OC)Cc3cc(Cl)ccc3C2=N1)c1ccc(OC(F)(F)F)cc1
Inezin,CCOP(=O)(SCc1ccccc1)c1ccccc1
Inpyrfluxam,CC1CC(C)(C)c2cccc(NC(=O)c3cn(C)nc3C(F)F)c21
Iodobonil,C=CCOC(=O)Oc1c(I)cc(C#N)cc1I
Iodosulfuron,COc1nc(C)nc(NC(=O)NS(=O)(=O)c2cc(I)ccc2C(=O)O)n1
Iodosulfuron-methyl-sodium,COC(=O)c1ccc(I)cc1S(=O)(=O)NC(=O)Nc1nc(C)nc(OC)n1
Iofensulfuron,COc1nc(C)nc(NC(=O)NS(=O)(=O)c2ccccc2I)n1
Iofensulfuron sodium,COc1nc(C)nc(NC(O)=NS(=O)(=O)c2ccccc2I)n1
Ioxynil octanoate,CCCCCCCC(=O)Oc1c(I)cc(C#N)cc1I
Ipazine,CCN(CC)c1nc(Cl)nc(NC(C)C)n1
Ipconazole,CC(C)C1CCC(Cc2ccc(Cl)cc2)C1(O)Cn1cncn1
Ipfencarbazone,CC(C)N(C(=O)n1cnn(-c2ccc(Cl)cc2Cl)c1=O)c1ccc(F)cc1F
Ipfentrifluconazole,CC(C)C(O)(Cn1cncn1)c1ccc(Oc2ccc(Cl)cc2)cc1C(F)(F)F
Ipflufenoquin,Cc1nc2c(F)c(F)ccc2cc1Oc1cccc(F)c1C(C)(C)O
Iprobenfos,CC(C)OP(=O)(OC(C)C)SCc1ccccc1
Iprodione,CC(C)NC(=O)N1CC(=O)N(c2cc(Cl)cc(Cl)c2)C1=O
Iprovalicarb,Cc1ccc(C(C)NC(=O)C(NC(=O)OC(C)C)C(C)C)cc1
IPSP,CCS(=O)CSP(=S)(OC(C)C)OC(C)C
Isamidofos,CCOP(=O)(NC(C)C)SCC(=O)N(C)c1ccccc1
Isazofos,CCOP(=S)(OCC)Oc1nc(Cl)n(C(C)C)n1
Isobenzan,ClC1=C(Cl)C2(Cl)C3C(Cl)OC(Cl)C3C1(Cl)C2(Cl)Cl
Isobornyl thiocyanoacetate,CC1(C)C2CCC1(C)C(OC(=O)CSC#N)C2
Isocarbamid,CC(C)CNC(=O)N1CCNC1=O
Isocarbophos,COP(N)(=S)Oc1ccccc1C(=O)OC(C)C
Isocil,Cc1[nH]c(=O)n(C(C)C)c(=O)c1Br
Isocycloseram,CCN1OCC(NC(=O)c2ccc(C3=NOC(c4cc(Cl)c(F)c(Cl)c4)(C(F)(F)F)C3)cc2C)C1=O
Isofenphos,CCOP(=S)(NC(C)C)Oc1ccccc1C(=O)OC(C)C
Isofenphos-methyl,COP(=S)(NC(C)C)Oc1ccccc1C(=O)OC(C)C
Isofetamid,Cc1cc(OC(C)C)ccc1C(=O)C(C)(C)NC(=O)c1sccc1C
Isoflucypram,CC(C)c1ccc(Cl)cc1CN(C(=O)c1c(C(F)F)nn(C)c1F)C1CC1
Isolan,Cc1cc(OC(=O)N(C)C)n(C(C)C)n1
Isomalathion,CCOC(=O)CC(SP(=O)(OC)SC)C(=O)OCC
Isomethiozin,CSc1nnc(C(C)(C)C)c(=O)n1N=CC(C)C
Isonoruron,CN(C)C(=O)NC1CCC2C3CCC(C3)C12
Isopolinate,CC(C)SC(=O)N1CCCCCC1
Isoprocarb,CNC(=O)Oc1ccccc1C(C)C
Isoprothiolane,CC(C)OC(=O)C(C(=O)OC(C)C)=C1SCCS1
Isoproturon,CC(C)c1ccc(NC(=O)N(C)C)cc1
Isopyrazam,CC(C)C1C2CCC1c1c(NC(=O)c3cn(C)nc3C(F)F)cccc12
Isopyrimol,CC(C)C(O)(c1ccc(Cl)cc1)c1cncnc1
Isothioate,COP(=S)(OC)SCCSC(C)C
Isouron,CN(C)C(=O)Nc1cc(C(C)(C)C)on1
Isoval,CC(C)CC(=O)C1C(=O)c2ccccc2C1=O
Isoxaben,CCC(C)(CC)c1cc(NC(=O)c2c(OC)cccc2OC)on1
Isoxachlortole,CS(=O)(=O)c1cc(Cl)ccc1C(=O)c1cnoc1C1CC1
Isoxadifen,O=C(O)C1=NOC(c2ccccc2)(c2ccccc2)C1
Isoxaflutole,CS(=O)(=O)c1cc(C(F)(F)F)ccc1C(=O)c1cnoc1C1CC1
Isoxapyrifop,CC(Oc1ccc(Oc2ncc(Cl)cc2Cl)cc1)C(=O)N1CCCO1
Isoxathion,CCOP(=S)(OCC)Oc1cc(-c2ccccc2)on1
Izopamfos,CCCCCCCCCOCCCN
Jiajizengxiaolin,COP(=S)(OC)Oc1ccccc1
Kadethrin,CC1(C)C(C=C2CCSC2=O)C1C(=O)OCc1coc(Cc2ccccc2)c1
Kaolin,O=[Al]O[Si](=O)O[Si](=O)O[Al]=O
Karbutilate,CN(C)C(=O)Nc1cccc(OC(=O)NC(C)(C)C)c1
Kelevan,CCOC(=O)CCC(=O)CC1(O)C2(Cl)C3(Cl)C4(Cl)C(Cl)(Cl)C5(Cl)C3(Cl)C1(Cl)C5(Cl)C42Cl
Kinoprene,C#CCOC(=O)C=C(C)C=CCC(C)CCCC(C)C
Kresoxim-methyl,CON=C(C(=O)OC)c1ccccc1COc1ccccc1C
Lactofen,CCOC(=O)C(C)OC(=O)c1cc(Oc2ccc(C(F)(F)F)cc2Cl)ccc1[N+](=O)[O-]
Lancotrione,O=C1CCCC(=O)C1=C(O)c1ccc([SH](=O)=O)c(OCCC2OCCO2)c1Cl
Lancotrione sodium,CS(=O)(=O)c1ccc(C(=O)C2=C(O)CCCC2=O)c(Cl)c1OCCC1OCCO1
Lenacil,O=c1[nH]c2c(c(=O)n1C1CCCCC1)CCC2
Lindane,ClC1C(Cl)C(Cl)C(Cl)C(Cl)C1Cl
Linuron,CON(C)C(=O)Nc1ccc(Cl)c(Cl)c1
Lithium perfluorooctane sulfonate,O=S(=O)(O)C(F)(F)C(F)(F)C(F)(F)C(F)(F)C(F)(F)C(F)(F)C(F)(F)C(F)(F)F
Lufenuron,O=C(NC(=O)c1c(F)cccc1F)Nc1cc(Cl)c(OC(F)(F)C(F)C(F)(F)F)cc1Cl
Lythidathion,CCOc1nn(CSP(=S)(OC)OC)c(=O)s1
Magnesium phosphide,[Mg+2]
Malathion,CCOC(=O)CC(SP(=S)(OC)OC)C(=O)OCC
Maleic hydrazide choline,O=c1ccc(O)n[nH]1
Maleic hydrazide sodium,NNC(=O)C=CC(=O)O
Malonoben,CC(C)(C)c1cc(C=C(C#N)C#N)cc(C(C)(C)C)c1O
Mandestrobin,CNC(=O)C(OC)c1ccccc1COc1cc(C)ccc1C
Mandipropamid,C#CCOc1ccc(CCNC(=O)C(OCC#C)c2ccc(Cl)cc2)cc1OC
Mazidox,CN(C)P(=O)(N=[N+]=[N-])N(C)C
MCPA-butotyl,CCCCOCCOC(=O)COc1ccc(Cl)cc1C
MCPA-butyl,CCCCOC(=O)COc1ccc(Cl)cc1C
MCPA-ethyl,CCOC(=O)COc1ccc(Cl)cc1C
MCPA-isobutyl,Cc1cc(Cl)ccc1OCC(=O)OCC(C)C
MCPA-isoctyl,Cc1cc(Cl)ccc1OCC(=O)OCCCCCC(C)C
MCPA-isopropyl,Cc1cc(Cl)ccc1OCC(=O)OC(C)C
MCPA-thioethyl,CCSC(=O)COc1ccc(Cl)cc1C
MCPB,Cc1cc(Cl)ccc1OCCCC(=O)O
M-cumenyl methylcarbamate,CNC(=O)Oc1cccc(C(C)C)c1
Mebenil,Cc1ccccc1C(=O)Nc1ccccc1
Mecarbam,CCOC(=O)N(C)C(=O)CSP(=S)(OCC)OCC
Mecarbinzid,COC(=O)Nc1nc2ccccc2n1C(=O)NCCSC
Mecarphon,COC(=O)N(C)C(=O)CSP(C)(=S)OC
Mecoprop methyl,COC(=O)C(C)Oc1ccc(Cl)cc1C
Mecoprop-P isobutyl,Cc1cc(Cl)ccc1OC(C)C(=O)OCC(C)C
Medetomidine,Cc1cccc(C(C)c2cnc[nH]2)c1C
Medinoterb,Cc1c([N+](=O)[O-])cc(C(C)(C)C)c(O)c1[N+](=O)[O-]
Medinoterb acetate,CC(=O)Oc1c(C(C)(C)C)cc([N+](=O)[O-])c(C)c1[N+](=O)[O-]
Mefenacet,CN(C(=O)COc1nc2ccccc2s1)c1ccccc1
Mefenpyr,CC1(C(=O)O)CC(C(=O)O)=NN1c1ccc(Cl)cc1Cl
Mefenpyr diethyl,CCOC(=O)C1=NN(c2ccc(Cl)cc2Cl)C(C)(C(=O)OCC)C1
Mefentrifluconazole,CC(O)(Cn1cncn1)c1ccc(Oc2ccc(Cl)cc2)cc1C(F)(F)F
Mefluidide,CC(=O)Nc1cc(NS(=O)(=O)C(F)(F)F)c(C)cc1C
Menazon,COP(=S)(OC)SCc1nc(N)nc(N)n1
Mepanipyrim,CC#Cc1cc(C)nc(Nc2ccccc2)n1
Mephenate,CNC(=O)Oc1ccc(Cl)cc1
Mephosfolan,CCOP(=O)(N=C1SCC(C)S1)OCC
Mepronil,Cc1ccccc1C(=O)Nc1cccc(OC(C)C)c1
Merphos,CCCCSP(SCCCC)SCCCC
Mesosulfuron,COc1cc(OC)nc(NC(=O)NS(=O)(=O)c2cc(CNS(C)(=O)=O)ccc2C(=O)O)n1
Mesosulfuron-methyl,COC(=O)c1ccc(CNS(C)(=O)=O)cc1S(=O)(=O)NC(=O)Nc1nc(OC)cc(OC)n1
Mesotrione,CS(=O)(=O)c1ccc(C(=O)C2C(=O)CCCC2=O)c([N+](=O)[O-])c1
Metaflumizone,N#Cc1ccc(CC(=NNC(=O)Nc2ccc(OC(F)(F)F)cc2)c2cccc(C(F)(F)F)c2)cc1
Metaldehyde,CC1OC(C)OC(C)OC(C)O1
Metamifop,CC(Oc1ccc(Oc2nc3ccc(Cl)cc3o2)cc1)C(=O)N(C)c1ccccc1F
Metamitron,Cc1nnc(-c2ccccc2)c(=O)n1N
Metazachlor,Cc1cccc(C)c1N(Cn1cccn1)C(=O)CCl
Metazosulfuron,COc1cc(OC)nc(NC(=O)NS(=O)(=O)c2c(C3=NOCC(C)O3)c(Cl)nn2C)n1
Metazoxolon,CC1=NOC(=O)C1=NNc1cccc(Cl)c1
Metconazole,CC1(C)CCC(Cc2ccc(Cl)cc2)C1(O)Cn1cncn1
Metepa,CC1CN1P(=O)(N1CC1C)N1CC1C
Methabenzthiazuron,CNC(=O)N(C)c1nc2ccccc2s1
Methacrifos,COC(=O)C(C)=COP(=S)(OC)OC
Methamidophos,COP(N)(=O)SC
Methasulfocarb,CNC(=O)Sc1ccc(OS(C)(=O)=O)cc1
Methazole,Cn1c(=O)on(-c2ccc(Cl)c(Cl)c2)c1=O
Methfuroxam,Cc1oc(C)c(C(=O)Nc2ccccc2)c1C
Methidathion,COc1nn(CSP(=S)(OC)OC)c(=O)s1
Methiocarb,CNC(=O)Oc1cc(C)c(SC)c(C)c1
Methiotepa,CC1CN1P(=S)(N1CC1C)N1CC1C
Methiozolin,Cc1ccsc1C1=NOC(C)(COCc2c(F)cccc2F)C1
Methiuron,Cc1cccc(NC(=S)N(C)C)c1
Methocrotophos,CON(C)C(=O)C=C(C)OP(=O)(OC)OC
Methoprotryne,COCCCNc1nc(NC(C)C)nc(SC)n1
Methoxyfenozide,COc1cccc(C(=O)NN(C(=O)c2cc(C)cc(C)c2)C(C)(C)C)c1C
Methoxyphenone,COc1ccc(C(=O)c2cccc(C)c2)cc1C
Methyl (((1-(5-(2-chloro-4-(trifluoromethyl)phenoxy)-2-nitrophenyl)-2-methoxyethylidene)amino)oxy)acetate,COCC(=NOCC(=O)OC)c1cc(Oc2ccc(C(F)(F)F)cc2Cl)ccc1[N+](=O)[O-]
Methyl ether cellulose,COCC1OC(OC2C(COC)OC(OC)C(OC)C2OC)C(OC)C(OC)C1OC
Methyl nonyl ketone,CCCCCCCCCC(C)=O
Methylacetophos,CCOC(=O)CSP(=O)(OC)OC
Methylarsenic sulphide,C[As]=S
Methyldymron,CN(C(=O)NC(C)(C)c1ccccc1)c1ccccc1
Methylene bisthiocyanate,N#CSCSC#N
Methylmercury dicyanamide,C[Hg]N=C(N)NC#N
Metobromuron,CON(C)C(=O)Nc1ccc(Br)cc1
Metofluthrin,CC=CC1C(C(=O)OCc2c(F)c(F)c(COC)c(F)c2F)C1(C)C
Metolcarb,CNC(=O)Oc1cccc(C)c1
Metominostrobin,CNC(=O)C(=NOC)c1ccccc1Oc1ccccc1
Metosulam,COc1cc(OC)n2nc(S(=O)(=O)Nc3c(Cl)ccc(C)c3Cl)nc2n1
Metoxadiazone,COc1nn(-c2ccccc2OC)c(=O)o1
Metoxuron,COc1ccc(NC(=O)N(C)C)cc1Cl
Metrafenone,COc1cc(C)c(C(=O)c2c(OC)ccc(Br)c2C)c(OC)c1OC
Metribuzin,CSc1nnc(C(C)(C)C)c(=O)n1N
Metsulfovax,Cc1nc(C)c(C(=O)Nc2ccccc2)s1
Metsulfuron,COc1nc(C)nc(NC(=O)NS(=O)(=O)c2ccccc2C(=O)O)n1
Metsulfuron-methyl,COC(=O)c1ccccc1S(=O)(=O)NC(=O)Nc1nc(C)nc(OC)n1
Metyltetraprole,Cc1cccc(-n2nnn(C)c2=O)c1COc1ccn(-c2ccc(Cl)cc2)n1
Mevinphos,COC(=O)C=C(C)OP(=O)(OC)OC
Mexacarbate,CNC(=O)Oc1cc(C)c(N(C)C)c(C)c1
Mipafox,CC(C)NP(=O)(F)NC(C)C
Mivorilaner,O=C(CNC(=O)c1sc(C2=NOC(c3cc(Cl)c(F)c(Cl)c3)(C(F)(F)F)C2)c2c1CCC2)NCC(F)F
Modoflaner,O=C(Nc1cccc(C(=O)Nc2c(I)cc(C(F)(C(F)(F)F)C(F)(F)F)cc2C(F)(F)F)c1F)c1ccc(F)nc1
Molinate,CCSC(=O)N1CCCCCC1
Momfluorothrin,COCc1c(F)c(F)c(COC(=O)C2C(C=C(C)C#N)C2(C)C)c(F)c1F
Monalide,CCCC(C)(C)C(=O)Nc1ccc(Cl)cc1
Monocrotophos,CNC(=O)C=C(C)OP(=O)(OC)OC
Monolinuron,CON(C)C(=O)Nc1ccc(Cl)cc1
Monosulfuron,Cc1ccnc(NC(=O)NS(=O)(=O)c2ccccc2[N+](=O)[O-])n1
Monosulfuron-methyl,COC(=O)c1ccccc1S(=O)(=O)NC(=O)Nc1nccc(C)n1
Morphothion,COP(=S)(OC)SCC(=O)N1CCOCC1
Mucochloric anhydride,O=C1OC(OC2OC(=O)C(Cl)=C2Cl)C(Cl)=C1Cl
Myclobutanil,CCCCC(C#N)(Cn1cncn1)c1ccc(Cl)cc1
Myclobutanil hydrochloride,CC(O)CCC(C#N)(Cn1cncn1)c1ccc(Cl)cc1
Myclozolin,COCC1(C)OC(=O)N(c2cc(Cl)cc(Cl)c2)C1=O
"N-(3-chloro-2,6-dimethylphenyl)-2-methoxy-N-(tetrahydr-2-oxo-3-furanyl)acetamide",COCC(=O)N(c1c(C)ccc(Cl)c1C)C1CCOC1=O
"N,N-dimethyl capramide",CCCCCCCCCC(=O)N(C)C
"N1,N2-diallyl-N2-dichloroacetylglycinamide",C=CCNC(=O)CN(CC=C)C(=O)C(Cl)Cl
Naftalofos,CCOP(=O)(OCC)ON1C(=O)c2cccc3cccc(c23)C1=O
Naled,COP(=O)(OC)OC(Br)C(Cl)(Cl)Br
Naphthalene,c1ccc2ccccc2c1
Naphthalic anhydride,O=C1OC(=O)c2cccc3cccc1c23
Naproanilide,CC(Oc1ccc2ccccc2c1)C(=O)Nc1ccccc1
Naptalam,O=C(O)c1ccccc1C(=O)Nc1cccc2ccccc12
Neburon,CCCCN(C)C(=O)Nc1ccc(Cl)c(Cl)c1
Nicosulfuron,COc1cc(OC)nc(NC(=O)NS(=O)(=O)c2ncccc2C(=O)N(C)C)n1
Nitenpyram,CCN(Cc1ccc(Cl)nc1)C(=C[N+](=O)[O-])NC
Nithiazine,O=[N+]([O-])C=C1NCCCS1
Nitralin,CCCN(CCC)c1c([N+](=O)[O-])cc(S(C)(=O)=O)cc1[N+](=O)[O-]
Nitrapyrin,Clc1cccc(C(Cl)(Cl)Cl)n1
Nitrilacarb,CNC(=O)ON=CC(C)(C)CCC#N
Nitrothal-isopropyl,CC(C)OC(=O)c1cc(C(=O)OC(C)C)cc([N+](=O)[O-])c1
N-methyl saccharine,CN1C(=O)c2ccccc2S1(=O)=O
N-methylneodecanamide,CCC(C)(CCC(C)C)C(=O)NC
N-nitrosodimethylamine,CN(C)N=O
Norbormide,O=C1NC(=O)C2C3C(C(O)(c4ccccc4)c4ccccn4)=CC(C3=C(c3ccccc3)c3ccccn3)C12
Norflurazon,CNc1cnn(-c2cccc(C(F)(F)F)c2)c(=O)c1Cl
Nornicotine,c1cncc(C2CCCN2)c1
Noruron,CN(C)C(=O)NC1CC2CC1C1CCCC21
Novaluron,O=C(NC(=O)c1c(F)cccc1F)Nc1ccc(OC(F)(F)C(F)OC(F)(F)F)c(Cl)c1
Noviflumuron,O=C(NC(=O)c1c(F)cccc1F)Nc1cc(Cl)c(OC(F)(F)C(F)C(F)(F)F)c(Cl)c1F
Nuarimol,OC(c1ccc(F)cc1)(c1cncnc1)c1ccccc1Cl
"O,O'-DDT",Clc1ccccc1C(c1ccccc1Cl)C(Cl)(Cl)Cl
Octachlorodipropyl ether,CCC(Cl)OC(Cl)(Cl)C(Cl)(Cl)C(Cl)(Cl)Cl
Octhilinone,CCCCCCCCn1sccc1=O
Ofurace,Cc1cccc(C)c1N(C(=O)CCl)C1CCOC1=O
Omethoate,CNC(=O)CSP(=O)(OC)OC
Orbencarb,CCN(CC)C(=O)SCc1ccccc1Cl
Orthosulfamuron,COc1cc(OC)nc(NC(=O)NS(=O)(=O)Nc2ccccc2C(=O)N(C)C)n1
Orysastrobin,CNC(=O)C(=NOC)c1ccccc1CON=C(C)C(=NOC)C(C)=NOC
Oryzalin,CCCN(CCC)c1c([N+](=O)[O-])cc(S(N)(=O)=O)cc1[N+](=O)[O-]
Oxabetrinil,N#CC(=NOCC1OCCO1)c1ccccc1
Oxadiargyl,C#CCOc1cc(-n2nc(C(C)(C)C)oc2=O)c(Cl)cc1Cl
Oxadiazon,CC(C)Oc1cc(-n2nc(C(C)(C)C)oc2=O)c(Cl)cc1Cl
Oxadixyl,COCC(=O)N(c1c(C)cccc1C)N1CCOC1=O
Oxamyl,CNC(=O)ON=C(SC)C(=O)N(C)C
Oxasulfuron,Cc1cc(C)nc(NC(=O)NS(=O)(=O)c2ccccc2C(=O)OC2COC2)n1
Oxathiapiprolin,Cc1cc(C(F)(F)F)nn1CC(=O)N1CCC(c2nc(C3=NOC(c4c(F)cccc4F)C3)cs2)CC1
Oxaziclomefone,CC1=C(c2ccccc2)C(=O)N(C(C)(C)c2cc(Cl)cc(Cl)c2)CO1
Oxazosulfyl,CCS(=O)(=O)c1cccnc1-c1nc2cc(S(=O)(=O)C(F)(F)F)ccc2o1
Oxolinic acid,CCn1cc(C(=O)O)c(=O)c2cc3c(cc21)OCO3
Oxycarboxin,CC1=C(C(=O)Nc2ccccc2)S(=O)(=O)CCO1
Oxydemeton-methyl,CCS(=O)CCSP(=O)(OC)OC
Oxydeprofos,CCS(=O)CC(C)SP(=O)(OC)OC
Oxyfluorfen,CCOc1cc(Oc2ccc(C(F)(F)F)cc2Cl)ccc1[N+](=O)[O-]
Paclobutrazol,CC(C)(C)C(O)C(Cc1ccc(Cl)cc1)n1cncn1
Paichongding,CCCOC1CC(C)C([N+](=O)[O-])=C2N(Cc3ccc(Cl)nc3)CCN21
Parafluron,CN(C)C(=O)Nc1ccc(C(F)(F)F)cc1
Parathion-ethyl,CCOP(=S)(OCC)Oc1ccc([N+](=O)[O-])cc1
Parathion-methyl,COP(=S)(OC)Oc1ccc([N+](=O)[O-])cc1
Parinol,OC(c1ccc(Cl)cc1)(c1ccc(Cl)cc1)c1cccnc1
Pebulate,CCCCN(CC)C(=O)SCCC
Pefurazoate,C=CCCCOC(=O)C(CC)N(Cc1ccco1)C(=O)n1ccnc1
Penconazole,CCCC(Cn1cncn1)c1ccc(Cl)cc1Cl
Pencycuron,O=C(Nc1ccccc1)N(Cc1ccc(Cl)cc1)C1CCCC1
Pendimethalin,CCC(CC)Nc1c([N+](=O)[O-])cc(C)c(C)c1[N+](=O)[O-]
Penflufen,Cc1nn(C)c(F)c1C(=O)Nc1ccccc1C(C)CC(C)C
Penfluron,O=C(N=C(O)c1c(F)cccc1F)Nc1ccc(C(F)(F)F)cc1
Penoxsulam,COc1cnc(OC)n2nc(NS(=O)(=O)c3c(OCC(F)F)cccc3C(F)(F)F)nc12
Pentanochlor,CCCC(C)C(=O)Nc1ccc(C)c(Cl)c1
Penthiopyrad,CC(C)CC(C)c1sccc1NC(=O)c1cn(C)nc1C(F)(F)F
Pentoxazone,CC(C)=C1OC(=O)N(c2cc(OC3CCCC3)c(Cl)cc2F)C1=O
Perfluidone,Cc1cc(S(=O)(=O)c2ccccc2)ccc1NS(=O)(=O)C(F)(F)F
Peroxyacetic acid,CC(=O)OO
Pethoxamid,CCOCCN(C(=O)CCl)C(=C(C)C)c1ccccc1
Phenisopham,CCN(C(=O)Oc1cccc(NC(=O)OC(C)C)c1)c1ccccc1
Phenkapton,CCOP(=S)(OCC)SCSc1cc(Cl)ccc1Cl
Phenmedipham,COC(=O)Nc1cccc(OC(=O)Nc2cccc(C)c2)c1
Phenobenzuron,CN(C)C(=O)N(C(=O)c1ccccc1)c1ccc(Cl)c(Cl)c1
Phenthoate,CCOC(=O)C(SP(=S)(OC)OC)c1ccccc1
Phenylmercuric acetate,CC(=O)O[Hg]c1ccccc1
Phenylmercury chloride,Cl[Hg]c1ccccc1
Phenylmercury nitrate,O=[N+]([O-])O[Hg]c1ccccc1
Phorate,CCOP(=S)(OCC)SCSCC
Phosacetim,CC(N)=NP(=S)(Oc1ccc(Cl)cc1)Oc1ccc(Cl)cc1
Phosalone,CCOP(=S)(OCC)SCn1c(=O)oc2cc(Cl)ccc21
Phosametine,CN(C(=O)CNCP(=O)(O)O)S(C)(=O)=O
Phosdiphen,CCOP(=O)(Oc1ccc(Cl)cc1Cl)Oc1ccc(Cl)cc1Cl
Phosfolan,CCOP(=O)(N=C1SCCS1)OCC
Phosmet,COP(=S)(OC)SCN1C(=O)c2ccccc2C1=O
Phosnichlor,COP(=S)(OC)Oc1ccc(Cl)c([N+](=O)[O-])c1
Phosphamidon,CCN(CC)C(=O)C(Cl)=C(C)OP(=O)(OC)OC
Phosphane,P
Phoxim,CCOP(=S)(OCC)ON=C(C#N)c1ccccc1
Phthalide,O=C1OCc2c(Cl)c(Cl)c(Cl)c(Cl)c21
Picarbutrazox,Cn1nnnc1C(=NOCc1cccc(NC(=O)OC(C)(C)C)n1)c1ccccc1
Picloram-isoctyl,CC(C)CCCCCOC(=O)c1nc(Cl)c(Cl)c(N)c1Cl
Picloram-methyl,COC(=O)c1nc(Cl)c(Cl)c(N)c1Cl
Picolinafen,O=C(Nc1ccc(F)cc1)c1cccc(Oc2cccc(C(F)(F)F)c2)n1
Picoxystrobin,COC=C(C(=O)OC)c1ccccc1COc1cccc(C(F)(F)F)n1
Pindone,CC(C)(C)C(=O)C1C(=O)c2ccccc2C1=O
Pinoxaden,CCc1cc(C)cc(CC)c1-c1c(OC(=O)C(C)(C)C)n2n(c1=O)CCOCC2
Piperalin,CC1CCCCN1CCCOC(=O)c1ccc(Cl)c(Cl)c1
Piperonyl cyclonene,CCCCCCC1=CC(=O)CC(c2ccc3c(c2)OCO3)C1
Piperonyl sulfoxide,CCCCCCCCS(=O)C(C)Cc1ccc2c(c1)OCO2
Piperophos,CCCOP(=S)(OCCC)SCC(=O)N1CCCCC1C
Piprotal,CCCCOCCOCCOC(OCCOCCOCCCC)c1ccc2c(c1)OCO2
Pirimicarb,Cc1nc(N(C)C)nc(OC(=O)N(C)C)c1C
Pirimiphos-ethyl,CCOP(=S)(OCC)Oc1cc(C)nc(N(CC)CC)n1
Pirimiphos-methyl,CCN(CC)c1nc(C)cc(OP(=S)(OC)OC)n1
Plifenate,CC(=O)OC(c1ccc(Cl)c(Cl)c1)C(Cl)(Cl)Cl
P-nonylphenol,CCCCCCCCCc1ccc(O)cc1
Polyacrylamide,C=CC(N)=O
Polybutene,C=CCC
Potassium iodide,[K+]
Prallethrin,C#CCC1=C(C)C(OC(=O)C2C(C=C(C)C)C2(C)C)CC1=O
Pretilachlor,CCCOCCN(C(=O)CCl)c1c(CC)cccc1CC
Primisulfuron,O=C(Nc1nc(OC(F)F)cc(OC(F)F)n1)NS(=O)(=O)c1ccccc1C(=O)O
Primisulfuron methyl,COC(=O)c1ccccc1S(=O)(=O)NC(=O)Nc1nc(OC(F)F)cc(OC(F)F)n1
Probenazole,C=CCOC1=NS(=O)(=O)c2ccccc21
Procyazine,CC(C)(C#N)Nc1nc(Cl)nc(NC2CC2)n1
Procymidone,CC12CC1(C)C(=O)N(c1cc(Cl)cc(Cl)c1)C2=O
Prodiamine,CCCN(CCC)c1c([N+](=O)[O-])cc(C(F)(F)F)c(N)c1[N+](=O)[O-]
Profenofos,CCCSP(=O)(OCC)Oc1ccc(Br)cc1Cl
Profluazol,O=C1C2CC(F)CN2C(=O)N1c1cc(NS(=O)(=O)CCl)c(Cl)cc1F
Profluralin,CCCN(CC1CC1)c1c([N+](=O)[O-])cc(C(F)(F)F)cc1[N+](=O)[O-]
Profluthrin,CC=CC1C(C(=O)OCc2c(F)c(F)c(C)c(F)c2F)C1(C)C
Profoxydim,CCCC(NOCC(C)Oc1ccc(Cl)cc1)=C1C(=O)CC(C2CCCSC2)CC1=O
Proglinazine,CC(C)Nc1nc(Cl)nc(NCC(=O)O)n1
Proglinazine-ethyl,CCOC(=O)CNc1nc(Cl)nc(NC(C)C)n1
Prohexadione,CCC(=O)C1C(=O)CC(C(=O)O)CC1=O
Prohexadione-calcium,CCC(O)=C1C(=O)CC(C(=O)O)CC1=O
Prohydrojasmon,CCCCCC1C(=O)CCC1CC(=O)OCCC
Promacyl,CCCC(=O)N(C)C(=O)Oc1cc(C)cc(C(C)C)c1
Promecarb,CNC(=O)Oc1cc(C)cc(C(C)C)c1
Prometon,COc1nc(NC(C)C)nc(NC(C)C)n1
Prometryn,CSc1nc(NC(C)C)nc(NC(C)C)n1
Propachlor,CC(C)N(C(=O)CCl)c1ccccc1
Propamidine,N=C(N)c1ccc(OCCCOc2ccc(C(=N)N)cc2)cc1
Propanil,CCC(=O)Nc1ccc(Cl)c(Cl)c1
Propaphos,CCCOP(=O)(OCCC)Oc1ccc(SC)cc1
Propaquizafop,CC(C)=NOCCOC(=O)C(C)Oc1ccc(Oc2cnc3cc(Cl)ccc3n2)cc1
Propargite,C#CCOS(=O)OC1CCCCC1Oc1ccc(C(C)(C)C)cc1
Propazine,CC(C)Nc1nc(Cl)nc(NC(C)C)n1
Propetamphos,CCNP(=S)(OC)OC(C)=CC(=O)OC(C)C
Propham,CC(C)OC(=O)Nc1ccccc1
Propineb,CC(CNC(=S)S)NC(=S)S
Propisochlor,CCc1cccc(C)c1N(COC(C)C)C(=O)CCl
Propoxur,CNC(=O)Oc1ccccc1OC(C)C
Propoxycarbazone,CCCOc1nn(C(=O)NS(=O)(=O)c2ccccc2C(=O)OC)c(=O)n1C
Propoxycarbazone-sodium,CCCOc1nn(C(O)=NS(=O)(=O)c2ccccc2C(=O)OC)c(=O)n1C
Propyl isome,CCCOC(=O)C1c2cc3c(cc2CC(C)C1C(=O)OCCC)OCO3
Propylene glycol,CC(O)CO
Propyrisulfuron,CCCc1ccc2nc(Cl)c(S(=O)(=O)NC(=O)Nc3nc(OC)cc(OC)n3)n2n1
Propyzamide,C#CC(C)(C)NC(=O)c1cc(Cl)cc(Cl)c1
Proquinazid,CCCOc1nc2ccc(I)cc2c(=O)n1CCC
Prosulfocarb,CCCN(CCC)C(=O)SCc1ccccc1
Prosulfuron,COc1nc(C)nc(NC(=O)NS(=O)(=O)c2ccccc2CCC(F)(F)F)n1
Prothidathion,CCOP(=S)(OCC)SCn1nc(OC(C)C)sc1=O
Prothioconazole,OC(Cc1ccccc1Cl)(Cn1[nH]cnc1=S)C1(Cl)CC1
Prothiofos,CCCSP(=S)(OCC)Oc1ccc(Cl)cc1Cl
Prothoate,CCOP(=S)(OCC)SCC(=O)NC(C)C
Protrifenbute,Fc1ccc(CCCC(c2ccc(Cl)cc2)C2CC2)cc1Oc1ccccc1
Proximpham,CC(C)=NOC(=O)Nc1ccccc1
Prynachlor,C#CC(C)N(C(=O)CCl)c1ccccc1
Pydanon,O=C(O)CC1(O)CC(=O)NNC1=O
Pydiflumetofen,CON(C(=O)c1cn(C)nc1C(F)F)C(C)Cc1c(Cl)cc(Cl)cc1Cl
Pyflubumide,COC(c1ccc(N(C(=O)c2c(C)nn(C)c2C)C(=O)C(C)C)cc1CC(C)C)(C(F)(F)F)C(F)(F)F
Pymetrozine,CC1=NNC(=O)N(N=Cc2cccnc2)C1
Pyracarbolid,CC1=C(C(=O)Nc2ccccc2)CCCO1
Pyraclofos,CCCSP(=O)(OCC)Oc1cnn(-c2ccc(Cl)cc2)c1
Pyraclonil,C#CCN(C)c1c(C#N)cnn1-c1nn2c(c1Cl)CCCC2
Pyraclostrobin,COC(=O)N(OC)c1ccccc1COc1ccn(-c2ccc(Cl)cc2)n1
Pyraflufen-ethyl,CCOC(=O)COc1cc(-c2nn(C)c(OC(F)F)c2Cl)c(F)cc1Cl
Pyrafluprole,N#Cc1nn(-c2c(Cl)cc(C(F)(F)F)cc2Cl)c(NCc2cnccn2)c1SCF
Pyramat,CCCc1cc(OC(=O)N(C)C)nc(C)n1
Pyrametostrobin,COC(=O)N(OC)c1ccccc1COc1c(C)c(-c2ccccc2)nn1C
Pyranocoumarin,COC1(C)CC(c2ccccc2)c2c(c3ccccc3oc2=O)O1
Pyraoxystrobin,COC=C(C(=O)OC)c1ccccc1COc1cc(-c2ccc(Cl)cc2)nn1C
Pyrapropoyne,CC(C)ON=C(CNC(=O)c1cn(C)nc1C(F)F)c1ccc(C#CC2CC2)cc1Cl
Pyrazachlor,Cc1[nH]nc(Cl)c1[N+](=O)[O-]
Pyraziflumid,O=C(Nc1ccccc1-c1ccc(F)c(F)c1)c1nccnc1C(F)(F)F
Pyrazolynate,Cc1ccc(S(=O)(=O)Oc2c(C(=O)c3ccc(Cl)cc3Cl)c(C)nn2C)cc1
Pyrazophos,CCOC(=O)c1cn2nc(OP(=S)(OCC)OCC)cc2nc1C
Pyrazosulfuron,COc1cc(OC)nc(NC(=O)NS(=O)(=O)c2c(C(=O)O)cnn2C)n1
Pyrazosulfuron-ethyl,CCOC(=O)c1cnn(C)c1S(=O)(=O)NC(=O)Nc1nc(OC)cc(OC)n1
Pyrazoxyfen,Cc1nn(C)c(OCC(=O)c2ccccc2)c1C(=O)c1ccc(Cl)cc1Cl
Pyribambenz-isopropyl,COc1cc(OC)nc(Oc2ccccc2CNc2ccc(C(=O)OC(C)C)cc2)n1
Pyribambenz-propyl,CCCOC(=O)c1ccc(NCc2ccccc2Oc2nc(OC)cc(OC)n2)cc1
Pyribencarb,COC(=O)NCc1cc(C(C)=NOCc2cccc(C)n2)ccc1Cl
Pyribenzoxim,COc1cc(OC)nc(Oc2cccc(Oc3nc(OC)cc(OC)n3)c2C(=O)ON=C(c2ccccc2)c2ccccc2)n1
Pyributicarb,COc1cccc(N(C)C(=S)Oc2cccc(C(C)(C)C)c2)n1
Pyridaben,CC(C)(C)c1ccc(CSc2cnn(C(C)(C)C)c(=O)c2Cl)cc1
Pyridafenthion,CCOP(=S)(OCC)Oc1ccc(=O)n(-c2ccccc2)n1
Pyridafol,O=c1cc(Cl)[nH]nc1-c1ccccc1
Pyridalyl,FC(F)(F)c1ccc(OCCCOc2c(Cl)cc(OCC=C(Cl)Cl)cc2Cl)nc1
Pyridate,CCCCCCCCSC(=O)Oc1cc(Cl)nnc1-c1ccccc1
Pyridinitril,N#Cc1c(Cl)nc(Cl)c(C#N)c1-c1ccccc1
Pyrifenox,CON=C(Cc1cccnc1)c1ccc(Cl)cc1Cl
Pyrifluquinazon,CC(=O)N1C(=O)N(NCc2cccnc2)Cc2cc(C(F)(C(F)(F)F)C(F)(F)F)ccc21
Pyriftalid,COc1cc(OC)nc(Sc2cccc3c2C(=O)OC3C)n1
Pyrimethanil,Cc1cc(C)nc(Nc2ccccc2)n1
Pyrimidifen,CCOCCc1ccc(OCCNc2ncnc(CC)c2Cl)c(C)c1C
Pyriminobac-methyl,CON=C(C)c1cccc(Oc2nc(OC)cc(OC)n2)c1C(=O)OC
Pyriminostrobin,COC=C(C(=O)OC)c1ccccc1COc1cc(C(F)(F)F)nc(Nc2ccc(Cl)cc2Cl)n1
Pyrimisulfan,COCc1cccc(C(O)c2nc(OC)cc(OC)n2)c1NS(=O)(=O)C(F)F
Pyrimorph,CC(C)(C)c1ccc(C(=CC(=O)N2CCOCC2)c2ccnc(Cl)c2)cc1
Pyriofenone,COc1cc(C)c(C(=O)c2c(OC)ncc(Cl)c2C)c(OC)c1OC
Pyripropanol,OCCCc1ccccn1
Pyriproxyfen,CC(COc1ccc(Oc2ccccc2)cc1)Oc1ccccn1
Pyrisoxazole,CN1OC(c2ccc(Cl)cc2)CC1(C)c1cccnc1
Pyrithiobac-sodium,COc1cc(OC)nc(Sc2cccc(Cl)c2C(=O)O)n1
Pyroquilon,O=C1CCc2cccc3c2N1CC3
Pyroxasulfone,Cn1nc(C(F)(F)F)c(CS(=O)(=O)C2=NOC(C)(C)C2)c1OC(F)F
Pyroxsulam,COc1cc(OC)n2nc(NS(=O)(=O)c3c(C(F)(F)F)ccnc3OC)nc2n1
Quinalphos,CCOP(=S)(OCC)Oc1cnc2ccccc2n1
Quinconazole,O=c1c2ccccc2nc(-n2cncn2)n1-c1ccc(Cl)cc1Cl
Quinmerac,Cc1cnc2c(C(=O)O)c(Cl)ccc2c1
Quinoclamine,NC1=C(Cl)C(=O)c2ccccc2C1=O
Quinofumelin,CC1(C)N=C(c2cnc3ccccc3c2)c2ccccc2C1(F)F
Quinonamid,O=C1C(Cl)=C(NC(=O)C(Cl)Cl)C(=O)c2ccccc21
Quinothion,CCOP(=S)(OCC)Oc1cc(C)nc2ccccc12
Quinoxyfen,Fc1ccc(Oc2ccnc3cc(Cl)cc(Cl)c23)cc1
Quintiofos,CCOP(=S)(Oc1cccc2cccnc12)c1ccccc1
Quintozene,O=[N+]([O-])c1c(Cl)c(Cl)c(Cl)c(Cl)c1Cl
Quizalofop-P-tefuryl,CC(Oc1ccc(Oc2cnc3cc(Cl)ccc3n2)cc1)C(=O)OCC1CCCO1
Rabenzazole,Cc1cc(C)n(-c2nc3ccccc3[nH]2)n1
Rimsulfuron,CCS(=O)(=O)c1cccnc1S(=O)(=O)NC(=O)Nc1nc(OC)cc(OC)n1
Saflufenacil,CC(C)N(C)S(=O)(=O)NC(=O)c1cc(-n2c(=O)cc(C(F)(F)F)n(C)c2=O)c(F)cc1Cl
Saisentong,Sc1nnc(NCNc2nnc(S)s2)s1
Schradan,CN(C)P(=O)(OP(=O)(N(C)C)N(C)C)N(C)C
Seboctylamine,CCCCCCCCNCCNCCNCCCCCCCC
Sebuthylazine,CCNc1nc(Cl)nc(NC(C)CC)n1
Secbumeton,CCNc1nc(NC(C)CC)nc(OC)n1
Sedaxane,Cn1cc(C(=O)Nc2ccccc2C2CC2C2CC2)c(C(F)F)n1
Semiamitraz hydrochloride,CN=CNc1ccc(C)cc1C
Sesamex,CCOCCOCCOC(C)Oc1ccc2c(c1)OCO2
Sethoxydim,CCCC(NOCC)=C1C(=O)CC(CC(C)SCC)CC1=O
Siduron,CC1CCCCC1NC(=O)Nc1ccccc1
Silafluofen,CCOc1ccc([Si](C)(C)CCCc2ccc(F)c(Oc3ccccc3)c2)cc1
Silatrane,Clc1ccc([Si]23OCCN(CCO2)CCO3)cc1
Silthiofam,C=CCNC(=O)c1c([Si](C)(C)C)sc(C)c1C
Simazine,CCNc1nc(Cl)nc(NCC)n1
Simeconazole,C[Si](C)(C)CC(O)(Cn1cncn1)c1ccc(F)cc1
Simeton,CCNc1nc(NCC)nc(OC)n1
Simetryn,CCNc1nc(NCC)nc(SC)n1
Sintofen,COCCOc1cccc2c1c(=O)c(C(=O)O)nn2-c1ccc(C)cc1
Sodium 5-nitroguaiacolate,COc1ccc([N+](=O)[O-])cc1O
Sodium arsenite,O=[As]O
Sodium chlorate,[O-][Cl+2]([O-])[O-]
Sodium chloride,[Na+]
Sodium lignosulfonate,COc1cc(CCCS(=O)(=O)O)ccc1OC(Cc1cccc(OC)c1O)CS(=O)(=O)O
Sodium monofluoroacetate,O=C(O)CF
Sodium o-nitrophenolate,O=[N+]([O-])c1ccccc1O
Sodium p-nitrophenolate,O=[N+]([O-])c1ccc(O)cc1
Sodium tetrathiocarbonate,S=C(S)SS
Sorbitol,OCC(O)C(O)C(O)C(O)CO
Spirodiclofen,CCC(C)(C)C(=O)OC1=C(c2ccc(Cl)cc2Cl)C(=O)OC12CCCCC2
Spirotetramat,CCOC(=O)OC1=C(c2cc(C)ccc2C)C(=O)NC12CCC(OC)CC2
Spiroxamine,CCCN(CC)CC1COC2(CCC(C(C)(C)C)CC2)O1
Strobane,C=C1C(C)(C)C2(Cl)C(Cl)C1(Cl)C(Cl)(Cl)C2(Cl)Cl
Sulcotrione,CS(=O)(=O)c1ccc(C(=O)C2C(=O)CCCC2=O)c(Cl)c1
Sulfallate,C=C(Cl)CSC(=S)N(CC)CC
Sulfentrazone,Cc1nn(-c2cc(NS(C)(=O)=O)c(Cl)cc2Cl)c(=O)n1C(F)F
Sulfometuron,Cc1cc(C)nc(NC(=O)NS(=O)(=O)c2ccccc2C(=O)O)n1
Sulfometuron-methyl,COC(=O)c1ccccc1S(=O)(=O)NC(=O)Nc1nc(C)cc(C)n1
Sulfosulfuron,CCS(=O)(=O)c1nc2ccccn2c1S(=O)(=O)NC(=O)Nc1nc(OC)cc(OC)n1
Sulfotep,CCOP(=S)(OCC)OP(=S)(OCC)OCC
Sulfoxaflor,CC(c1ccc(C(F)(F)F)nc1)S(C)(=O)=NC#N
Sulfuryl fluoride,O=S(=O)(F)F
Sulphaquinoxaline,Nc1ccc(S(=O)(=O)Nc2cnc3ccccc3n2)cc1
Sulprofos,CCCSP(=S)(OCC)Oc1ccc(SC)cc1
Swep,COC(=O)Nc1ccc(Cl)c(Cl)c1
TCA-ethadyl,O=C(OCCOC(=O)C(Cl)(Cl)Cl)C(Cl)(Cl)Cl
Tebuconazole,CC(C)(C)C(O)(CCc1ccc(Cl)cc1)Cn1cncn1
Tebufenozide,CCc1ccc(C(=O)NN(C(=O)c2cc(C)cc(C)c2)C(C)(C)C)cc1
Tebufenpyrad,CCc1nn(C)c(C(=O)NCc2ccc(C(C)(C)C)cc2)c1Cl
Tebufloquin,CC(=O)Oc1c(C)c(C)nc2c(F)cc(C(C)(C)C)cc12
Tebupirimfos,CCOP(=S)(Oc1cnc(C(C)(C)C)nc1)OC(C)C
Tebutam,CC(C)N(Cc1ccccc1)C(=O)C(C)(C)C
Tebuthiuron,CNC(=O)N(C)c1nnc(C(C)(C)C)s1
Tecloftalam,O=C(O)c1c(Cl)c(Cl)c(Cl)c(Cl)c1C(=O)Nc1cccc(Cl)c1Cl
Tecnazene,O=[N+]([O-])c1c(Cl)c(Cl)cc(Cl)c1Cl
Teflubenzuron,O=C(NC(=O)c1c(F)cccc1F)Nc1cc(Cl)c(F)c(Cl)c1F
Tefuryltrione,CS(=O)(=O)c1ccc(C(=O)C2C(=O)CCCC2=O)c(Cl)c1COCC1CCCO1
Tembotrione,CS(=O)(=O)c1ccc(C(=O)C2C(=O)CCCC2=O)c(Cl)c1COCC(F)(F)F
Temephos,COP(=S)(OC)Oc1ccc(Sc2ccc(OP(=S)(OC)OC)cc2)cc1
Tepraloxydim,CCC(NOCC=CCl)=C1C(=O)CC(C2CCOCC2)CC1=O
Terallethrin,C=CCC1=C(C)C(OC(=O)C2C(C)(C)C2(C)C)CC1=O
Terbacil,Cc1[nH]c(=O)n(C(C)(C)C)c(=O)c1Cl
Terbucarb,CNC(=O)Oc1c(C(C)(C)C)cc(C)cc1C(C)(C)C
Terbuchlor,CCCCOCN(C(=O)CCl)c1c(C)cccc1C(C)(C)C
Terbufos,CCOP(=S)(OCC)SCSC(C)(C)C
Terbumeton,CCNc1nc(NC(C)(C)C)nc(OC)n1
Terbuthylazine,CCNc1nc(Cl)nc(NC(C)(C)C)n1
Terbutryn,CCNc1nc(NC(C)(C)C)nc(SC)n1
Tetcyclacis,Clc1ccc(N2N=NC3C4CC(C5N=NC45)C32)cc1
Tetrachlorvinphos,COP(=O)(OC)OC(=CCl)c1cc(Cl)c(Cl)cc1Cl
Tetraconazole,FC(F)C(F)(F)OCC(Cn1cncn1)c1ccc(Cl)cc1Cl
Tetradifon,O=S(=O)(c1ccc(Cl)cc1)c1cc(Cl)c(Cl)cc1Cl
Tetraethyl pyrophosphate,CCOP(=O)(OCC)OP(=O)(OCC)OCC
Tetramethylfluthrin,COCc1c(F)c(F)c(COC(=O)C2C(C)(C)C2(C)C)c(F)c1F
Thenylchlor,COc1ccsc1CN(C(=O)CCl)c1c(C)cccc1C
Thiabendazole,c1ccc2[nH]c(-c3cscn3)nc2c1
Thiacloprid,N#CN=C1SCCN1Cc1ccc(Cl)nc1
Thiamethoxam,CN1COCN(Cc2cnc(Cl)s2)C1=N[N+](=O)[O-]
Thiapronil,N#CC(C(=O)c1ccccc1Cl)=C1NC(c2ccccc2)=CS1
Thiazafluron,CNC(=O)N(C)c1nnc(C(F)(F)F)s1
Thiazopyr,COC(=O)c1c(C(F)F)nc(C(F)(F)F)c(C2=NCCS2)c1CC(C)C
Thicyofen,CCS(=O)c1sc(C#N)c(Cl)c1C#N
Thidiazimin,C#CCN1C(=O)COc2cc(F)c(N=c3snc4n3CC(C)(C)C4)cc21
Thidiazuron,O=C(Nc1ccccc1)Nc1cnns1
Thiencarbazone,COc1nn(C(=O)NS(=O)(=O)c2c(C(=O)O)csc2C)c(=O)n1C
Thiencarbazone-methyl,COC(=O)c1csc(C)c1S(=O)(=O)NC(=O)n1nc(OC)n(C)c1=O
Thifensulfuron,COc1nc(C)nc(NC(=O)NS(=O)(=O)c2ccsc2C(=O)O)n1
Thifensulfuron-methyl,COC(=O)c1sccc1S(=O)(=O)NC(=O)Nc1nc(C)nc(OC)n1
Thifluzamide,Cc1nc(C(F)(F)F)c(C(=O)Nc2c(Br)cc(OC(F)(F)F)cc2Br)s1
Thiobencarb,CCN(CC)C(=O)SCc1ccc(Cl)cc1
Thiocarboxime,CNC(=O)ON=C(C)SCCC#N
Thiodicarb,CSC(C)=NOC(=O)N(C)SN(C)C(=O)ON=C(C)SC
Thiofanox,CNC(=O)ON=C(CSC)C(C)(C)C
Thiomersal,CC[Hg]Sc1ccccc1C(=O)O
Thiometon,CCSCCSP(=S)(OC)OC
Thionazin,CCOP(=S)(OCC)Oc1cnccn1
Thiophanate,CCOC(=O)NC(=S)Nc1ccccc1NC(=S)NC(=O)OCC
Thiophanate-methyl,COC(=O)NC(=S)Nc1ccccc1NC(=S)NC(=O)OC
Thioquinox,S=c1sc2nc3ccccc3nc2s1
Thiourea,NC(N)=S
Thiram,CN(C)C(=S)SSC(=S)N(C)C
Tiadinil,Cc1ccc(NC(=O)c2snnc2C)cc1Cl
Tiafenacil,COC(=O)CCNC(=O)C(C)Sc1cc(-n2c(=O)cc(C(F)(F)F)n(C)c2=O)c(F)cc1Cl
Tiaojiean,C[N+]1(C)CCOCC1
Tigolaner,Cn1nc(C(F)(F)C(F)(F)F)c(C(F)(F)F)c1-n1cc(-c2ccc(Cl)c(C(=O)NC3(C#N)CC3)c2)cn1
Tiocarbazil,CCC(C)N(C(=O)SCc1ccccc1)C(C)CC
Tioxazafen,c1ccc(-c2noc(-c3cccs3)n2)cc1
Tirpate,CN=C(O)ON=CC1(C)SCC(C)S1
Titanium dioxide,O=[Ti]=O
Tolclofos-methyl,COP(=S)(OC)Oc1c(Cl)cc(C)cc1Cl
Tolfenpyrad,CCc1nn(C)c(C(=O)NCc2ccc(Oc3ccc(C)cc3)cc2)c1Cl
Tolprocarb,Cc1ccc(C(=O)NCC(NC(=O)OCC(F)(F)F)C(C)C)cc1
Tolpyralate,CCn1ncc(C(=O)c2ccc(S(C)(=O)=O)c(OCCOC)c2C)c1OC(C)OC(=O)OC
Tolylfluanid,Cc1ccc(N(SC(F)(Cl)Cl)S(=O)(=O)N(C)C)cc1
Topramezone,Cc1c(C(=O)c2c[nH]n(C)c2=O)ccc(S(C)(=O)=O)c1C1=NOCC1
Tralkoxydim,CCONC(CC)=C1C(=O)CC(c2c(C)cc(C)cc2C)CC1=O
Tralocythrin,CC1(C)C(C(=O)OC(C#N)c2cccc(Oc3ccccc3)c2)C1C(Br)C(Cl)(Cl)Br
Tralomethrin,CC1(C)C(C(=O)OC(C#N)c2cccc(Oc3ccccc3)c2)C1C(Br)C(Br)(Br)Br
Tralopyril,N#Cc1c(-c2ccc(Cl)cc2)[nH]c(C(F)(F)F)c1Br
Transfluthrin,CC1(C)C(C=C(Cl)Cl)C1C(=O)OCc1c(F)c(F)cc(F)c1F
Triacontanol,CCCCCCCCCCCCCCCCCCCCCCCCCCCCCCO
Triadimefon,CC(C)(C)C(=O)C(Oc1ccc(Cl)cc1)n1cncn1
Triadimenol,CC(C)(C)C(O)C(Oc1ccc(Cl)cc1)n1cncn1
Triafamone,COc1nc(OC)nc(C(=O)c2cccc(F)c2N(C)S(=O)(=O)C(F)F)n1
Tri-allate,CC(C)N(C(=O)SCC(Cl)=C(Cl)Cl)C(C)C
Triamiphos,CN(C)P(=O)(N(C)C)n1nc(-c2ccccc2)nc1N
Triapenthenol,CC(C)(C)C(O)C(=CC1CCCCC1)n1cncn1
Triarathene,Clc1ccc(-c2cc(-c3ccccc3)c(-c3ccccc3)s2)cc1
Triarimol,OC(c1ccccc1)(c1cncnc1)c1ccc(Cl)cc1Cl
Triasulfuron,COc1nc(C)nc(NC(=O)NS(=O)(=O)c2ccccc2OCCCl)n1
Triazamate,CCOC(=O)CSc1nc(C(C)(C)C)nn1C(=O)N(C)C
Triaziflam,Cc1cc(C)cc(OCC(C)Nc2nc(N)nc(C(C)(C)F)n2)c1
Triazophos,CCOP(=S)(OCC)Oc1ncn(-c2ccccc2)n1
Triazoxide,[O-][n+]1nc(-n2ccnc2)nc2ccc(Cl)cc21
Tribenuron,COc1nc(C)nc(N(C)C(=O)NS(=O)(=O)c2ccccc2C(=O)O)n1
Tribenuron-methyl,COC(=O)c1ccccc1S(=O)(=O)NC(=O)N(C)c1nc(C)nc(OC)n1
Tribufos,CCCCSP(=O)(SCCCC)SCCCC
Tricamba,COc1c(Cl)cc(Cl)c(Cl)c1C(=O)O
Trichlamide,CCCCOC(NC(=O)c1ccccc1O)C(Cl)(Cl)Cl
Trichlorfon,COP(=O)(OC)C(O)C(Cl)(Cl)Cl
Trichloronate,CCOP(=S)(CC)Oc1cc(Cl)c(Cl)cc1Cl
Triclopyr-butotyl,CCCCOCCOC(=O)COc1nc(Cl)c(Cl)cc1Cl
Triclopyricarb,COC(=O)N(OC)c1ccccc1COc1nc(Cl)c(Cl)cc1Cl
Tricyclazole,Cc1cccc2sc3nncn3c12
Tridemorph,CCCCCCCCCCCCCN1CC(C)OC(C)C1
Tridiphane,Clc1cc(Cl)cc(C2(CC(Cl)(Cl)Cl)CO2)c1
Trietazine,CCNc1nc(Cl)nc(N(CC)CC)n1
Trifenmorph,c1ccc(C(c2ccccc2)(c2ccccc2)N2CCOCC2)cc1
Trifenofos,CCCSP(=O)(OCC)Oc1c(Cl)cc(Cl)cc1Cl
Trifloxystrobin,CON=C(C(=O)OC)c1ccccc1CON=C(C)c1cccc(C(F)(F)F)c1
Trifludimoxazin,C#CCN1C(=O)C(F)(F)Oc2cc(F)c(-n3c(=O)n(C)c(=S)n(C)c3=O)cc21
Trifluenfuronate,COc1ccccc1C1OC(=O)CC1C(=O)OCCC(F)=C(F)F
Triflumezopyrim,O=c1c(-c2cccc(C(F)(F)F)c2)c(O)n(Cc2cncnc2)c2cccc[n+]12
Triflumizole,CCCOCC(=Nc1ccc(Cl)cc1C(F)(F)F)n1ccnc1
Triflumuron,O=C(NC(=O)c1ccccc1Cl)Nc1ccc(OC(F)(F)F)cc1
Triflusulfuron,Cc1cccc(C(=O)O)c1S(=O)(=O)NC(=O)Nc1nc(OCC(F)(F)F)nc(N(C)C)n1
Triflusulfuron-methyl,COC(=O)c1cccc(C)c1S(=O)(=O)NC(=O)Nc1nc(OCC(F)(F)F)nc(N(C)C)n1
Trifopsime,CC(C)=NOC(=O)C(C)Oc1ccc(Oc2ccc(C(F)(F)F)cc2)cc1
Triforine,O=CNC(N1CCN(C(NC=O)C(Cl)(Cl)Cl)CC1)C(Cl)(Cl)Cl
Trimethacarb,CNC(=O)Oc1cc(C)c(C)c(C)c1
Trinexapac-ethyl,CCOC(=O)C1CC(=O)C(=C(O)C2CC2)C(=O)C1
Triprene,CCSC(=O)C=C(C)C=CCC(C)CCCC(C)(C)OC
Triticonazole,CC1(C)CCC(=Cc2ccc(Cl)cc2)C1(O)Cn1cncn1
Tritosulfuron,COc1nc(NC(=O)NS(=O)(=O)c2ccccc2C(F)(F)F)nc(C(F)(F)F)n1
Tyclopyrazoflor,CCN(C(=O)CCSCCC(F)(F)F)c1cn(-c2cccnc2)nc1Cl
Uniconazole,CC(C)(C)C(O)C(=Cc1ccc(Cl)cc1)n1cncn1
Valifenalate,COC(=O)CC(NC(=O)C(NC(=O)OC(C)C)C(C)C)c1ccc(Cl)cc1
Vamidothion,CNC(=O)C(C)SCCSP(=O)(OC)OC
Verbutin,CC#CCOC(C)c1ccc(OC)c(OC)c1
Vernolate,CCCSC(=O)N(CCC)CCC
Vinclozolin,C=CC1(C)OC(=O)N(c2cc(Cl)cc(Cl)c2)C1=O
XMC,CNC(=O)Oc1cc(C)cc(C)c1
Xylachlor,Cc1cccc(N(C(=O)CCl)C(C)C)c1C
Xylylcarb,CNC(=O)Oc1ccc(C)c(C)c1
Zarilamid,CCOC(C#N)NC(=O)c1ccc(Cl)cc1
Zinc phosphide,P=[Zn]
Zoxamide,CCC(C)(NC(=O)c1cc(Cl)c(C)c(Cl)c1)C(=O)CCl
