CAS,DB_name,DB_smiles,QSAR_consensus
000071-00-1,Histidine,N[C@@H](Cc1c[nH]cn1)C(=O)O,0
000063-91-2,Phenylalanine,N[C@@H](Cc1ccccc1)C(=O)O,0
000058-85-5,Biotin,O=C(O)CCCC[C@@H]1SC[C@@H]2NC(=O)N[C@@H]21,0
000056-87-1,Lysine,NCCCC[C@@H](N)C(=O)O,0
000071-44-3,Spermine,NCCCNCCCCNCCCN,0
000056-45-1,Serine,N[C@@H](CO)C(=O)O,0
000060-18-4,Tyrosine,N[C@@H](Cc1ccc(O)cc1)C(=O)O,0
000056-89-3,Cystine,N[C@@H](CSSC[C@H](N)C(=O)O)C(=O)O,0
000057-00-1,Creatine,CN(CC(=O)O)C(=N)N,0
000061-90-5,Leucine,CC(C)C[C@@H](N)C(=O)O,0
000050-14-6,Ergocalciferol,C=C1CC[C@H](O)C/C1=C/C=C1\CCC[C@]2(C)[C@@H]([C@H](C)/C=C/[C@H](C)C(C)C)CC[C@@H]12,0
000072-19-5,Threonine,C[C@@H](O)[C@H](N)C(=O)O,0
000056-41-7,Alanine,C[C@@H](N)C(=O)O,0
000072-18-4,Valine,CC(C)[C@@H](N)C(=O)O,0
000067-97-0,Cholecalciferol,C=C1CC[C@H](O)C/C1=C/C=C1\CCC[C@]2(C)[C@@H]([C@H](C)CCCC(C)C)CC[C@@H]12,0
000058-27-5,Menadione,CC1=CC(=O)c2ccccc2C1=O,0
000147-85-3,Proline,O=C(O)[C@@H]1CCCN1,0
000073-24-5,Adenine,Nc1ncnc2nc[nH]c12,0
054739-18-3,Fluvoxamine,COCCCC/C(=N\OCCN)c1ccc(C(F)(F)F)cc1,0
001134-47-0,Baclofen,NCC(CC(=O)O)c1ccc(Cl)cc1,0
000300-62-9,Amphetamine,CC(N)Cc1ccccc1,0
000113-18-8,Ethchlorvynol,C#CC(O)(/C=C/Cl)CC,0
000122-09-8,Phentermine,CC(C)(N)Cc1ccccc1,0
027203-92-5,Tramadol,COc1cccc(C2(O)CCCCC2CN(C)C)c1,0
000114-07-8,Erythromycin,CC[C@H]1OC(=O)[C@H](C)[C@@H](O[C@H]2C[C@@](C)(OC)[C@@H](O)[C@H](C)O2)[C@H](C)[C@@H](O[C@@H]2O[C@H](C)C[C@H](N(C)C)[C@H]2O)[C@](C)(O)C[C@@H](C)C(=O)[C@H](C)[C@@H](O)[C@]1(C)O,0
000058-14-0,Pyrimethamine,CCc1nc(N)nc(N)c1-c1ccc(Cl)cc1,0
075330-75-5,Lovastatin,CC[C@H](C)C(=O)O[C@H]1C[C@@H](C)C=C2C=C[C@H](C)[C@H](CC[C@@H]3C[C@@H](O)CC(=O)O3)[C@H]21,0
148553-50-8,Pregabalin,CC(C)C[C@H](CN)CC(=O)O,0
000054-91-1,Pipobroman,O=C(CCBr)N1CCN(C(=O)CCBr)CC1,0
000063-74-1,Sulfanilamide,Nc1ccc(S(N)(=O)=O)cc1,0
000127-69-5,Sulfisoxazole,Cc1noc(NS(=O)(=O)c2ccc(N)cc2)c1C,0
000483-63-6,Crotamiton,CC=CC(=O)N(CC)c1ccccc1C,0
075695-93-1,Isradipine,COC(=O)C1=C(C)NC(C)=C(C(=O)OC(C)C)C1c1cccc2nonc12,0
000105-20-4,Betazole,NCCc1ccn[nH]1,0
093413-69-5,Venlafaxine,COc1ccc(C(CN(C)C)C2(O)CCCCC2)cc1,0
000305-03-3,Chlorambucil,O=C(O)CCCc1ccc(N(CCCl)CCCl)cc1,0
033125-97-2,Etomidate,CCOC(=O)c1cncn1[C@H](C)c1ccccc1,0
000057-27-2,Morphine,CN1CC[C@]23c4c5ccc(O)c4O[C@H]2[C@@H](O)C=C[C@H]3[C@H]1C5,0
000452-35-7,Ethoxzolamide,CCOc1ccc2nc(S(N)(=O)=O)sc2c1,0
000076-57-3,Codeine,COc1ccc2c3c1O[C@H]1[C@@H](O)C=C[C@H]4[C@@H](C2)N(C)CC[C@@]341,0
000050-48-6,Amitriptyline,CN(C)CCC=C1c2ccccc2CCc2ccccc21,0
000466-99-9,Hydromorphone,CN1CC[C@]23c4c5ccc(O)c4O[C@H]2C(=O)CC[C@H]3[C@H]1C5,0
000076-99-3,Methadone,CCC(=O)C(CC(C)N(C)C)(c1ccccc1)c1ccccc1,0
132539-06-1,Olanzapine,Cc1cc2c(s1)Nc1ccccc1N=C2N1CCN(C)CC1,0
042399-41-7,Diltiazem,COc1ccc([C@@H]2Sc3ccccc3N(CCN(C)C)C(=O)[C@@H]2OC(C)=O)cc1,0
000438-60-8,Protriptyline,CNCCCC1c2ccccc2C=Cc2ccccc21,0
000127-48-0,Trimethadione,CN1C(=O)OC(C)(C)C1=O,0
038304-91-5,Minoxidil,Nc1cc(N2CCCCC2)nc(N)[n+]1[O-],0
000595-33-5,Megestrol acetate,CC(=O)O[C@]1(C(C)=O)CC[C@H]2[C@@H]3C=C(C)C4=CC(=O)CC[C@]4(C)[C@H]3CC[C@@]21C,0
005786-21-0,Clozapine,CN1CCN(C2=Nc3cc(Cl)ccc3Nc3ccccc32)CC1,0
000469-21-6,Doxylamine,CN(C)CCOC(C)(c1ccccc1)c1ccccn1,0
000144-11-6,Trihexyphenidyl,OC(CCN1CCCCC1)(c1ccccc1)C1CCCCC1,0
031828-71-4,Mexiletine,Cc1cccc(C)c1OCC(C)N,0
000321-64-2,Tacrine,Nc1c2c(nc3ccccc13)CCCC2,0
000125-53-1,Oxyphencyclimine,CN1CCCN=C1COC(=O)C(O)(c1ccccc1)C1CCCCC1,0
000396-01-0,Triamterene,Nc1nc(N)c2nc(-c3ccccc3)c(N)nc2n1,0
000077-37-2,Procyclidine,OC(CCN1CCCC1)(c1ccccc1)C1CCCCC1,0
000059-42-7,Phenylephrine,CNC[C@H](O)c1cccc(O)c1,0
022232-54-8,Carbimazole,CCOC(=O)n1ccn(C)c1=S,0
066085-59-4,Nimodipine,COCCOC(=O)C1=C(C)NC(C)=C(C(=O)OC(C)C)C1c1cccc([N+](=O)[O-])c1,0
000057-83-0,Progesterone,CC(=O)[C@H]1CC[C@H]2[C@@H]3CCC4=CC(=O)CC[C@]4(C)[C@H]3CC[C@]12C,0
000126-07-8,Griseofulvin,COC1=CC(=O)C[C@@H](C)[C@]12Oc1c(Cl)c(OC)cc(OC)c1C2=O,0
063675-72-9,Nisoldipine,COC(=O)C1=C(C)NC(C)=C(C(=O)OCC(C)C)C1c1ccccc1[N+](=O)[O-],0
000058-40-2,Promazine,CN(C)CCCN1c2ccccc2Sc2ccccc21,0
000052-01-7,Spironolactone,CC(=O)S[C@@H]1CC2=CC(=O)CC[C@]2(C)[C@H]2CC[C@@]3(C)[C@@H](CC[C@@]34CCC(=O)O4)[C@H]12,0
000113-45-1,Methylphenidate,COC(=O)C(c1ccccc1)C1CCCCN1,0
000101-31-5,Hyoscyamine,CN1[C@@H]2CC[C@H]1C[C@@H](OC(=O)[C@H](CO)c1ccccc1)C2,0
000486-12-4,Triprolidine,Cc1ccc(/C(=C\CN2CCCC2)c2ccccn2)cc1,0
000378-44-9,Betamethasone,C[C@H]1C[C@H]2[C@@H]3CCC4=CC(=O)C=C[C@]4(C)[C@@]3(F)[C@@H](O)C[C@]2(C)[C@@]1(O)C(=O)CO,0
000056-75-7,Chloramphenicol,O=C(N[C@H](CO)[C@H](O)c1ccc([N+](=O)[O-])cc1)C(Cl)Cl,0
000057-42-1,Meperidine,CCOC(=O)C1(c2ccccc2)CCN(C)CC1,0
000050-49-7,Imipramine,CN(C)CCCN1c2ccccc2CCc2ccccc21,0
042924-53-8,Nabumetone,COc1ccc2cc(CCC(C)=O)ccc2c1,0
000130-95-0,Quinine,C=C[C@H]1C[N@@]2CC[C@H]1C[C@H]2[C@H](O)c1ccnc2ccc(OC)cc12,0
000532-77-4,Hexylcaine,CC(CNC1CCCCC1)OC(=O)c1ccccc1,0
000050-53-3,Chlorpromazine,CN(C)CCCN1c2ccccc2Sc2ccc(Cl)cc21,1
000645-05-6,Altretamine,CN(C)c1nc(N(C)C)nc(N(C)C)n1,0
003930-20-9,Sotalol,CC(C)NCC(O)c1ccc(NS(C)(=O)=O)cc1,0
036505-84-7,Buspirone,O=C1CC2(CCCC2)CC(=O)N1CCCCN1CCN(c2ncccn2)CC1,0
000076-42-6,Oxycodone,COc1ccc2c3c1O[C@H]1C(=O)CC[C@@]4(O)[C@@H](C2)N(C)CC[C@]314,0
000083-12-5,Phenindione,O=C1c2ccccc2C(=O)C1c1ccccc1,0
026171-23-3,Tolmetin,Cc1ccc(C(=O)c2ccc(CC(=O)O)n2C)cc1,0
051481-61-9,Cimetidine,CN/C(=N/C#N)NCCSCc1nc[nH]c1C,0
000152-02-3,Levallorphan,C=CCN1CC[C@]23CCCC[C@H]2[C@H]1Cc1ccc(O)cc13,0
000060-32-2,Aminocaproic acid,NCCCCCC(=O)O,0
000125-71-3,Dextromethorphan,COc1ccc2c(c1)[C@]13CCCC[C@@H]1[C@H](C2)N(C)CC3,0
017560-51-9,Metolazone,Cc1ccccc1N1C(=O)c2cc(S(N)(=O)=O)c(Cl)cc2NC1C,0
002398-96-1,Tolnaftate,Cc1cccc(N(C)C(=S)Oc2ccc3ccccc3c2)c1,1
000050-18-0,Cyclophosphamide,O=P1(N(CCCl)CCCl)NCCCO1,0
085721-33-1,Ciprofloxacin,O=C(O)c1cn(C2CC2)c2cc(N3CCNCC3)c(F)cc2c1=O,0
000072-69-5,Nortriptyline,CNCCC=C1c2ccccc2CCc2ccccc21,0
014028-44-5,Amoxapine,Clc1ccc2c(c1)C(N1CCNCC1)=Nc1ccccc1O2,0
000546-88-3,Acetohydroxamic acid,CC(=O)NO,0
000298-81-7,Methoxsalen,COc1c2occc2cc2ccc(=O)oc12,0
036322-90-4,Piroxicam,CN1C(C(=O)Nc2ccccn2)=C(O)c2ccccc2S1(=O)=O,0
084057-84-1,Lamotrigine,Nc1nnc(-c2cccc(Cl)c2Cl)c(N)n1,0
000068-88-2,Hydroxyzine,OCCOCCN1CCN(C(c2ccccc2)c2ccc(Cl)cc2)CC1,0
000091-33-8,Benzthiazide,NS(=O)(=O)c1cc2c(cc1Cl)N=C(CSCc1ccccc1)NS2(=O)=O,0
000059-05-2,Methotrexate,CN(Cc1cnc2nc(=N)[nH]c(N)c2n1)c1ccc(C(=O)N[C@@H](CCC(=O)O)C(=O)O)cc1,0
000298-57-7,Cinnarizine,C(=C/c1ccccc1)\CN1CCN(C(c2ccccc2)c2ccccc2)CC1,1
000525-66-6,Propranolol,CC(C)NCC(O)COc1cccc2ccccc12,0
000051-55-8,Atropine,CN1[C@@H]2CC[C@H]1C[C@@H](OC(=O)C(CO)c1ccccc1)C2,0
000458-24-2,Fenfluramine,CCNC(C)Cc1cccc(C(F)(F)F)c1,0
004205-90-7,Clonidine,Clc1cccc(Cl)c1NC1=NCCN1,0
022232-71-9,Mazindol,OC1(c2ccc(Cl)cc2)c2ccccc2C2=NCCN21,0
000110-85-0,Piperazine,C1CNCCN1,0
000103-16-2,Monobenzone,Oc1ccc(OCc2ccccc2)cc1,0
000071-58-9,Medroxyprogesterone acetate,CC(=O)O[C@]1(C(C)=O)CC[C@H]2[C@@H]3C[C@H](C)C4=CC(=O)CC[C@]4(C)[C@H]3CC[C@@]21C,0
002259-96-3,Cyclothiazide,NS(=O)(=O)c1cc2c(cc1Cl)NC(C1CC3C=CC1C3)NS2(=O)=O,0
000054-05-7,Chloroquine,CCN(CC)CCCC(C)Nc1ccnc2cc(Cl)ccc12,0
066722-44-9,Bisoprolol,CC(C)NCC(O)COc1ccc(COCCOC(C)C)cc1,0
000067-45-8,Furazolidone,O=C1OCCN1/N=C/c1ccc([N+](=O)[O-])o1,0
000115-67-3,Paramethadione,CCC1(C)OC(=O)N(C)C1=O,0
000124-94-7,Triamcinolone,C[C@]12C=CC(=O)C=C1CC[C@H]1[C@@H]3C[C@@H](O)[C@](O)(C(=O)CO)[C@@]3(C)C[C@H](O)[C@@]12F,0
000053-39-4,Oxandrolone,C[C@]12COC(=O)C[C@@H]1CC[C@@H]1[C@@H]2CC[C@@]2(C)[C@H]1CC[C@]2(C)O,0
000058-22-0,Testosterone,C[C@]12CC[C@H]3[C@@H](CCC4=CC(=O)CC[C@@]43C)[C@@H]1CC[C@@H]2O,0
000053-03-2,Prednisone,C[C@]12C=CC(=O)C=C1CC[C@@H]1[C@@H]2C(=O)C[C@@]2(C)[C@H]1CC[C@]2(O)C(=O)CO,0
000637-07-0,Clofibrate,CCOC(=O)C(C)(C)Oc1ccc(Cl)cc1,0
079902-63-9,Simvastatin,CCC(C)(C)C(=O)O[C@H]1C[C@@H](C)C=C2C=C[C@H](C)[C@H](CC[C@@H]3C[C@@H](O)CC(=O)O3)[C@H]21,0
000479-18-5,Dyphylline,Cn1c(=O)c2c(ncn2CC(O)CO)n(C)c1=O,0
000359-83-1,Pentazocine,CC(C)=CCN1CCC2(C)c3cc(O)ccc3CC1C2C,0
019794-93-5,Trazodone,O=c1n(CCCN2CCN(c3cccc(Cl)c3)CC2)nc2ccccn12,0
000052-53-9,Verapamil,COc1ccc(CCN(C)CCCC(C#N)(c2ccc(OC)c(OC)c2)C(C)C)cc1OC,0
000051-43-4,Epinephrine,CNC[C@H](O)c1ccc(O)c(O)c1,0
103628-46-2,Sumatriptan,CNS(=O)(=O)Cc1ccc2[nH]cc(CCN(C)C)c2c1,0
000055-91-4,Isoflurophate,CC(C)OP(=O)(F)OC(C)C,0
000081-81-2,Warfarin,CC(=O)CC(c1ccccc1)c1c(O)c2ccccc2oc1=O,0
000113-15-5,Ergotamine,CN1C[C@H](C(=O)N[C@]2(C)O[C@@]3(O)[C@@H]4CCCN4C(=O)[C@H](Cc4ccccc4)N3C2=O)C=C2c3cccc4[nH]cc(c34)C[C@H]21,0
000554-57-4,Methazolamide,CC(=O)/N=c1/sc(S(N)(=O)=O)nn1C,0
016590-41-3,Naltrexone,O=C1CC[C@@]2(O)[C@H]3Cc4ccc(O)c5c4[C@@]2(CCN3CC2CC2)[C@H]1O5,0
056030-54-7,Sufentanil,CCC(=O)N(c1ccccc1)C1(COC)CCN(CCc2cccs2)CC1,0
005104-49-4,Flurbiprofen,CC(C(=O)O)c1ccc(-c2ccccc2)c(F)c1,0
061869-08-7,Paroxetine,Fc1ccc([C@@H]2CCNC[C@H]2COc2ccc3c(c2)OCO3)cc1,0
003964-81-6,Azatadine,CN1CCC(=C2c3ccccc3CCc3cccnc32)CC1,0
000059-46-1,Procaine,CCN(CC)CCOC(=O)c1ccc(N)cc1,0
000390-28-3,Methoxamine,COc1ccc(OC)c(C(O)C(C)N)c1,0
000148-79-8,Thiabendazole,c1ccc2[nH]c(-c3cscn3)nc2c1,0
000050-23-7,Hydrocortisone,C[C@]12CCC(=O)C=C1CC[C@@H]1[C@@H]2[C@@H](O)C[C@@]2(C)[C@H]1CC[C@]2(O)C(=O)CO,0
000051-34-3,Scopolamine,CN1[C@@H]2C[C@@H](OC(=O)[C@H](CO)c3ccccc3)C[C@H]1[C@@H]1O[C@@H]12,0
000721-50-6,Prilocaine,CCCNC(C)C(=O)Nc1ccccc1C,0
000155-09-9,Tranylcypromine,NC1CC1c1ccccc1,0
000070-30-4,Hexachlorophene,Oc1c(Cl)cc(Cl)c(Cl)c1Cc1c(O)c(Cl)cc(Cl)c1Cl,1
000063-12-7,Benzquinamide,CCN(CC)C(=O)C1CN2CCc3cc(OC)c(OC)cc3C2CC1OC(C)=O,0
000076-47-1,Hydrocortamate,CCN(CC)CC(=O)OCC(=O)[C@@]1(O)CC[C@H]2[C@@H]3CCC4=CC(=O)CC[C@]4(C)[C@H]3[C@@H](O)C[C@@]21C,0
000121-75-5,Malathion,CCOC(=O)CC(SP(=S)(OC)OC)C(=O)OCC,0
000362-29-8,Propiomazine,CCC(=O)c1ccc2c(c1)N(CC(C)N(C)C)c1ccccc1S2,0
000051-71-8,Phenelzine,NNCCc1ccccc1,0
000050-28-2,Estradiol,C[C@]12CC[C@@H]3c4ccc(O)cc4CC[C@H]3[C@@H]1CC[C@@H]2O,0
022204-53-1,Naproxen,COc1ccc2cc([C@H](C)C(=O)O)ccc2c1,0
000091-81-6,Tripelennamine,CN(C)CCN(Cc1ccccc1)c1ccccn1,0
000125-33-7,Primidone,CCC1(c2ccccc2)C(=O)NCNC1=O,0
006493-05-6,Pentoxifylline,CC(=O)CCCCn1c(=O)c2c(ncn2C)n(C)c1=O,0
001508-75-4,Tropicamide,CCN(Cc1ccncc1)C(=O)C(CO)c1ccccc1,0
000514-65-8,Biperiden,OC(CCN1CCCCC1)(c1ccccc1)C1CC2C=CC1C2,0
000050-33-9,Phenylbutazone,CCCCC1C(=O)N(c2ccccc2)N(c2ccccc2)C1=O,0
000437-38-7,Fentanyl,CCC(=O)N(c1ccccc1)C1CCN(CCc2ccccc2)CC1,0
002078-54-8,Propofol,CC(C)c1cccc(C(C)C)c1O,0
002216-51-5,Levomenthol,CC(C)[C@@H]1CC[C@@H](C)C[C@H]1O,0
000134-49-6,Phenmetrazine,CC1NCCOC1c1ccccc1,0
000086-34-0,Phensuximide,CN1C(=O)CC(c2ccccc2)C1=O,0
053179-11-6,Loperamide,CN(C)C(=O)C(CCN1CCC(O)(c2ccc(Cl)cc2)CC1)(c1ccccc1)c1ccccc1,1
000058-39-9,Perphenazine,OCCN1CCN(CCCN2c3ccccc3Sc3ccc(Cl)cc32)CC1,0
000090-82-4,Pseudoephedrine,CN[C@@H](C)[C@@H](O)c1ccccc1,0
000077-07-6,Levorphanol,CN1CC[C@]23CCCC[C@H]2[C@H]1Cc1ccc(O)cc13,0
000058-19-5,Drostanolone,C[C@@H]1C[C@@]2(C)[C@@H](CC[C@@H]3[C@@H]2CC[C@]2(C)[C@@H](O)CC[C@@H]32)CC1=O,0
000052-67-5,Penicillamine,CC(C)(S)[C@@H](N)C(=O)O,0
000050-24-8,Prednisolone,C[C@]12C=CC(=O)C=C1CC[C@@H]1[C@@H]2[C@@H](O)C[C@@]2(C)[C@H]1CC[C@]2(O)C(=O)CO,0
066357-35-5,Ranitidine,CNC(=C[N+](=O)[O-])NCCSCc1ccc(CN(C)C)o1,0
000156-08-1,Benzphetamine,C[C@@H](Cc1ccccc1)N(C)Cc1ccccc1,0
013655-52-2,Alprenolol,C=CCc1ccccc1OCC(O)CNC(C)C,0
000093-14-1,Guaifenesin,COc1ccccc1OCC(O)CO,0
000058-94-6,Chlorothiazide,NS(=O)(=O)c1cc2c(cc1Cl)NC=NS2(=O)=O,0
000144-83-2,Sulfapyridine,Nc1ccc(S(=O)(=O)Nc2ccccn2)cc1,0
000050-36-2,Cocaine,COC(=O)[C@H]1[C@@H](OC(=O)c2ccccc2)C[C@@H]2CC[C@H]1N2C,0
000056-54-2,Quinidine,C=C[C@H]1CN2CC[C@H]1C[C@@H]2[C@@H](O)c1ccnc2ccc(OC)cc12,0
068291-97-4,Zonisamide,NS(=O)(=O)Cc1noc2ccccc12,0
000144-14-9,Anileridine,CCOC(=O)C1(c2ccccc2)CCN(CCc2ccc(N)cc2)CC1,0
000443-48-1,Metronidazole,Cc1ncc([N+](=O)[O-])n1CCO,0
052485-79-7,Buprenorphine,CO[C@]12CC[C@@]3(C[C@@H]1[C@](C)(O)C(C)(C)C)[C@H]1Cc4ccc(O)c5c4[C@@]3(CCN1CC1CC1)[C@H]2O5,0
010262-69-8,Maprotiline,CNCCCC12CCC(c3ccccc31)c1ccccc12,0
001491-59-4,Oxymetazoline,Cc1cc(C(C)(C)C)c(O)c(C)c1CC1=NCCN1,0
000090-84-6,Diethylpropion,CCN(CC)C(C)C(=O)c1ccccc1,0
000435-97-2,Phenprocoumon,CCC(c1ccccc1)c1c(O)c2ccccc2oc1=O,0
000054-85-3,Isoniazid,NNC(=O)c1ccncc1,0
000125-29-1,Hydrocodone,COc1ccc2c3c1O[C@H]1C(=O)CC[C@H]4[C@@H](C2)N(C)CC[C@]314,0
000083-43-2,Methylprednisolone,C[C@H]1C[C@@H]2[C@H]([C@@H](O)C[C@@]3(C)[C@H]2CC[C@]3(O)C(=O)CO)[C@@]2(C)C=CC(=O)C=C12,0
013523-86-9,Pindolol,CC(C)NCC(O)COc1cccc2[nH]ccc12,0
000058-32-2,Dipyridamole,OCCN(CCO)c1nc(N2CCCCC2)c2nc(N(CCO)CCO)nc(N3CCCCC3)c2n1,0
000512-15-2,Cyclopentolate,CN(C)CCOC(=O)C(c1ccccc1)C1(O)CCCC1,0
000051-61-6,Dopamine,NCCc1ccc(O)c(O)c1,0
000058-93-5,Hydrochlorothiazide,NS(=O)(=O)c1cc2c(cc1Cl)NCNS2(=O)=O,0
022071-15-4,Ketoprofen,CC(C(=O)O)c1cccc(C(=O)c2ccccc2)c1,0
000054-36-4,Metyrapone,CC(C)(C(=O)c1cccnc1)c1cccnc1,0
000723-46-6,Sulfamethoxazole,Cc1cc(NS(=O)(=O)c2ccc(N)cc2)no1,0
000133-67-5,Trichlormethiazide,NS(=O)(=O)c1cc2c(cc1Cl)NC(C(Cl)Cl)NS2(=O)=O,0
072509-76-3,Felodipine,CCOC(=O)C1=C(C)NC(C)=C(C(=O)OC)C1c1cccc(Cl)c1Cl,0
000076-38-0,Methoxyflurane,COC(F)(F)C(Cl)Cl,0
000057-66-9,Probenecid,CCCN(CCC)S(=O)(=O)c1ccc(C(=O)O)cc1,0
000051-06-9,Procainamide,CCN(CC)CCNC(=O)c1ccc(N)cc1,0
014611-51-9,Selegiline,C#CCN(C)[C@H](C)Cc1ccccc1,0
019982-08-2,Memantine,CC12CC3CC(C)(C1)CC(N)(C3)C2,0
015687-27-1,Ibuprofen,CC(C)Cc1ccc(C(C)C(=O)O)cc1,0
039562-70-4,Nitrendipine,CCOC(=O)C1=C(C)NC(C)=C(C(=O)OC)C1c1cccc([N+](=O)[O-])c1,0
055268-74-1,Praziquantel,O=C(C1CCCCC1)N1CC(=O)N2CCc3ccccc3C2C1,0
070458-96-7,Norfloxacin,CCn1cc(C(=O)O)c(=O)c2cc(F)c(N3CCNCC3)cc21,0
002751-68-0,Acetophenazine,CC(=O)c1ccc2c(c1)N(CCCN1CCN(CCO)CC1)c1ccccc1S2,0
000060-87-7,Promethazine,CC(CN1c2ccccc2Sc2ccccc21)N(C)C,0
000094-09-7,Benzocaine,CCOC(=O)c1ccc(N)cc1,0
000090-34-6,Primaquine,COc1cc(NC(C)CCCN)c2ncccc2c1,0
000520-33-2,Hesperetin,COc1ccc([C@@H]2CC(=O)c3c(O)cc(O)cc3O2)cc1O,0
079617-96-2,Sertraline,CN[C@H]1CC[C@@H](c2ccc(Cl)c(Cl)c2)c2ccccc21,1
021829-25-4,Nifedipine,COC(=O)C1=C(C)NC(C)=C(C(=O)OC)C1c1ccccc1[N+](=O)[O-],0
000364-98-7,Diazoxide,CC1=NS(=O)(=O)c2cc(Cl)ccc2N1,0
000092-62-6,Proflavine,Nc1ccc2cc3ccc(N)cc3nc2c1,0
000117-37-3,Anisindione,COc1ccc(C2C(=O)c3ccccc3C2=O)cc1,0
001668-19-5,Doxepin,CN(C)CCC=C1c2ccccc2COc2ccccc21,0
015301-69-6,Flavoxate,Cc1c(-c2ccccc2)oc2c(C(=O)OCCN3CCCCC3)cccc2c1=O,0
000050-47-5,Desipramine,CNCCCN1c2ccccc2CCc2ccccc21,0
071320-77-9,Moclobemide,O=C(NCCN1CCOCC1)c1ccc(Cl)cc1,0
000083-98-7,Orphenadrine,Cc1ccccc1C(OCCN(C)C)c1ccccc1,0
000082-92-8,Cyclizine,CN1CCN(C(c2ccccc2)c2ccccc2)CC1,0
000080-77-3,Chlormezanone,CN1C(=O)CCS(=O)(=O)C1c1ccc(Cl)cc1,0
054063-53-5,Propafenone,CCCNCC(O)COc1ccccc1C(=O)CCc1ccccc1,0
000076-43-7,Fluoxymesterone,C[C@]1(O)CC[C@H]2[C@@H]3CCC4=CC(=O)CC[C@]4(C)[C@@]3(F)[C@@H](O)C[C@@]21C,0
000076-41-5,Oxymorphone,CN1CC[C@]23c4c5ccc(O)c4O[C@H]2C(=O)CC[C@@]3(O)[C@H]1C5,0
062571-86-2,Captopril,C[C@H](CS)C(=O)N1CCC[C@H]1C(=O)O,0
042200-33-9,Nadolol,CC(C)(C)NCC(O)COc1cccc2c1C[C@H](O)[C@H](O)C2,0
120511-73-1,Anastrozole,CC(C)(C#N)c1cc(Cn2cncn2)cc(C(C)(C)C#N)c1,0
051333-22-3,Budesonide,CCCC1O[C@@H]2C[C@H]3[C@@H]4CCC5=CC(=O)C=C[C@]5(C)[C@H]4[C@@H](O)C[C@]3(C)[C@]2(C(=O)CO)O1,0
000972-02-1,Diphenidol,OC(CCCN1CCCCC1)(c1ccccc1)c1ccccc1,0
000364-62-5,Metoclopramide,CCN(CC)CCNC(=O)c1cc(Cl)c(N)cc1OC,0
000050-02-2,Dexamethasone,C[C@@H]1C[C@H]2[C@@H]3CCC4=CC(=O)C=C[C@]4(C)[C@@]3(F)[C@@H](O)C[C@]2(C)[C@@]1(O)C(=O)CO,0
000059-92-7,Levodopa,N[C@@H](Cc1ccc(O)c(O)c1)C(=O)O,0
000113-59-7,Chlorprothixene,CN(C)CC/C=C1/c2ccccc2Sc2ccc(Cl)cc21,1
025812-30-0,Gemfibrozil,Cc1ccc(C)c(OCCCC(C)(C)C(=O)O)c1,0
000303-49-1,Clomipramine,CN(C)CCCN1c2ccccc2CCc2ccc(Cl)cc21,1
000059-63-2,Isocarboxazid,Cc1cc(C(=O)NNCc2ccccc2)no1,0
000086-54-4,Hydralazine,NNc1nncc2ccccc12,0
000073-49-4,Quinethazone,CCC1NC(=O)c2cc(S(N)(=O)=O)c(Cl)cc2N1,0
000072-33-3,Mestranol,C#C[C@]1(O)CC[C@H]2[C@@H]3CCc4cc(OC)ccc4[C@H]3CC[C@@]21C,0
000299-42-3,Ephedrine,CN[C@@H](C)[C@H](O)c1ccccc1,0
000146-48-5,Yohimbine,COC(=O)[C@@H]1[C@H]2C[C@H]3c4[nH]c5ccccc5c4CCN3C[C@@H]2CC[C@@H]1O,0
000064-86-8,Colchicine,COc1cc2c(c(OC)c1OC)-c1ccc(OC)c(=O)cc1[C@@H](NC(C)=O)CC2,0
000071-63-6,Digitoxin,C[C@H]1O[C@@H](O[C@H]2[C@@H](O)C[C@H](O[C@H]3[C@@H](O)C[C@H](O[C@H]4CC[C@@]5(C)[C@H](CC[C@@H]6[C@@H]5CC[C@]5(C)[C@@H](C7=CC(=O)OC7)CC[C@]65O)C4)O[C@@H]3C)O[C@@H]2C)C[C@H](O)[C@@H]1O,0
000552-94-3,Salsalate,O=C(Oc1ccccc1C(=O)O)c1ccccc1O,0
000060-99-1,Methotrimeprazine,COc1ccc2c(c1)N(C[C@H](C)CN(C)C)c1ccccc1S2,0
000152-72-7,Acenocoumarol,CC(=O)CC(c1ccc([N+](=O)[O-])cc1)c1c(O)c2ccccc2oc1=O,0
000057-85-2,Testosterone propionate,CCC(=O)O[C@H]1CC[C@H]2[C@@H]3CCC4=CC(=O)CC[C@]4(C)[C@H]3CC[C@]12C,0
004008-48-4,Nitroxoline,O=[N+]([O-])c1ccc(O)c2ncccc12,0
004360-12-7,Ajmaline,CC[C@H]1[C@@H]2C[C@H]3[C@@H]4N(C)c5ccccc5[C@]45C[C@@H](C2[C@H]5O)N3[C@@H]1O,0
000131-57-7,Oxybenzone,COc1ccc(C(=O)c2ccccc2)c(O)c1,0
037640-71-4,Aprindine,CCN(CC)CCCN(c1ccccc1)C1Cc2ccccc2C1,0
000524-84-5,Dimethylthiambutene,CC(C=C(c1cccs1)c1cccs1)N(C)C,0
000487-93-4,Bufotenine,CN(C)CCc1c[nH]c2ccc(O)cc12,0
002385-81-1,Furethidine,CCOC(=O)C1(c2ccccc2)CCN(CCOCC2CCCO2)CC1,0
000076-58-4,Ethylmorphine,CCOc1ccc2c3c1O[C@H]1[C@@H](O)C=C[C@H]4[C@@H](C2)N(C)CC[C@@]341,0
000441-61-2,Ethylmethylthiambutene,CCN(C)C(C)C=C(c1cccs1)c1cccs1,0
001605-89-6,Bolasterone,C[C@@H]1CC2=CC(=O)CC[C@]2(C)[C@H]2CC[C@@]3(C)[C@@H](CC[C@]3(C)O)[C@H]12,0
000468-59-7,Betaprodine,CCC(=O)O[C@]1(c2ccccc2)CCN(C)C[C@H]1C,0
000467-86-7,Dioxaphetyl butyrate,CCOC(=O)C(CCN1CCOCC1)(c1ccccc1)c1ccccc1,0
000492-39-7,Cathine,C[C@H](N)[C@@H](O)c1ccccc1,0
014521-96-1,Etorphine,CCCC(C)(O)C1C[C@@]23C=CC1(OC)C1Oc4c(O)ccc5c4[C@@]12CCN(C)[C@@H]3C5,0
000468-51-9,Alphameprodine,CCC(=O)O[C@]1(c2ccccc2)CCN(C)C[C@@H]1CC,0
000552-25-0,Diampromide,CCC(=O)N(CC(C)N(C)CCc1ccccc1)c1ccccc1,0
000469-82-9,Etoxeridine,CCOC(=O)C1(c2ccccc2)CCN(CCOCCO)CC1,0
004764-17-4,Tenamfetamine,CC(N)Cc1ccc2c(c1)OCO2,0
001239-29-8,Furazabol,C[C@]12Cc3nonc3C[C@@H]1CC[C@@H]1[C@@H]2CC[C@@]2(C)[C@H]1CC[C@]2(C)O,0
000519-09-5,Benzoylecgonine,CN1[C@H]2CC[C@@H]1[C@@H](C(=O)O)[C@@H](OC(=O)c1ccccc1)C2,0
003691-78-9,Benzethidine,CCOC(=O)C1(c2ccccc2)CCN(CCOCc2ccccc2)CC1,0
000481-37-8,Ecgonine,CN1[C@H]2CC[C@@H]1[C@@H](C(=O)O)[C@@H](O)C2,0
000357-56-2,Dextromoramide,C[C@H](CN1CCOCC1)C(C(=O)N1CCCC1)(c1ccccc1)c1ccccc1,0
000427-00-9,Desomorphine,CN1CC[C@]23c4c5ccc(O)c4O[C@H]2CCC[C@H]3[C@H]1C5,0
000063-05-8,Androstenedione,C[C@]12CCC(=O)C=C1CC[C@@H]1[C@@H]2CC[C@]2(C)C(=O)CC[C@@H]12,0
003861-72-1,Acetyldihydrocodeine,COc1ccc2c3c1O[C@H]1[C@@H](OC(C)=O)CC[C@H]4[C@@H](C2)N(C)CC[C@@]341,0
000846-48-0,Boldenone,C[C@]12CC[C@H]3[C@@H](CCC4=CC(=O)C=C[C@@]43C)[C@@H]1CC[C@@H]2O,0
025384-17-2,Allylprodine,C=CCC1CN(C)CCC1(OC(=O)CC)c1ccccc1,0
000468-50-8,Betameprodine,CCC(=O)O[C@]1(c2ccccc2)CCN(C)C[C@H]1CC,0
000461-78-9,Chlorphentermine,CC(C)(N)Cc1ccc(Cl)cc1,0
017021-26-0,Calusterone,C[C@H]1CC2=CC(=O)CC[C@]2(C)[C@H]2CC[C@@]3(C)[C@@H](CC[C@]3(C)O)[C@H]12,0
000509-60-4,Dihydromorphine,CN1CC[C@]23c4c5ccc(O)c4O[C@H]2[C@@H](O)CC[C@H]3[C@H]1C5,0
014297-87-1,Benzylmorphine,CN1CC[C@]23c4c5ccc(OCc6ccccc6)c4O[C@H]2[C@@H](O)C=C[C@H]3[C@H]1C5,0
000051-64-9,Dextroamphetamine,C[C@H](N)Cc1ccccc1,0
000634-03-7,Phendimetrazine,C[C@H]1[C@H](c2ccccc2)OCCN1C,0
006452-71-7,Oxprenolol,C=CCOc1ccccc1OCC(O)CNC(C)C,0
000127-79-7,Sulfamerazine,Cc1ccnc(NS(=O)(=O)c2ccc(N)cc2)n1,0
000057-68-1,Sulfamethazine,Cc1cc(C)nc(NS(=O)(=O)c2ccc(N)cc2)n1,0
002622-26-6,Periciazine,N#Cc1ccc2c(c1)N(CCCN1CCC(O)CC1)c1ccccc1S2,0
000118-42-3,Hydroxychloroquine,CCN(CCO)CCCC(C)Nc1ccnc2cc(Cl)ccc12,0
000061-00-7,Acepromazine,CC(=O)c1ccc2c(c1)N(CCCN(C)C)c1ccccc1S2,0
000082-88-2,Phenindamine,CN1CCC2=C(C1)C(c1ccccc1)c1ccccc12,0
000086-21-5,Pheniramine,CN(C)CCC(c1ccccc1)c1ccccn1,0
000316-81-4,Thioproperazine,CN1CCN(CCCN2c3ccccc3Sc3ccc(S(=O)(=O)N(C)C)cc32)CC1,0
005591-45-7,Thiothixene,CN1CCN(CC/C=C2/c3ccccc3Sc3ccc(S(=O)(=O)N(C)C)cc32)CC1,0
000555-57-7,Pargyline,C#CCN(C)Cc1ccccc1,0
000053-43-0,Prasterone,C[C@]12CC[C@H](O)CC1=CC[C@@H]1[C@@H]2CC[C@]2(C)C(=O)CC[C@@H]12,0
000474-86-2,Equilin,C[C@]12CC[C@H]3C(=CCc4cc(O)ccc43)[C@@H]1CCC2=O,0
000521-18-6,Stanolone,C[C@]12CCC(=O)C[C@@H]1CC[C@@H]1[C@@H]2CC[C@]2(C)[C@@H](O)CC[C@@H]12,0
000108-95-2,Phenol,Oc1ccccc1,0
000077-10-1,Phencyclidine,c1ccc(C2(N3CCCCC3)CCCCC2)cc1,0
000129-20-4,Oxyphenbutazone,CCCCC1C(=O)N(c2ccccc2)N(c2ccc(O)cc2)C1=O,0
000062-44-2,Phenacetin,CCOc1ccc(NC(C)=O)cc1,0
000110-16-7,Maleic acid,O=C(O)/C=C\C(=O)O,0
003902-71-4,Trioxsalen,Cc1cc2cc3c(C)cc(=O)oc3c(C)c2o1,0
000052-24-4,Thiotepa,S=P(N1CC1)(N1CC1)N1CC1,0
000050-27-1,Estriol,C[C@]12CC[C@@H]3c4ccc(O)cc4CC[C@H]3[C@@H]1C[C@@H](O)[C@@H]2O,0
051803-78-2,Nimesulide,CS(=O)(=O)Nc1ccc([N+](=O)[O-])cc1Oc1ccccc1,0
000097-18-7,Bithionol,Oc1c(Cl)cc(Cl)cc1Sc1cc(Cl)cc(Cl)c1O,1
000054-92-2,Iproniazid,CC(C)NNC(=O)c1ccncc1,0
000091-80-5,Methapyrilene,CN(C)CCN(Cc1cccs1)c1ccccn1,0
024526-64-5,Nomifensine,CN1Cc2c(N)cccc2C(c2ccccc2)C1,0
000468-61-1,Oxeladin,CCN(CC)CCOCCOC(=O)C(CC)(CC)c1ccccc1,0
000390-64-7,Prenylamine,CC(Cc1ccccc1)NCCC(c1ccccc1)c1ccccc1,1
000086-12-4,Thenalidine,CN1CCC(N(Cc2cccs2)c2ccccc2)CC1,0
000072-44-6,Methaqualone,Cc1ccccc1-n1c(C)nc2ccccc2c1=O,0
057574-09-1,Amineptine,O=C(O)CCCCCCNC1c2ccccc2CCc2ccccc21,0
000791-35-5,Clofedanol,CN(C)CCC(O)(c1ccccc1)c1ccccc1Cl,0
000456-59-7,Cyclandelate,CC1CC(OC(=O)C(O)c2ccccc2)CC(C)(C)C1,0
052468-60-7,Flunarizine,Fc1ccc(C(c2ccc(F)cc2)N2CCN(C/C=C/c3ccccc3)CC2)cc1,1
000058-46-8,Tetrabenazine,COc1cc2c(cc1OC)C1CC(=O)C(CC(C)C)CN1CC2,0
092623-85-3,Milnacipran,CCN(CC)C(=O)C1(c2ccccc2)CC1CN,0
000077-41-8,Methsuximide,CN1C(=O)CC(C)(c2ccccc2)C1=O,0
000072-14-0,Sulfathiazole,Nc1ccc(S(=O)(=O)Nc2nccs2)cc1,0
024219-97-4,Mianserin,CN1CCN2c3ccccc3Cc3ccccc3C2C1,0
000434-07-1,Oxymetholone,C[C@]12C/C(=C/O)C(=O)C[C@@H]1CC[C@@H]1[C@@H]2CC[C@@]2(C)[C@H]1CC[C@]2(C)O,0
005638-76-6,Betahistine,CNCCc1ccccn1,0
000835-31-4,Naphazoline,c1ccc2c(CC3=NCCN3)cccc2c1,0
010418-03-8,Stanozolol,C[C@]12Cc3c[nH]nc3C[C@@H]1CC[C@@H]1[C@@H]2CC[C@@]2(C)[C@H]1CC[C@]2(C)O,0
000526-08-9,Sulfaphenazole,Nc1ccc(S(=O)(=O)Nc2ccnn2-c2ccccc2)cc1,0
000469-79-4,Ketobemidone,CCC(=O)C1(c2cccc(O)c2)CCN(C)CC1,0
000100-97-0,Methenamine,C1N2CN3CN1CN(C2)C3,0
002167-85-3,Pipazethate,O=C(OCCOCCN1CCCCC1)N1c2ccccc2Sc2cccnc21,0
000729-99-7,Sulfamoxole,Cc1nc(NS(=O)(=O)c2ccc(N)cc2)oc1C,0
000091-75-8,Antazoline,c1ccc(CN(CC2=NCCN2)c2ccccc2)cc1,0
005636-83-9,Dimetindene,CC(C1=C(CCN(C)C)Cc2ccccc21)c1ccccn1,0
000482-15-5,Isothipendyl,CC(CN1c2ccccc2Sc2cccnc21)N(C)C,0
000051-35-4,Hydroxyproline,O=C(O)[C@@H]1C[C@@H](O)CN1,0
036330-85-5,Fenbufen,O=C(O)CCC(=O)c1ccc(-c2ccccc2)cc1,0
000127-71-9,Sulfabenzamide,Nc1ccc(S(=O)(=O)NC(=O)c2ccccc2)cc1,0
000434-22-0,Nandrolone,C[C@]12CC[C@H]3[C@@H](CCC4=CC(=O)CC[C@@H]43)[C@@H]1CC[C@@H]2O,0
053583-79-2,Sultopride,CCN1CCCC1CNC(=O)c1cc(S(=O)(=O)CC)ccc1OC,0
000479-92-5,Propyphenazone,Cc1c(C(C)C)c(=O)n(-c2ccccc2)n1C,0
014698-29-4,Oxolinic acid,CCn1cc(C(=O)O)c(=O)c2cc3c(cc21)OCO3,0
000057-67-0,Sulfaguanidine,N=C(N)NS(=O)(=O)c1ccc(N)cc1,0
000080-35-3,Sulfamethoxypyridazine,COc1ccc(NS(=O)(=O)c2ccc(N)cc2)nn1,0
000051-79-6,Urethane,CCOC(N)=O,0
000068-41-7,Cycloserine,N[C@H]1CONC1=O,0
000098-96-4,Pyrazinamide,NC(=O)c1cnccn1,0
000077-67-8,Ethosuximide,CCC1(C)CC(=O)NC1=O,0
000065-45-2,Salicylamide,NC(=O)c1ccccc1O,0
000056-85-9,L-Glutamine,NC(=O)CC[C@H](N)C(=O)O,0
000315-30-0,Allopurinol,Oc1ncnc2[nH]ncc12,0
000095-25-0,Chlorzoxazone,O=c1[nH]c2cc(Cl)ccc2o1,0
000536-33-4,Ethionamide,CCc1cc(C(N)=S)ccn1,0
000051-52-5,Propylthiouracil,CCCc1cc(=O)[nH]c(=S)[nH]1,0
000103-90-2,Acetaminophen,CC(=O)Nc1ccc(O)cc1,0
102767-28-2,Levetiracetam,CC[C@@H](C(N)=O)N1CCCC1=O,0
000126-52-3,Ethinamate,C#CC1(OC(N)=O)CCCCC1,0
000083-67-0,Theobromine,Cn1cnc2c1c(=O)[nH]c(=O)n2C,0
002152-34-3,Pemoline,NC1=NC(=O)C(c2ccccc2)O1,0
000063-98-9,Phenacemide,NC(=O)NC(=O)Cc1ccccc1,0
000057-44-3,Barbital,CCC1(CC)C(=O)NC(=O)NC1=O,0
000125-64-4,Methyprylon,CCC1(CC)C(=O)NCC(C)C1=O,0
000050-11-3,Metharbital,CCC1(CC)C(=O)NC(=O)N(C)C1=O,0
000144-80-9,Sulfacetamide,CC(=O)NS(=O)(=O)c1ccc(N)cc1,0
000057-53-4,Meprobamate,CCCC(C)(COC(N)=O)COC(N)=O,0
000125-40-6,Butabarbital,CCC(C)C1(CC)C(=O)NC(=O)NC1=O,0
000077-02-1,Aprobarbital,C=CCC1(C(C)C)C(=O)NC(=O)NC1=O,0
000086-35-1,Ethotoin,CCN1C(=O)NC(c2ccccc2)C1=O,0
000076-75-5,Thiopental,CCCC(C)C1(CC)C(=O)NC(=S)NC1=O,0
000077-26-9,Butalbital,C=CCC1(CC(C)C)C(=O)NC(=O)NC1=O,0
000057-43-2,Amobarbital,CCC1(CCC(C)C)C(=O)NC(=O)NC1=O,0
000115-44-6,Talbutal,C=CCC1(C(C)CC)C(=O)NC(=O)NC1=O,0
000076-74-4,Pentobarbital,CCCC(C)C1(CC)C(=O)NC(=O)NC1=O,0
000050-12-4,Mephenytoin,CCC1(c2ccccc2)NC(=O)N(C)C1=O,0
000077-21-4,Glutethimide,CCC1(c2ccccc2)CCC(=O)NC1=O,0
001665-48-1,Metaxalone,Cc1cc(C)cc(OCC2CNC(=O)O2)c1,0
059277-89-3,Acyclovir,Nc1nc(=O)c2ncn(COCCO)c2[nH]1,0
000067-20-9,Nitrofurantoin,O=C1CN(/N=C/c2ccc([N+](=O)[O-])o2)C(=O)N1,0
000125-84-8,Aminoglutethimide,CCC1(c2ccc(N)cc2)CCC(=O)NC1=O,0
000073-31-4,Melatonin,COc1ccc2[nH]cc(CCNC(C)=O)c2c1,0
000050-91-9,Floxuridine,O=c1[nH]c(=O)n([C@H]2C[C@H](O)[C@@H](CO)O2)cc1F,0
000054-42-2,Idoxuridine,O=c1[nH]c(=O)n([C@H]2C[C@H](O)[C@@H](CO)O2)cc1I,0
000056-29-1,Hexobarbital,CN1C(=O)NC(=O)C(C)(C2=CCCCC2)C1=O,0
025451-15-4,Felbamate,NC(=O)OCC(COC(N)=O)c1ccccc1,0
000077-27-0,Thiamylal,C=CCC1(C(C)CCC)C(=O)NC(=S)NC1=O,0
000137-58-6,Lidocaine,CCN(CC)CC(=O)Nc1c(C)cccc1C,0
000076-73-3,Secobarbital,C=CCC1(C(C)CCC)C(=O)NC(=O)NC1=O,0
000532-03-6,Methocarbamol,COc1ccccc1OCC(O)COC(N)=O,0
000298-46-4,Carbamazepine,NC(=O)N1c2ccccc2C=Cc2ccccc21,0
000064-77-7,Tolbutamide,CCCCNC(=O)NS(=O)(=O)c1ccc(C)cc1,0
000096-88-8,Mepivacaine,Cc1cccc(C)c1NC(=O)C1CCCCN1C,0
000509-86-4,Heptabarbital,CCC1(C2=CCCCCC2)C(=O)NC(=O)NC1=O,0
030516-87-1,Zidovudine,Cc1cn([C@H]2C[C@H](N=[N+]=[N-])[C@@H](CO)O2)c(=O)[nH]c1=O,0
000057-41-0,Phenytoin,O=C1NC(=O)C(c2ccccc2)(c2ccccc2)N1,0
028721-07-5,Oxcarbazepine,NC(=O)N1c2ccccc2CC(=O)c2ccccc21,0
000151-83-7,Methohexital,C=CCC1(C(C)C#CCC)C(=O)NC(=O)N(C)C1=O,0
006673-35-4,Practolol,CC(=O)Nc1ccc(OCC(O)CNC(C)C)cc1,0
029122-68-7,Atenolol,CC(C)NCC(O)COc1ccc(CC(N)=O)cc1,0
000604-75-1,Oxazepam,O=C1Nc2ccc(Cl)cc2C(c2ccccc2)=NC1O,0
000057-47-6,Physostigmine,CNC(=O)Oc1ccc2c(c1)[C@]1(C)CCN(C)[C@@H]1N2C,0
084057-95-4,Ropivacaine,CCCN1CCCC[C@H]1C(=O)Nc1c(C)cccc1C,0
001156-19-0,Tolazamide,Cc1ccc(S(=O)(=O)NC(=O)NN2CCCCCC2)cc1,0
022839-47-0,Aspartame,COC(=O)[C@H](Cc1ccccc1)NC(=O)[C@H](N)CC(=O)O,0
000146-22-5,Nitrazepam,O=C1CN=C(c2ccccc2)c2cc([N+](=O)[O-])ccc2N1,0
025905-77-5,Minaprine,Cc1cc(-c2ccccc2)nnc1NCCN1CCOCC1,0
000077-36-1,Chlorthalidone,NS(=O)(=O)c1cc(C2(O)NC(=O)c3ccccc32)ccc1Cl,0
000051-12-7,Nialamide,O=C(CCNNC(=O)c1ccncc1)NCc1ccccc1,0
000968-81-0,Acetohexamide,CC(=O)c1ccc(S(=O)(=O)NC(=O)NC2CCCCC2)cc1,0
080125-14-0,Remoxipride,CCN1CCC[C@H]1CNC(=O)c1c(OC)ccc(Br)c1OC,0
015676-16-1,Sulpiride,CCN1CCCC1CNC(=O)c1cc(S(N)(=O)=O)ccc1OC,0
037517-30-9,Acebutolol,CCCC(=O)Nc1ccc(OCC(O)CNC(C)C)c(C(C)=O)c1,0
036894-69-6,Labetalol,CC(CCc1ccccc1)NCC(O)c1ccc(O)c(C(N)=O)c1,0
003737-09-5,Disopyramide,CC(C)N(CCC(C(N)=O)(c1ccccc1)c1ccccn1)C(C)C,0
000361-37-5,Methysergide,CCC(CO)NC(=O)[C@@H]1C=C2c3cccc4c3c(cn4C)C[C@H]2N(C)C1,0
000154-21-2,Lincomycin,CCC[C@@H]1C[C@@H](C(=O)N[C@@H]([C@H]2O[C@H](SC)[C@H](O)[C@@H](O)[C@H]2O)[C@@H](C)O)N(C)C1,0
098319-26-7,Finasteride,CC(C)(C)NC(=O)[C@H]1CC[C@H]2[C@@H]3CC[C@H]4NC(=O)C=C[C@]4(C)[C@H]3CC[C@]12C,0
010238-21-8,Glyburide,COc1ccc(Cl)cc1C(=O)NCCc1ccc(S(=O)(=O)NC(=O)NC2CCCCC2)cc1,0
000050-04-4,Cortisone Acetate,CC(=O)OCC(=O)[C@]1(O)CC[C@@H]2[C@H]3CCC4=CC(=O)CC[C@@]4(C)[C@@H]3C(=O)C[C@]21C,0
000050-06-6,Phenobarbital,CCC1(c2ccccc2)C(=O)NC(=O)NC1=O,0
000050-35-1,"1H-Isoindole-1,3(2H)-dione, 2-(2,6-dioxo-3-piperidinyl)-",O=C1NC(=O)CCC1N1C(=O)c2ccccc2C1=O,0
000050-37-3,"D-Lysergic acid N,N-diethylamide",CCN(CC)C(=O)C1C=C2c3cccc4[nH]cc(c34)CC2N(C)C1,0
000050-78-2,Aspirin,CC(=O)Oc1ccccc1C(=O)O,0
000051-21-8,5-Fluorouracil,Oc1ncc(F)c(O)n1,0
000051-75-2,Bis(2-chloroethyl)methylamine,CN(CCCl)CCCl,0
000052-90-4,L-Cysteine,N[C@@H](CS)C(=O)O,0
000054-11-5,"Pyridine, 3-(1-methyl-2-pyrrolidinyl)-, (S)-",CN1CCC[C@@H]1c1cccnc1,0
000055-73-2,"Guanidine, 2-benzyl-1,3-dimethyl-",CN=C(NC)NCc1ccccc1,0
,L-Aspartic acid,N[C@@H](CC(=O)O)C(=O)O,0
000056-86-0,L-Glutamic acid,N[C@@H](CCC(=O)O)C(=O)O,0
000057-63-6,Ethinyl Estradiol,C#C[C@@]1(O)CC[C@@H]2[C@H]3CCc4cc(O)ccc4[C@@H]3CC[C@]21C,0
000058-15-1,Aminopyrine,Cc1c(N(C)C)c(=O)n(-c2ccccc2)n1C,0
000058-18-4,17α-Methyltestosterone,CC12CCC(=O)C=C1CCC1C2CCC2(C)C1CC[C@@]2(C)O,0
000058-55-9,Theophylline,Cn1c(=O)c2nc[nH]c2n(C)c1=O,0
000058-61-7,9-α-d-Arabinofuranosyladenine,Nc1ncnc2c1ncn2[C@H]1O[C@@H](CO)[C@H](O)[C@@H]1O,0
000058-73-1,Benadryl,CN(C)CCOC(c1ccccc1)c1ccccc1,0
000059-30-3,Folic Acid,n1c2C(=O)NC(N)=Nc2ncc1CNc3ccc(cc3)C(=O)N[C@H](C(O)=O)CCC(O)=O,0
000059-52-9,"2,3-Dimercaptopropan-1-ol",OCC(S)CS,0
000059-66-5,"5-Acetamido-1,3,4-thiadiazole-2-sulfonamide",CC(=O)Nc1nnc(S(N)(=O)=O)s1,0
000059-67-6,Niacin,O=C(O)c1cccnc1,0
000059-87-0,Nitrofurazone,C1=C(OC(=C1)[N+](=O)[O-])/C=N/NC(=O)N,0
000059-98-3,"1H-Imidazole, 4,5-dihydro-2-(phenylmethyl)-",c1ccc(CC2=NCCN2)cc1,0
000060-23-1,Mercaptamine,NCCS,0
000060-54-8,Tetracycline,CN(C)C1C(O)=C(C(=O)N)C(=O)C2(O)C(O)=C3C(=O)c4c(O)cccc4C(C)(O)C3CC12,0
000060-56-0,"2H-Imidazole-2-thione, 1,3-dihydro-1-methyl-",Cn1ccnc1S,0
000060-80-0,Antipyrine,Cc1cc(=O)n(-c2ccccc2)n1C,0
000061-19-8,adenosine phosphate,Nc1ncnc2c1ncn2[C@H]1O[C@@H](COP(=O)(O)O)[C@H](O)[C@@H]1O,0
000061-50-7,"N,N-Dimethyltryptamine",CN(C)CCc1c[nH]c2ccccc12,0
000061-51-8,"Indole, 3-(2-(diethylamino)ethyl)-",CCN(CC)CCc1c[nH]c2ccccc12,0
000061-68-7,Mefenamic Acid,Cc1cccc(Nc2ccccc2C(=O)O)c1C,0
000063-68-3,L-Methionine,CSCC[C@@H](N)C(=O)O,0
000065-23-6,"3,4-Pyridinedimethanol, 5-hydroxy-6-methyl-",Cc1ncc(CO)c(CO)c1O,0
000065-49-6,Aminosalicylic Acid,Nc1ccc(C(=O)O)c(O)c1,0
000066-75-1,Uracil Mustard,Oc1ncc(N(CCCl)CCCl)c(O)n1,0
000066-76-2,Dicumarol,O=c1oc2ccccc2c(O)c1Cc1c(O)c2ccccc2oc1=O,0
000068-22-4,Norethindrone,C#C[C@]1(O)CCC2C3CCC4=CC(=O)CCC4C3CCC21C,0
000068-35-9,Sulfadiazine,Nc1ccc(S(=O)(=O)Nc2ncccn2)cc1,0
000069-65-8,D-Mannitol,OC[C@@H](O)[C@@H](O)[C@H](O)[C@H](O)CO,0
000070-47-3,L-Asparagine,NC(=O)C[C@@H](N)C(=O)O,0
000070-51-9,Deferoxamine,CC(=O)N(O)CCCCCNC(=O)CCC(=O)N(O)CCCCCNC(=O)CCC(=O)N(O)CCCCCN,0
000071-41-0,1-Pentanol,CCCCCO,0
000073-22-3,L-Tryptophan,N[C@@H](Cc1c[nH]c2ccccc12)C(=O)O,0
000073-32-5,L-Isoleucine,CC[C@H](C)[C@@H](N)C(=O)O,0
000074-79-3,Arginine,N=C(N)NCCC[C@@H](N)C(=O)O,0
000077-28-1,Butethal,CCCCC1(CC)C(=O)NC(=O)NC1=O,0
000077-39-4,"1-Piperidinepropanol, α-cyclopentyl-α-phenyl-",OC(CCN1CCCCC1)(c1ccccc1)C1CCCC1,0
000078-44-4,"Carbamic acid, (1-methylethyl)-, 2-[[(aminocarbonyl)oxy]methyl]-2-methylpentyl ester",CCCC(C)(COC(=O)N)COC(=O)NC(C)C,0
000078-83-1,"1-Propanol, 2-methyl-",CC(C)CO,0
000080-49-9,Homatropine methyl bromide,C[N+]1(C)C2CCC1CC(OC(=O)C(O)c1ccccc1)C2,0
000083-07-8,Ampyrone,Cc1c(N)c(=O)n(-c2ccccc2)n1C,0
000083-15-8,"Acetamide, N-antipyrinyl-",CC(=O)Nc1c(C)n(C)n(-c2ccccc2)c1=O,0
000083-88-5,Riboflavine,Cc1cc2nc3c(O)nc(=O)nc-3n(CC(O)C(O)C(O)CO)c2cc1C,0
000084-80-0,Phytonadione,CC1=C(C/C=C(\C)CCC[C@@H](C)CCC[C@@H](C)CCCC(C)C)C(=O)c2ccccc2C1=O,0
000084-96-8,Trimeprazine,CC(CN(C)C)CN1c2ccccc2Sc2ccccc21,0
000085-79-0,Dibucaine,CCCCOc1cc(C(=O)NCCN(CC)CC)c2ccccc2n1,0
000086-13-5,Benztropine,CN1C2CCC1CC(OC(c1ccccc1)c1ccccc1)C2,0
000086-14-6,Thiambutene,CCN(CC)C(C)C=C(c1cccs1)c1cccs1,0
000087-33-2,Isosorbide Dinitrate,O=[N+]([O-])OC1COC2C(O[N+](=O)[O-])COC12,0
000090-89-1,"1-Piperazinecarboxamide, N,N-diethyl-4-methyl-",CCN(CC)C(=O)N1CCN(C)CC1,0
000091-66-7,"N,N-Diethylaniline",CCN(CC)c1ccccc1,0
000091-84-9,Pyrilamine,COc1ccc(CN(CCN(C)C)c2ccccn2)cc1,0
000094-20-2,Chloropropamide,CCCNC(=O)NS(=O)(=O)c1ccc(Cl)cc1,0
000094-78-0,"2,6-Pyridinediamine, 3-(phenylazo)-",N=c1ccc(N=Nc2ccccc2)c(N)[nH]1,0
000098-88-4,Benzoyl chloride,O=C(Cl)c1ccccc1,0
000098-92-0,Niacinamide,NC(=O)c1cccnc1,0
000099-43-4,"Benzoic acid, 4-amino-3-butoxy-, 2-(diethylamino)ethyl ester",CCCCOc1cc(C(=O)OCCN(CC)CC)ccc1N,0
000099-66-1,Valproic Acid,CCCC(CCC)C(=O)O,0
000100-92-5,"Benzeneethanamine, N,α,α-trimethyl-",CNC(C)(C)Cc1ccccc1,0
000107-19-7,Propargyl alcohol,C#CCO,0
000110-46-3,Isoamyl nitrite,CC(C)CCON=O,0
000114-86-3,"Imidodicarbonimidic diamide, N-(2-phenylethyl)-",N=C(N)NC(=N)NCCc1ccccc1,0
000115-38-8,Mephobarbital,CCC1(c2ccccc2)C(=O)N(C)C(=O)NC1=O,0
000117-10-2,Danthron,O=C1c2cccc(O)c2C(=O)c2c(O)cccc21,0
000120-97-8,Dichlorphenamide,NS(=O)(=O)c1cc(Cl)c(Cl)c(S(N)(=O)=O)c1,0
000121-69-7,"Benzenamine, N,N-dimethyl-",CN(C)c1ccccc1,0
000125-28-0,"Morphinan-6-ol, 4,5-epoxy-3-methoxy-17-methyl-, (5α,6α)-",COc1ccc2c3c1OC1C(O)CCC4C(C2)N(C)CCC341,0
000127-17-3,"Propanoic acid, 2-oxo-",CC(=O)C(=O)O,0
000133-16-4,"Benzoic acid, 4-amino-2-chloro-, 2-(diethylamino)ethyl ester",CCN(CC)CCOC(=O)c1ccc(N)cc1Cl,0
000138-56-7,"Benzamide, N-[[4-[2-(dimethylamino)ethoxy]phenyl]methyl]-3,4,5-trimethoxy-",COc1cc(C(=O)NCc2ccc(OCCN(C)C)cc2)cc(OC)c1OC,0
000138-59-0,Shikimic acid,O=C(O)C1=CC(O)C(O)C(O)C1,0
000147-20-6,Diphenylpyraline,CN1CCC(OC(c2ccccc2)c2ccccc2)CC1,0
000299-26-3,"1H-Indole-3-ethanamine, α-methyl-",CC(N)Cc1c[nH]c2ccccc12,0
000309-29-5,"2-Pyrrolidinone, 1-ethyl-4-[2-(4-morpholinyl)ethyl]-3,3-diphenyl-",CCN1CC(CCN2CCOCC2)C(c2ccccc2)(c2ccccc2)C1=O,0
000357-70-0,Galantamin,COc1ccc2c3c1OC1CC(O)C=CC31CCN(C)C2,0
000389-08-2,Nalidixic Acid,CCn1cc(C(=O)O)c(=O)c2ccc(C)nc21,0
000463-40-1,"9,12,15-Octadecatrienoic acid, (Z,Z,Z)-",CC/C=C\C/C=C\C/C=C\CCCCCCCC(=O)O,0
000464-07-3,"3,3-Dimethylbutane-2-ol",CC(O)C(C)(C)C,0
000465-65-6,"Morphinan-6-one, 4,5-epoxy-3,14-dihydroxy-17-(2-propenyl)-, (5α)-",C=CCN1CCC23c4c5ccc(O)c4OC2C(=O)CCC3(O)C1C5,0
000469-62-5,Propoxyphene,CCC(=O)O[C@@](Cc1ccccc1)(c1ccccc1)[C@@H](C)CN(C)C,0
000487-54-7,"Glycine, N-(2-hydroxybenzoyl)-",O=C(O)CNC(=O)c1ccccc1O,0
000499-67-2,"Benzoic acid, 3-amino-4-propoxy-, 2-(diethylamino)ethyl ester",CCCOc1ccc(C(=O)OCCN(CC)CC)cc1N,0
000500-38-9,Nordihydroguaiaretic acid,CC(Cc1ccc(O)c(O)c1)C(C)Cc1ccc(O)c(O)c1,0
000503-01-5,"5-Hepten-2-amine, N,6-dimethyl-",CNC(C)CCC=C(C)C,0
000504-24-5,4-Aminopyridine,N=c1cc[nH]cc1,0
000504-29-0,2-Aminopyridine,Nc1ccccn1,0
000515-64-0,Sulfisomidine,Cc1cc(NS(=O)(=O)c2ccc(N)cc2)nc(C)n1,0
000519-98-2,Noramidopyrine,CNc1c(C)n(C)n(-c2ccccc2)c1=O,0
000522-66-7,"Cinchonan-9-ol, 10,11-dihydro-6'-methoxy-, (8α,9R)-",CCC1CN2CCC1C[C@@H]2[C@@H](O)c1ccnc2ccc(OC)cc12,0
000537-46-2,Methamphetamine,CN[C@@H](C)Cc1ccccc1,0
000551-92-8,Dimetridazole,Cc1ncc([N+](=O)[O-])n1C,0
000561-27-3,Diacetylmorphine,CC(=O)Oc1ccc2c3c1OC1C(OC(C)=O)C=CC4C(C2)N(C)CCC341,0
000591-81-1,"Butanoic acid, 4-hydroxy-",O=C(O)CCCO,0
000616-91-1,"L-Cysteine, N-acetyl-",CC(=O)N[C@@H](CS)C(=O)O,0
000671-16-9,"Benzamide, N-(1-methylethyl)-4-[(2-methylhydrazino)methyl]-",CNNCc1ccc(C(=O)NC(C)C)cc1,0
000738-70-5,Trimethoprim,COc1cc(Cc2c[nH]c(=N)[nH]c2=N)cc(OC)c1OC,0
000846-46-8,"Androstane-3,17-dione, (5α)-",CC12CCC3C(CC[C@@H]4CC(=O)CCC34C)C1CCC2=O,0
000882-09-7,Clofibric Acid,CC(C)(Oc1ccc(Cl)cc1)C(=O)O,0
000882-33-7,"Disulfide, diphenyl",c1ccc(SSc2ccccc2)cc1,0
000911-45-5,Clomiphene,CCN(CC)CCOc1ccc(/C(=C(\Cl)c2ccccc2)c2ccccc2)cc1,1
000935-92-2,"2,3,6-trimethyl-p-benzoquinone",CC1=CC(=O)C(C)=C(C)C1=O,0
001072-67-9,"3-Isoxazolamine, 5-methyl-",Cc1cc(=N)[nH]o1,0
001082-88-8,"Phenethylamine, 3,4,5-trimethoxy-α-methyl-",COc1cc(CC(C)N)cc(OC)c1OC,0
001093-58-9,"Androst-4-en-3-one, 4-chloro-17-hydroxy-, (17β)-",CC12CCC(=O)C(Cl)=C1CCC1C2CCC2(C)C1CC[C@H]2O,0
001141-88-4,Bis(o-aminophenyl) disulfide,Nc1ccccc1SSc1ccccc1N,0
001197-18-8,Tranexamic Acid,NC[C@H]1CC[C@H](C(=O)O)CC1,0
001209-98-9,"2-Norbornanamine, N-ethyl-3-phenyl-",CCNC1C2CCC(C2)C1c1ccccc1,0
001634-78-2,Malaoxon,CCOC(=O)CC(SP(=O)(OC)OC)C(=O)OCC,0
001783-84-2,"8,11,14-Eicosatrienoic acid, (Z,Z,Z)-",CCCCC/C=C/C/C=C/C/C=C/CCCCCCC(=O)O,0
001841-19-6,Fluspirilene,OC1=NCN(c2ccccc2)C12CCN(CCCC(c1ccc(F)cc1)c1ccc(F)cc1)CC2,1
001852-53-5,"Androstane-3,17-diol, (3α,5α,17β)-",CC12CC[C@H](O)C[C@H]1CCC1C2CCC2(C)C1CC[C@H]2O,0
002062-78-4,Pimozide,Oc1nc2ccccc2n1C1CCN(CCCC(c2ccc(F)cc2)c2ccc(F)cc2)CC1,1
002489-77-2,"Thiourea, trimethyl-",CNC(=S)N(C)C,0
002622-30-2,Carfenazine,CCC(=O)c1ccc2c(c1)N(CCCN1CCN(CCO)CC1)c1ccccc1S2,0
002741-06-2,"Thiourea, N-ethyl-N'-phenyl-",CCNC(=S)Nc1ccccc1,0
002782-91-4,"Thiourea, tetramethyl-",CN(C)C(=S)N(C)C,0
002801-68-5,"Benzeneethanamine, 2,5-dimethoxy-α-methyl-",COc1ccc(OC)c(CC(C)N)c1,0
003282-30-2,Pivalyl chloride,CC(C)(C)C(=O)Cl,0
004083-64-1,"Benzenesulfonyl isocyanate, 4-methyl-",Cc1ccc(S(=O)(=O)N=C=O)cc1,0
004342-03-4,"Imidazole-4-carboxamide, 5-(3,3-dimethyl-1-triazeno)-",CN(C)N=Nc1[nH]cnc1C(N)=O,0
007416-34-4,"Indol-4(5H)-one, 3-ethyl-6,7-dihydro-2-methyl-5-(morpholinomethyl)-",CCc1c(C)[nH]c2c1C(=O)C(CN1CCOCC1)CC2,0
007492-32-2,"Benzenepropanaminium, γ-(aminocarbonyl)-N-methyl-N,N-bis(1-methylethyl)-γ-phenyl-",CC(C)N(CCC(C(=O)N)(c1ccccc1)c1ccccc1)C(C)C,0
007512-17-6,N-Acetyl-D-glucosamine,CC(=O)NC(C=O)C(O)C(O)C(O)CO,0
007683-59-2,Isoproterenol,CC(C)NCC(O)c1ccc(O)c(O)c1,0
013392-28-4,"1-Adamantanemethylamine, α-methyl-",CC(N)C12CC3CC(CC(C3)C1)C2,0
013461-01-3,Acepromethazine,CC(=O)c1ccc2c(c1)N(CC(C)N(C)C)c1ccccc1S2,0
013674-05-0,"Phenethylamine, 3-methoxy-α-methyl-4,5-(methylenedioxy)-",COc1cc(CC(C)N)cc2c1OCO2,0
014838-15-4,"Norephedrine, (.+/-.)-",CC(N)C(O)c1ccccc1,0
015588-95-1,"Benzeneethanamine, 2,5-dimethoxy-α,4-dimethyl-",COc1cc(CC(C)N)c(OC)cc1C,0
042542-10-9,"N-Methyl-3,4-methylenedioxyamphetamine",CNC(C)Cc1ccc2c(c1)OCO2,0
054143-55-4,"Benzamide, N-(2-piperidinylmethyl)-2,5-bis(2,2,2-trifluoroethoxy)-",OC(=NCC1CCCCN1)c1cc(OCC(F)(F)F)ccc1OCC(F)(F)F,1
