DB_smiles,PBT_label,CAS,DB_name,QSAR_consensus,PBT_DL_bin_pred
N[C@@H](Cc1c[nH]cn1)C(=O)O,4.498986163525842e-05,000071-00-1,Histidine,0,0
N[C@@H](Cc1ccccc1)C(=O)O,0.0001552281755721,000063-91-2,Phenylalanine,0,0
O=C(O)CCCC[C@@H]1SC[C@@H]2NC(=O)N[C@@H]21,0.0003243625396862,000058-85-5,Biotin,0,0
NCCCC[C@@H](N)C(=O)O,1.4913386621628888e-05,000056-87-1,Lysine,0,0
NCCCNCCCCNCCCN,0.0001183737840619,000071-44-3,Spermine,0,0
N[C@@H](CO)C(=O)O,6.097820005379617e-06,000056-45-1,Serine,0,0
N[C@@H](Cc1ccc(O)cc1)C(=O)O,7.727090269327164e-05,000060-18-4,Tyrosine,0,0
N[C@@H](CSSC[C@H](N)C(=O)O)C(=O)O,2.533257611503359e-05,000056-89-3,Cystine,0,0
CN(CC(=O)O)C(=N)N,1.380081448587589e-05,000057-00-1,Creatine,0,0
CC(C)C[C@@H](N)C(=O)O,5.9973310271743685e-05,000061-90-5,Leucine,0,0
C=C1CC[C@H](O)C/C1=C/C=C1\CCC[C@]2(C)[C@@H]([C@H](C)/C=C/[C@H](C)C(C)C)CC[C@@H]12,0.8502328395843506,000050-14-6,Ergocalciferol,0,1
C[C@@H](O)[C@H](N)C(=O)O,2.1464447854668837e-05,000072-19-5,Threonine,0,0
C[C@@H](N)C(=O)O,1.443392102373764e-05,000056-41-7,Alanine,0,0
CC(C)[C@@H](N)C(=O)O,7.217920938273892e-05,000072-18-4,Valine,0,0
C=C1CC[C@H](O)C/C1=C/C=C1\CCC[C@]2(C)[C@@H]([C@H](C)CCCC(C)C)CC[C@@H]12,0.8043422102928162,000067-97-0,Cholecalciferol,0,1
CC1=CC(=O)c2ccccc2C1=O,0.0023169165942817,000058-27-5,Menadione,0,0
O=C(O)[C@@H]1CCCN1,3.650244252639823e-05,000147-85-3,Proline,0,0
Nc1ncnc2nc[nH]c12,0.0006585931987501,000073-24-5,Adenine,0,0
COCCCC/C(=N\OCCN)c1ccc(C(F)(F)F)cc1,0.0247801654040813,054739-18-3,Fluvoxamine,0,0
NCC(CC(=O)O)c1ccc(Cl)cc1,0.0019014403223991,001134-47-0,Baclofen,0,0
CC(N)Cc1ccccc1,0.0020922827534377,000300-62-9,Amphetamine,0,0
C#CC(O)(/C=C/Cl)CC,0.0004153363697696,000113-18-8,Ethchlorvynol,0,0
CC(C)(N)Cc1ccccc1,0.0075848936103284,000122-09-8,Phentermine,0,0
COc1cccc(C2(O)CCCCC2CN(C)C)c1,0.0876165255904197,027203-92-5,Tramadol,0,0
CCc1nc(N)nc(N)c1-c1ccc(Cl)cc1,0.1029609963297844,000058-14-0,Pyrimethamine,0,0
CC[C@H](C)C(=O)O[C@H]1C[C@@H](C)C=C2C=C[C@H](C)[C@H](CC[C@@H]3C[C@@H](O)CC(=O)O3)[C@H]21,0.1046291142702102,075330-75-5,Lovastatin,0,0
CC(C)C[C@H](CN)CC(=O)O,0.000119067968626,148553-50-8,Pregabalin,0,0
O=C(CCBr)N1CCN(C(=O)CCBr)CC1,0.0673124194145202,000054-91-1,Pipobroman,0,0
Nc1ccc(S(N)(=O)=O)cc1,0.0001891520514618,000063-74-1,Sulfanilamide,0,0
Cc1noc(NS(=O)(=O)c2ccc(N)cc2)c1C,0.0018419717671349,000127-69-5,Sulfisoxazole,0,0
CC=CC(=O)N(CC)c1ccccc1C,0.0142426434904336,000483-63-6,Crotamiton,0,0
COC(=O)C1=C(C)NC(C)=C(C(=O)OC(C)C)C1c1cccc2nonc12,0.0642094835639,075695-93-1,Isradipine,0,0
NCCc1ccn[nH]1,0.0002471975167281,000105-20-4,Betazole,0,0
COc1ccc(C(CN(C)C)C2(O)CCCCC2)cc1,0.1566726565361023,093413-69-5,Venlafaxine,0,0
O=C(O)CCCc1ccc(N(CCCl)CCCl)cc1,0.0367703102529048,000305-03-3,Chlorambucil,0,0
CCOC(=O)c1cncn1[C@H](C)c1ccccc1,0.0060766325332224,033125-97-2,Etomidate,0,0
CN1CC[C@]23c4c5ccc(O)c4O[C@H]2[C@@H](O)C=C[C@H]3[C@H]1C5,0.471209853887558,000057-27-2,Morphine,0,1
CCOc1ccc2nc(S(N)(=O)=O)sc2c1,0.0016854560235515,000452-35-7,Ethoxzolamide,0,0
COc1ccc2c3c1O[C@H]1[C@@H](O)C=C[C@H]4[C@@H](C2)N(C)CC[C@@]341,0.7981296181678772,000076-57-3,Codeine,0,1
CN(C)CCC=C1c2ccccc2CCc2ccccc21,0.5568540692329407,000050-48-6,Amitriptyline,0,1
CN1CC[C@]23c4c5ccc(O)c4O[C@H]2C(=O)CC[C@H]3[C@H]1C5,0.5902197957038879,000466-99-9,Hydromorphone,0,1
CCC(=O)C(CC(C)N(C)C)(c1ccccc1)c1ccccc1,0.5074676275253296,000076-99-3,Methadone,0,1
Cc1cc2c(s1)Nc1ccccc1N=C2N1CCN(C)CC1,0.6907250285148621,132539-06-1,Olanzapine,0,1
COc1ccc([C@@H]2Sc3ccccc3N(CCN(C)C)C(=O)[C@@H]2OC(C)=O)cc1,0.7921308875083923,042399-41-7,Diltiazem,0,1
CNCCCC1c2ccccc2C=Cc2ccccc21,0.1007281467318534,000438-60-8,Protriptyline,0,0
CN1C(=O)OC(C)(C)C1=O,0.0042849560268223,000127-48-0,Trimethadione,0,0
Nc1cc(N2CCCCC2)nc(N)[n+]1[O-],0.0128807788714766,038304-91-5,Minoxidil,0,0
CC(=O)O[C@]1(C(C)=O)CC[C@H]2[C@@H]3C=C(C)C4=CC(=O)CC[C@]4(C)[C@H]3CC[C@@]21C,0.911117434501648,000595-33-5,Megestrol acetate,0,1
CN1CCN(C2=Nc3cc(Cl)ccc3Nc3ccccc32)CC1,0.8223922252655029,005786-21-0,Clozapine,0,1
CN(C)CCOC(C)(c1ccccc1)c1ccccn1,0.0543604381382465,000469-21-6,Doxylamine,0,0
OC(CCN1CCCCC1)(c1ccccc1)C1CCCCC1,0.3967257440090179,000144-11-6,Trihexyphenidyl,0,1
Cc1cccc(C)c1OCC(C)N,0.0087768472731113,031828-71-4,Mexiletine,0,0
Nc1c2c(nc3ccccc13)CCCC2,0.1571133136749267,000321-64-2,Tacrine,0,0
CN1CCCN=C1COC(=O)C(O)(c1ccccc1)C1CCCCC1,0.0747453421354293,000125-53-1,Oxyphencyclimine,0,0
Nc1nc(N)c2nc(-c3ccccc3)c(N)nc2n1,0.0120515245944261,000396-01-0,Triamterene,0,0
OC(CCN1CCCC1)(c1ccccc1)C1CCCCC1,0.2912968695163727,000077-37-2,Procyclidine,0,0
CNC[C@H](O)c1cccc(O)c1,0.0003739608218893,000059-42-7,Phenylephrine,0,0
CCOC(=O)n1ccn(C)c1=S,0.0026034761685878,022232-54-8,Carbimazole,0,0
CC(=O)[C@H]1CC[C@H]2[C@@H]3CCC4=CC(=O)CC[C@]4(C)[C@H]3CC[C@]12C,0.733202338218689,000057-83-0,Progesterone,0,1
COC1=CC(=O)C[C@@H](C)[C@]12Oc1c(Cl)c(OC)cc(OC)c1C2=O,0.3483628034591675,000126-07-8,Griseofulvin,0,0
COC(=O)C1=C(C)NC(C)=C(C(=O)OCC(C)C)C1c1ccccc1[N+](=O)[O-],0.1901121884584427,063675-72-9,Nisoldipine,0,0
CN(C)CCCN1c2ccccc2Sc2ccccc21,0.8040593266487122,000058-40-2,Promazine,0,1
CC(=O)S[C@@H]1CC2=CC(=O)CC[C@]2(C)[C@H]2CC[C@@]3(C)[C@@H](CC[C@@]34CCC(=O)O4)[C@H]12,0.9683143496513368,000052-01-7,Spironolactone,0,1
COC(=O)C(c1ccccc1)C1CCCCN1,0.0036093262024223,000113-45-1,Methylphenidate,0,0
CN1[C@@H]2CC[C@H]1C[C@@H](OC(=O)[C@H](CO)c1ccccc1)C2,0.0577646903693676,000101-31-5,Hyoscyamine,0,0
Cc1ccc(/C(=C\CN2CCCC2)c2ccccn2)cc1,0.0571196600794792,000486-12-4,Triprolidine,0,0
C[C@H]1C[C@H]2[C@@H]3CCC4=CC(=O)C=C[C@]4(C)[C@@]3(F)[C@@H](O)C[C@]2(C)[C@@]1(O)C(=O)CO,0.8522903323173523,000378-44-9,Betamethasone,0,1
O=C(N[C@H](CO)[C@H](O)c1ccc([N+](=O)[O-])cc1)C(Cl)Cl,0.0069108284078538,000056-75-7,Chloramphenicol,0,0
CCOC(=O)C1(c2ccccc2)CCN(C)CC1,0.1015935987234115,000057-42-1,Meperidine,0,0
CN(C)CCCN1c2ccccc2CCc2ccccc21,0.7630380392074585,000050-49-7,Imipramine,0,1
COc1ccc2cc(CCC(C)=O)ccc2c1,0.0159269161522388,042924-53-8,Nabumetone,0,0
C=C[C@H]1C[N@@]2CC[C@H]1C[C@H]2[C@H](O)c1ccnc2ccc(OC)cc12,0.3714001774787903,000130-95-0,Quinine,0,0
CC(CNC1CCCCC1)OC(=O)c1ccccc1,0.0021708833519369,000532-77-4,Hexylcaine,0,0
CN(C)CCCN1c2ccccc2Sc2ccc(Cl)cc21,0.9471775889396667,000050-53-3,Chlorpromazine,1,1
CN(C)c1nc(N(C)C)nc(N(C)C)n1,0.028713259845972,000645-05-6,Altretamine,0,0
CC(C)NCC(O)c1ccc(NS(C)(=O)=O)cc1,0.0008124096202664,003930-20-9,Sotalol,0,0
O=C1CC2(CCCC2)CC(=O)N1CCCCN1CCN(c2ncccn2)CC1,0.6331807374954224,036505-84-7,Buspirone,0,1
COc1ccc2c3c1O[C@H]1C(=O)CC[C@@]4(O)[C@@H](C2)N(C)CC[C@]314,0.8878514766693115,000076-42-6,Oxycodone,0,1
O=C1c2ccccc2C(=O)C1c1ccccc1,0.0156548507511615,000083-12-5,Phenindione,0,0
Cc1ccc(C(=O)c2ccc(CC(=O)O)n2C)cc1,0.004494207445532,026171-23-3,Tolmetin,0,0
CN/C(=N/C#N)NCCSCc1nc[nH]c1C,0.0010092455195263,051481-61-9,Cimetidine,0,0
C=CCN1CC[C@]23CCCC[C@H]2[C@H]1Cc1ccc(O)cc13,0.6422203779220581,000152-02-3,Levallorphan,0,1
NCCCCCC(=O)O,1.1254196579102428e-05,000060-32-2,Aminocaproic acid,0,0
COc1ccc2c(c1)[C@]13CCCC[C@@H]1[C@H](C2)N(C)CC3,0.9276716113090516,000125-71-3,Dextromethorphan,0,1
Cc1ccccc1N1C(=O)c2cc(S(N)(=O)=O)c(Cl)cc2NC1C,0.4189870655536651,017560-51-9,Metolazone,0,1
Cc1cccc(N(C)C(=S)Oc2ccc3ccccc3c2)c1,0.5007087588310242,002398-96-1,Tolnaftate,1,1
O=P1(N(CCCl)CCCl)NCCCO1,0.0232899375259876,000050-18-0,Cyclophosphamide,0,0
O=C(O)c1cn(C2CC2)c2cc(N3CCNCC3)c(F)cc2c1=O,0.1650872379541397,085721-33-1,Ciprofloxacin,0,0
CNCCC=C1c2ccccc2CCc2ccccc21,0.2173660993576049,000072-69-5,Nortriptyline,0,0
Clc1ccc2c(c1)C(N1CCNCC1)=Nc1ccccc1O2,0.4237590134143829,014028-44-5,Amoxapine,0,1
CC(=O)NO,1.6722171494620852e-05,000546-88-3,Acetohydroxamic acid,0,0
COc1c2occc2cc2ccc(=O)oc12,0.0135185532271862,000298-81-7,Methoxsalen,0,0
CN1C(C(=O)Nc2ccccn2)=C(O)c2ccccc2S1(=O)=O,0.0065310951322317,036322-90-4,Piroxicam,0,0
Nc1nnc(-c2cccc(Cl)c2Cl)c(N)n1,0.0634362250566482,084057-84-1,Lamotrigine,0,0
OCCOCCN1CCN(C(c2ccccc2)c2ccc(Cl)cc2)CC1,0.6207520961761475,000068-88-2,Hydroxyzine,0,1
C(=C/c1ccccc1)\CN1CCN(C(c2ccccc2)c2ccccc2)CC1,0.6407893300056458,000298-57-7,Cinnarizine,1,1
CC(C)NCC(O)COc1cccc2ccccc12,0.0069979741238057,000525-66-6,Propranolol,0,0
CN1[C@@H]2CC[C@H]1C[C@@H](OC(=O)C(CO)c1ccccc1)C2,0.0537151880562305,000051-55-8,Atropine,0,0
CCNC(C)Cc1cccc(C(F)(F)F)c1,0.1707714796066284,000458-24-2,Fenfluramine,0,0
Clc1cccc(Cl)c1NC1=NCCN1,0.0375660806894302,004205-90-7,Clonidine,0,0
OC1(c2ccc(Cl)cc2)c2ccccc2C2=NCCN21,0.684560239315033,022232-71-9,Mazindol,0,1
C1CNCCN1,0.0003184898523613,000110-85-0,Piperazine,0,0
Oc1ccc(OCc2ccccc2)cc1,0.0012741484679281,000103-16-2,Monobenzone,0,0
CC(=O)O[C@]1(C(C)=O)CC[C@H]2[C@@H]3C[C@H](C)C4=CC(=O)CC[C@]4(C)[C@H]3CC[C@@]21C,0.9286999702453612,000071-58-9,Medroxyprogesterone acetate,0,1
NS(=O)(=O)c1cc2c(cc1Cl)NC(C1CC3C=CC1C3)NS2(=O)=O,0.1087578982114791,002259-96-3,Cyclothiazide,0,0
CCN(CC)CCCC(C)Nc1ccnc2cc(Cl)ccc12,0.3229850232601166,000054-05-7,Chloroquine,0,0
CC(C)NCC(O)COc1ccc(COCCOC(C)C)cc1,0.0026226893533021,066722-44-9,Bisoprolol,0,0
O=C1OCCN1/N=C/c1ccc([N+](=O)[O-])o1,0.0002183073956985,000067-45-8,Furazolidone,0,0
CCC1(C)OC(=O)N(C)C1=O,0.0058878972195088,000115-67-3,Paramethadione,0,0
C[C@]12C=CC(=O)C=C1CC[C@H]1[C@@H]3C[C@@H](O)[C@](O)(C(=O)CO)[C@@]3(C)C[C@H](O)[C@@]12F,0.767511248588562,000124-94-7,Triamcinolone,0,1
C[C@]12COC(=O)C[C@@H]1CC[C@@H]1[C@@H]2CC[C@@]2(C)[C@H]1CC[C@]2(C)O,0.8885242342948914,000053-39-4,Oxandrolone,0,1
C[C@]12CC[C@H]3[C@@H](CCC4=CC(=O)CC[C@@]43C)[C@@H]1CC[C@@H]2O,0.6720744967460632,000058-22-0,Testosterone,0,1
C[C@]12C=CC(=O)C=C1CC[C@@H]1[C@@H]2C(=O)C[C@@]2(C)[C@H]1CC[C@]2(O)C(=O)CO,0.2241994738578796,000053-03-2,Prednisone,0,0
CCOC(=O)C(C)(C)Oc1ccc(Cl)cc1,0.0145444413647055,000637-07-0,Clofibrate,0,0
CCC(C)(C)C(=O)O[C@H]1C[C@@H](C)C=C2C=C[C@H](C)[C@H](CC[C@@H]3C[C@@H](O)CC(=O)O3)[C@H]21,0.2247158586978912,079902-63-9,Simvastatin,0,0
Cn1c(=O)c2c(ncn2CC(O)CO)n(C)c1=O,0.0036949643399566,000479-18-5,Dyphylline,0,0
CC(C)=CCN1CCC2(C)c3cc(O)ccc3CC1C2C,0.4494095146656036,000359-83-1,Pentazocine,0,1
O=c1n(CCCN2CCN(c3cccc(Cl)c3)CC2)nc2ccccn12,0.7493886351585388,019794-93-5,Trazodone,0,1
COc1ccc(CCN(C)CCCC(C#N)(c2ccc(OC)c(OC)c2)C(C)C)cc1OC,0.9244369268417358,000052-53-9,Verapamil,0,1
CNC[C@H](O)c1ccc(O)c(O)c1,0.0002792814921122,000051-43-4,Epinephrine,0,0
CNS(=O)(=O)Cc1ccc2[nH]cc(CCN(C)C)c2c1,0.0081153493374586,103628-46-2,Sumatriptan,0,0
CC(C)OP(=O)(F)OC(C)C,0.0068930285051465,000055-91-4,Isoflurophate,0,0
CC(=O)CC(c1ccccc1)c1c(O)c2ccccc2oc1=O,0.0379005447030067,000081-81-2,Warfarin,0,0
CC(=O)/N=c1/sc(S(N)(=O)=O)nn1C,0.0001249763736268,000554-57-4,Methazolamide,0,0
O=C1CC[C@@]2(O)[C@H]3Cc4ccc(O)c5c4[C@@]2(CCN3CC2CC2)[C@H]1O5,0.782654881477356,016590-41-3,Naltrexone,0,1
CCC(=O)N(c1ccccc1)C1(COC)CCN(CCc2cccs2)CC1,0.8843434453010559,056030-54-7,Sufentanil,0,1
CC(C(=O)O)c1ccc(-c2ccccc2)c(F)c1,0.0311187747865915,005104-49-4,Flurbiprofen,0,0
Fc1ccc([C@@H]2CCNC[C@H]2COc2ccc3c(c2)OCO3)cc1,0.285781592130661,061869-08-7,Paroxetine,0,0
CN1CCC(=C2c3ccccc3CCc3cccnc32)CC1,0.7444024085998535,003964-81-6,Azatadine,0,1
CCN(CC)CCOC(=O)c1ccc(N)cc1,0.0029803370125591,000059-46-1,Procaine,0,0
COc1ccc(OC)c(C(O)C(C)N)c1,0.0023082054685801,000390-28-3,Methoxamine,0,0
c1ccc2[nH]c(-c3cscn3)nc2c1,0.0045185373164713,000148-79-8,Thiabendazole,0,0
C[C@]12CCC(=O)C=C1CC[C@@H]1[C@@H]2[C@@H](O)C[C@@]2(C)[C@H]1CC[C@]2(O)C(=O)CO,0.3540818989276886,000050-23-7,Hydrocortisone,0,0
CN1[C@@H]2C[C@@H](OC(=O)[C@H](CO)c3ccccc3)C[C@H]1[C@@H]1O[C@@H]12,0.1055010184645652,000051-34-3,Scopolamine,0,0
CCCNC(C)C(=O)Nc1ccccc1C,0.0027925313916057,000721-50-6,Prilocaine,0,0
NC1CC1c1ccccc1,0.0113725494593381,000155-09-9,Tranylcypromine,0,0
Oc1c(Cl)cc(Cl)c(Cl)c1Cc1c(O)c(Cl)cc(Cl)c1Cl,0.9877405762672424,000070-30-4,Hexachlorophene,1,1
CCN(CC)C(=O)C1CN2CCc3cc(OC)c(OC)cc3C2CC1OC(C)=O,0.6099793314933777,000063-12-7,Benzquinamide,0,1
CCN(CC)CC(=O)OCC(=O)[C@@]1(O)CC[C@H]2[C@@H]3CCC4=CC(=O)CC[C@]4(C)[C@H]3[C@@H](O)C[C@@]21C,0.7581570744514465,000076-47-1,Hydrocortamate,0,1
CCOC(=O)CC(SP(=S)(OC)OC)C(=O)OCC,0.0022376358974725,000121-75-5,Malathion,0,0
CCC(=O)c1ccc2c(c1)N(CC(C)N(C)C)c1ccccc1S2,0.8096355199813843,000362-29-8,Propiomazine,0,1
NNCCc1ccccc1,0.0010635944781824,000051-71-8,Phenelzine,0,0
C[C@]12CC[C@@H]3c4ccc(O)cc4CC[C@H]3[C@@H]1CC[C@@H]2O,0.5190421342849731,000050-28-2,Estradiol,0,1
COc1ccc2cc([C@H](C)C(=O)O)ccc2c1,0.0052688955329358,022204-53-1,Naproxen,0,0
CN(C)CCN(Cc1ccccc1)c1ccccn1,0.0425933822989463,000091-81-6,Tripelennamine,0,0
CCC1(c2ccccc2)C(=O)NCNC1=O,0.0043691885657608,000125-33-7,Primidone,0,0
CC(=O)CCCCn1c(=O)c2c(ncn2C)n(C)c1=O,0.0034280542749911,006493-05-6,Pentoxifylline,0,0
CCN(Cc1ccncc1)C(=O)C(CO)c1ccccc1,0.0085355974733829,001508-75-4,Tropicamide,0,0
OC(CCN1CCCCC1)(c1ccccc1)C1CC2C=CC1C2,0.5100859999656677,000514-65-8,Biperiden,0,1
CCCCC1C(=O)N(c2ccccc2)N(c2ccccc2)C1=O,0.1933673322200775,000050-33-9,Phenylbutazone,0,0
CCC(=O)N(c1ccccc1)C1CCN(CCc2ccccc2)CC1,0.5294709801673889,000437-38-7,Fentanyl,0,1
CC(C)c1cccc(C(C)C)c1O,0.0330379456281662,002078-54-8,Propofol,0,0
CC(C)[C@@H]1CC[C@@H](C)C[C@H]1O,0.0110022546723485,002216-51-5,Levomenthol,0,0
CC1NCCOC1c1ccccc1,0.0037292675115168,000134-49-6,Phenmetrazine,0,0
CN1C(=O)CC(c2ccccc2)C1=O,0.0053368126973509,000086-34-0,Phensuximide,0,0
CN(C)C(=O)C(CCN1CCC(O)(c2ccc(Cl)cc2)CC1)(c1ccccc1)c1ccccc1,0.9929465651512146,053179-11-6,Loperamide,1,1
OCCN1CCN(CCCN2c3ccccc3Sc3ccc(Cl)cc32)CC1,0.9847670197486876,000058-39-9,Perphenazine,0,1
CN[C@@H](C)[C@@H](O)c1ccccc1,0.0021664444357156,000090-82-4,Pseudoephedrine,0,0
CN1CC[C@]23CCCC[C@H]2[C@H]1Cc1ccc(O)cc13,0.7411627769470215,000077-07-6,Levorphanol,0,1
C[C@@H]1C[C@@]2(C)[C@@H](CC[C@@H]3[C@@H]2CC[C@]2(C)[C@@H](O)CC[C@@H]32)CC1=O,0.8596123456954956,000058-19-5,Drostanolone,0,1
CC(C)(S)[C@@H](N)C(=O)O,0.0001249817432835,000052-67-5,Penicillamine,0,0
C[C@]12C=CC(=O)C=C1CC[C@@H]1[C@@H]2[C@@H](O)C[C@@]2(C)[C@H]1CC[C@]2(O)C(=O)CO,0.1787205338478088,000050-24-8,Prednisolone,0,0
CNC(=C[N+](=O)[O-])NCCSCc1ccc(CN(C)C)o1,0.0010424877982586,066357-35-5,Ranitidine,0,0
C[C@@H](Cc1ccccc1)N(C)Cc1ccccc1,0.1037086397409439,000156-08-1,Benzphetamine,0,0
C=CCc1ccccc1OCC(O)CNC(C)C,0.0013174494961276,013655-52-2,Alprenolol,0,0
COc1ccccc1OCC(O)CO,0.0002557302650529,000093-14-1,Guaifenesin,0,0
NS(=O)(=O)c1cc2c(cc1Cl)NC=NS2(=O)=O,0.0014202913735061,000058-94-6,Chlorothiazide,0,0
Nc1ccc(S(=O)(=O)Nc2ccccn2)cc1,0.0004902747459709,000144-83-2,Sulfapyridine,0,0
COC(=O)[C@H]1[C@@H](OC(=O)c2ccccc2)C[C@@H]2CC[C@H]1N2C,0.0356573425233364,000050-36-2,Cocaine,0,0
C=C[C@H]1CN2CC[C@H]1C[C@@H]2[C@@H](O)c1ccnc2ccc(OC)cc12,0.3492536842823028,000056-54-2,Quinidine,0,0
NS(=O)(=O)Cc1noc2ccccc12,0.0002205722848884,068291-97-4,Zonisamide,0,0
CCOC(=O)C1(c2ccccc2)CCN(CCc2ccc(N)cc2)CC1,0.6334009766578674,000144-14-9,Anileridine,0,1
Cc1ncc([N+](=O)[O-])n1CCO,0.0040845456533133,000443-48-1,Metronidazole,0,0
CO[C@]12CC[C@@]3(C[C@@H]1[C@](C)(O)C(C)(C)C)[C@H]1Cc4ccc(O)c5c4[C@@]3(CCN1CC1CC1)[C@H]2O5,0.9959760308265686,052485-79-7,Buprenorphine,0,1
CNCCCC12CCC(c3ccccc31)c1ccccc12,0.8487715721130371,010262-69-8,Maprotiline,0,1
Cc1cc(C(C)(C)C)c(O)c(C)c1CC1=NCCN1,0.1203647553920745,001491-59-4,Oxymetazoline,0,0
CCN(CC)C(C)C(=O)c1ccccc1,0.0071363160386681,000090-84-6,Diethylpropion,0,0
CCC(c1ccccc1)c1c(O)c2ccccc2oc1=O,0.1022117286920547,000435-97-2,Phenprocoumon,0,0
NNC(=O)c1ccncc1,0.000157849790412,000054-85-3,Isoniazid,0,0
COc1ccc2c3c1O[C@H]1C(=O)CC[C@H]4[C@@H](C2)N(C)CC[C@]314,0.8818855285644531,000125-29-1,Hydrocodone,0,1
C[C@H]1C[C@@H]2[C@H]([C@@H](O)C[C@@]3(C)[C@H]2CC[C@]3(O)C(=O)CO)[C@@]2(C)C=CC(=O)C=C12,0.265561431646347,000083-43-2,Methylprednisolone,0,0
CC(C)NCC(O)COc1cccc2[nH]ccc12,0.0011340350611135,013523-86-9,Pindolol,0,0
CN(C)CCOC(=O)C(c1ccccc1)C1(O)CCCC1,0.021606158465147,000512-15-2,Cyclopentolate,0,0
NCCc1ccc(O)c(O)c1,0.0003115340077783,000051-61-6,Dopamine,0,0
NS(=O)(=O)c1cc2c(cc1Cl)NCNS2(=O)=O,0.004689069930464,000058-93-5,Hydrochlorothiazide,0,0
CC(C(=O)O)c1cccc(C(=O)c2ccccc2)c1,0.0017081844853237,022071-15-4,Ketoprofen,0,0
CC(C)(C(=O)c1cccnc1)c1cccnc1,0.0064268968999385,000054-36-4,Metyrapone,0,0
Cc1cc(NS(=O)(=O)c2ccc(N)cc2)no1,0.0004989330773241,000723-46-6,Sulfamethoxazole,0,0
NS(=O)(=O)c1cc2c(cc1Cl)NC(C(Cl)Cl)NS2(=O)=O,0.0385421551764011,000133-67-5,Trichlormethiazide,0,0
CCOC(=O)C1=C(C)NC(C)=C(C(=O)OC)C1c1cccc(Cl)c1Cl,0.525932788848877,072509-76-3,Felodipine,0,1
COC(F)(F)C(Cl)Cl,0.6365044713020325,000076-38-0,Methoxyflurane,0,1
CCCN(CCC)S(=O)(=O)c1ccc(C(=O)O)cc1,0.0018722463864833,000057-66-9,Probenecid,0,0
CCN(CC)CCNC(=O)c1ccc(N)cc1,0.0024298296775668,000051-06-9,Procainamide,0,0
C#CCN(C)[C@H](C)Cc1ccccc1,0.0127291837707161,014611-51-9,Selegiline,0,0
CC12CC3CC(C)(C1)CC(N)(C3)C2,0.9291213154792786,019982-08-2,Memantine,0,1
CC(C)Cc1ccc(C(C)C(=O)O)cc1,0.0030607995577156,015687-27-1,Ibuprofen,0,0
O=C(C1CCCCC1)N1CC(=O)N2CCc3ccccc3C2C1,0.3625495433807373,055268-74-1,Praziquantel,0,0
CCn1cc(C(=O)O)c(=O)c2cc(F)c(N3CCNCC3)cc21,0.0846828296780586,070458-96-7,Norfloxacin,0,0
CC(=O)c1ccc2c(c1)N(CCCN1CCN(CCO)CC1)c1ccccc1S2,0.8873518109321594,002751-68-0,Acetophenazine,0,1
CC(CN1c2ccccc2Sc2ccccc21)N(C)C,0.8755119442939758,000060-87-7,Promethazine,0,1
CCOC(=O)c1ccc(N)cc1,0.0007072529406286,000094-09-7,Benzocaine,0,0
COc1cc(NC(C)CCCN)c2ncccc2c1,0.005658695474267,000090-34-6,Primaquine,0,0
COc1ccc([C@@H]2CC(=O)c3c(O)cc(O)cc3O2)cc1O,0.0017386325635015,000520-33-2,Hesperetin,0,0
CN[C@H]1CC[C@@H](c2ccc(Cl)c(Cl)c2)c2ccccc21,0.9263268113136292,079617-96-2,Sertraline,1,1
COC(=O)C1=C(C)NC(C)=C(C(=O)OC)C1c1ccccc1[N+](=O)[O-],0.091342955827713,021829-25-4,Nifedipine,0,0
CC1=NS(=O)(=O)c2cc(Cl)ccc2N1,0.0094791511073708,000364-98-7,Diazoxide,0,0
Nc1ccc2cc3ccc(N)cc3nc2c1,0.042641282081604,000092-62-6,Proflavine,0,0
COc1ccc(C2C(=O)c3ccccc3C2=O)cc1,0.0211637075990438,000117-37-3,Anisindione,0,0
CN(C)CCC=C1c2ccccc2COc2ccccc21,0.2563934326171875,001668-19-5,Doxepin,0,0
Cc1c(-c2ccccc2)oc2c(C(=O)OCCN3CCCCC3)cccc2c1=O,0.5759995579719543,015301-69-6,Flavoxate,0,1
CNCCCN1c2ccccc2CCc2ccccc21,0.3971376419067383,000050-47-5,Desipramine,0,1
O=C(NCCN1CCOCC1)c1ccc(Cl)cc1,0.0144161311909556,071320-77-9,Moclobemide,0,0
Cc1ccccc1C(OCCN(C)C)c1ccccc1,0.123258464038372,000083-98-7,Orphenadrine,0,0
CN1CCN(C(c2ccccc2)c2ccccc2)CC1,0.2673738002777099,000082-92-8,Cyclizine,0,0
CN1C(=O)CCS(=O)(=O)C1c1ccc(Cl)cc1,0.0208396166563034,000080-77-3,Chlormezanone,0,0
CCCNCC(O)COc1ccccc1C(=O)CCc1ccccc1,0.0063523105345666,054063-53-5,Propafenone,0,0
C[C@]1(O)CC[C@H]2[C@@H]3CCC4=CC(=O)CC[C@]4(C)[C@@]3(F)[C@@H](O)C[C@@]21C,0.9764237999916076,000076-43-7,Fluoxymesterone,0,1
CN1CC[C@]23c4c5ccc(O)c4O[C@H]2C(=O)CC[C@@]3(O)[C@H]1C5,0.610912561416626,000076-41-5,Oxymorphone,0,1
C[C@H](CS)C(=O)N1CCC[C@H]1C(=O)O,0.0003983159840572,062571-86-2,Captopril,0,0
CC(C)(C)NCC(O)COc1cccc2c1C[C@H](O)[C@H](O)C2,0.0159099455922842,042200-33-9,Nadolol,0,0
CC(C)(C#N)c1cc(Cn2cncn2)cc(C(C)(C)C#N)c1,0.5057455897331238,120511-73-1,Anastrozole,0,1
CCCC1O[C@@H]2C[C@H]3[C@@H]4CCC5=CC(=O)C=C[C@]5(C)[C@H]4[C@@H](O)C[C@]3(C)[C@]2(C(=O)CO)O1,0.5423597097396851,051333-22-3,Budesonide,0,1
OC(CCCN1CCCCC1)(c1ccccc1)c1ccccc1,0.3228648900985718,000972-02-1,Diphenidol,0,0
CCN(CC)CCNC(=O)c1cc(Cl)c(N)cc1OC,0.0620447434484958,000364-62-5,Metoclopramide,0,0
C[C@@H]1C[C@H]2[C@@H]3CCC4=CC(=O)C=C[C@]4(C)[C@@]3(F)[C@@H](O)C[C@]2(C)[C@@]1(O)C(=O)CO,0.8484525680541992,000050-02-2,Dexamethasone,0,1
N[C@@H](Cc1ccc(O)c(O)c1)C(=O)O,5.564716047956608e-05,000059-92-7,Levodopa,0,0
CN(C)CC/C=C1/c2ccccc2Sc2ccc(Cl)cc21,0.8999953269958496,000113-59-7,Chlorprothixene,1,1
Cc1ccc(C)c(OCCCC(C)(C)C(=O)O)c1,0.0029816122259944,025812-30-0,Gemfibrozil,0,0
CN(C)CCCN1c2ccccc2CCc2ccc(Cl)cc21,0.957363784313202,000303-49-1,Clomipramine,1,1
Cc1cc(C(=O)NNCc2ccccc2)no1,0.000746899691876,000059-63-2,Isocarboxazid,0,0
NNc1nncc2ccccc12,0.0019116539042443,000086-54-4,Hydralazine,0,0
CCC1NC(=O)c2cc(S(N)(=O)=O)c(Cl)cc2N1,0.0104535818099975,000073-49-4,Quinethazone,0,0
C#C[C@]1(O)CC[C@H]2[C@@H]3CCc4cc(OC)ccc4[C@H]3CC[C@@]21C,0.897185742855072,000072-33-3,Mestranol,0,1
CN[C@@H](C)[C@H](O)c1ccccc1,0.0022100768983364,000299-42-3,Ephedrine,0,0
COC(=O)[C@@H]1[C@H]2C[C@H]3c4[nH]c5ccccc5c4CCN3C[C@@H]2CC[C@@H]1O,0.6232578158378601,000146-48-5,Yohimbine,0,1
COc1cc2c(c(OC)c1OC)-c1ccc(OC)c(=O)cc1[C@@H](NC(C)=O)CC2,0.4131044447422027,000064-86-8,Colchicine,0,1
O=C(Oc1ccccc1C(=O)O)c1ccccc1O,0.0004946171538904,000552-94-3,Salsalate,0,0
COc1ccc2c(c1)N(C[C@H](C)CN(C)C)c1ccccc1S2,0.8861919641494751,000060-99-1,Methotrimeprazine,0,1
CC(=O)CC(c1ccc([N+](=O)[O-])cc1)c1c(O)c2ccccc2oc1=O,0.1107048392295837,000152-72-7,Acenocoumarol,0,0
CCC(=O)O[C@H]1CC[C@H]2[C@@H]3CCC4=CC(=O)CC[C@]4(C)[C@H]3CC[C@]12C,0.6780314445495605,000057-85-2,Testosterone propionate,0,1
O=[N+]([O-])c1ccc(O)c2ncccc12,0.0024953719694167,004008-48-4,Nitroxoline,0,0
CC[C@H]1[C@@H]2C[C@H]3[C@@H]4N(C)c5ccccc5[C@]45C[C@@H](C2[C@H]5O)N3[C@@H]1O,0.9742040634155272,004360-12-7,Ajmaline,0,1
COc1ccc(C(=O)c2ccccc2)c(O)c1,0.0010497111361473,000131-57-7,Oxybenzone,0,0
CCN(CC)CCCN(c1ccccc1)C1Cc2ccccc2C1,0.7838616371154785,037640-71-4,Aprindine,0,1
CC(C=C(c1cccs1)c1cccs1)N(C)C,0.1027380302548408,000524-84-5,Dimethylthiambutene,0,0
CN(C)CCc1c[nH]c2ccc(O)cc12,0.0035499189980328,000487-93-4,Bufotenine,0,0
CCOC(=O)C1(c2ccccc2)CCN(CCOCC2CCCO2)CC1,0.1668113321065902,002385-81-1,Furethidine,0,0
CCOc1ccc2c3c1O[C@H]1[C@@H](O)C=C[C@H]4[C@@H](C2)N(C)CC[C@@]341,0.8349973559379578,000076-58-4,Ethylmorphine,0,1
CCN(C)C(C)C=C(c1cccs1)c1cccs1,0.1448872685432434,000441-61-2,Ethylmethylthiambutene,0,0
C[C@@H]1CC2=CC(=O)CC[C@]2(C)[C@H]2CC[C@@]3(C)[C@@H](CC[C@]3(C)O)[C@H]12,0.8936969637870789,001605-89-6,Bolasterone,0,1
CCC(=O)O[C@]1(c2ccccc2)CCN(C)C[C@H]1C,0.0995442196726799,000468-59-7,Betaprodine,0,0
CCOC(=O)C(CCN1CCOCC1)(c1ccccc1)c1ccccc1,0.5908695459365845,000467-86-7,Dioxaphetyl butyrate,0,1
C[C@H](N)[C@@H](O)c1ccccc1,0.0013323341263458,000492-39-7,Cathine,0,0
CCCC(C)(O)C1C[C@@]23C=CC1(OC)C1Oc4c(O)ccc5c4[C@@]12CCN(C)[C@@H]3C5,0.9749479293823242,014521-96-1,Etorphine,0,1
CCC(=O)O[C@]1(c2ccccc2)CCN(C)C[C@@H]1CC,0.1575214266777038,000468-51-9,Alphameprodine,0,0
CCC(=O)N(CC(C)N(C)CCc1ccccc1)c1ccccc1,0.317924290895462,000552-25-0,Diampromide,0,0
CCOC(=O)C1(c2ccccc2)CCN(CCOCCO)CC1,0.0409677661955356,000469-82-9,Etoxeridine,0,0
CC(N)Cc1ccc2c(c1)OCO2,0.0032724286429584,004764-17-4,Tenamfetamine,0,0
C[C@]12Cc3nonc3C[C@@H]1CC[C@@H]1[C@@H]2CC[C@@]2(C)[C@H]1CC[C@]2(C)O,0.96688711643219,001239-29-8,Furazabol,0,1
CN1[C@H]2CC[C@@H]1[C@@H](C(=O)O)[C@@H](OC(=O)c1ccccc1)C2,0.0061572915874421,000519-09-5,Benzoylecgonine,0,0
CCOC(=O)C1(c2ccccc2)CCN(CCOCc2ccccc2)CC1,0.5392408967018127,003691-78-9,Benzethidine,0,1
CN1[C@H]2CC[C@@H]1[C@@H](C(=O)O)[C@@H](O)C2,0.0029438915662467,000481-37-8,Ecgonine,0,0
C[C@H](CN1CCOCC1)C(C(=O)N1CCCC1)(c1ccccc1)c1ccccc1,0.9436193704605104,000357-56-2,Dextromoramide,0,1
CN1CC[C@]23c4c5ccc(O)c4O[C@H]2CCC[C@H]3[C@H]1C5,0.8021856546401978,000427-00-9,Desomorphine,0,1
C[C@]12CCC(=O)C=C1CC[C@@H]1[C@@H]2CC[C@]2(C)C(=O)CC[C@@H]12,0.690657913684845,000063-05-8,Androstenedione,0,1
COc1ccc2c3c1O[C@H]1[C@@H](OC(C)=O)CC[C@H]4[C@@H](C2)N(C)CC[C@@]341,0.8904182314872742,003861-72-1,Acetyldihydrocodeine,0,1
C[C@]12CC[C@H]3[C@@H](CCC4=CC(=O)C=C[C@@]43C)[C@@H]1CC[C@@H]2O,0.4201725125312805,000846-48-0,Boldenone,0,1
C=CCC1CN(C)CCC1(OC(=O)CC)c1ccccc1,0.0838208422064781,025384-17-2,Allylprodine,0,0
CCC(=O)O[C@]1(c2ccccc2)CCN(C)C[C@H]1CC,0.1607293784618377,000468-50-8,Betameprodine,0,0
CC(C)(N)Cc1ccc(Cl)cc1,0.0773906037211418,000461-78-9,Chlorphentermine,0,0
C[C@H]1CC2=CC(=O)CC[C@]2(C)[C@H]2CC[C@@]3(C)[C@@H](CC[C@]3(C)O)[C@H]12,0.8938502073287964,017021-26-0,Calusterone,0,1
CN1CC[C@]23c4c5ccc(O)c4O[C@H]2[C@@H](O)CC[C@H]3[C@H]1C5,0.6946845054626465,000509-60-4,Dihydromorphine,0,1
CN1CC[C@]23c4c5ccc(OCc6ccccc6)c4O[C@H]2[C@@H](O)C=C[C@H]3[C@H]1C5,0.9352270364761353,014297-87-1,Benzylmorphine,0,1
C[C@H](N)Cc1ccccc1,0.0023174479138106,000051-64-9,Dextroamphetamine,0,0
C[C@H]1[C@H](c2ccccc2)OCCN1C,0.0352047383785247,000634-03-7,Phendimetrazine,0,0
C=CCOc1ccccc1OCC(O)CNC(C)C,0.0006829765625298,006452-71-7,Oxprenolol,0,0
Cc1ccnc(NS(=O)(=O)c2ccc(N)cc2)n1,0.001092616119422,000127-79-7,Sulfamerazine,0,0
Cc1cc(C)nc(NS(=O)(=O)c2ccc(N)cc2)n1,0.0037406038027256,000057-68-1,Sulfamethazine,0,0
N#Cc1ccc2c(c1)N(CCCN1CCC(O)CC1)c1ccccc1S2,0.9500712156295776,002622-26-6,Periciazine,0,1
CCN(CCO)CCCC(C)Nc1ccnc2cc(Cl)ccc12,0.2110689580440521,000118-42-3,Hydroxychloroquine,0,0
CC(=O)c1ccc2c(c1)N(CCCN(C)C)c1ccccc1S2,0.6483663320541382,000061-00-7,Acepromazine,0,1
CN1CCC2=C(C1)C(c1ccccc1)c1ccccc12,0.6848447322845459,000082-88-2,Phenindamine,0,1
CN(C)CCC(c1ccccc1)c1ccccn1,0.027889771386981,000086-21-5,Pheniramine,0,0
CN1CCN(CCCN2c3ccccc3Sc3ccc(S(=O)(=O)N(C)C)cc32)CC1,0.9753283262252808,000316-81-4,Thioproperazine,0,1
CN1CCN(CC/C=C2/c3ccccc3Sc3ccc(S(=O)(=O)N(C)C)cc32)CC1,0.9584388732910156,005591-45-7,Thiothixene,0,1
C#CCN(C)Cc1ccccc1,0.0057574831880629,000555-57-7,Pargyline,0,0
C[C@]12CC[C@H](O)CC1=CC[C@@H]1[C@@H]2CC[C@]2(C)C(=O)CC[C@@H]12,0.7349902987480164,000053-43-0,Prasterone,0,1
C[C@]12CC[C@H]3C(=CCc4cc(O)ccc43)[C@@H]1CCC2=O,0.2011692821979522,000474-86-2,Equilin,0,0
C[C@]12CCC(=O)C[C@@H]1CC[C@@H]1[C@@H]2CC[C@]2(C)[C@@H](O)CC[C@@H]12,0.779125988483429,000521-18-6,Stanolone,0,1
Oc1ccccc1,0.0002547791809774,000108-95-2,Phenol,0,0
c1ccc(C2(N3CCCCC3)CCCCC2)cc1,0.6125865578651428,000077-10-1,Phencyclidine,0,1
CCCCC1C(=O)N(c2ccccc2)N(c2ccc(O)cc2)C1=O,0.0649433135986328,000129-20-4,Oxyphenbutazone,0,0
CCOc1ccc(NC(C)=O)cc1,0.0010427152737975,000062-44-2,Phenacetin,0,0
O=C(O)/C=C\C(=O)O,4.909049494017381e-06,000110-16-7,Maleic acid,0,0
Cc1cc2cc3c(C)cc(=O)oc3c(C)c2o1,0.2898264825344085,003902-71-4,Trioxsalen,0,0
S=P(N1CC1)(N1CC1)N1CC1,0.973546266555786,000052-24-4,Thiotepa,0,1
C[C@]12CC[C@@H]3c4ccc(O)cc4CC[C@H]3[C@@H]1C[C@@H](O)[C@@H]2O,0.3524492681026459,000050-27-1,Estriol,0,0
CS(=O)(=O)Nc1ccc([N+](=O)[O-])cc1Oc1ccccc1,0.0033497468102723,051803-78-2,Nimesulide,0,0
Oc1c(Cl)cc(Cl)cc1Sc1cc(Cl)cc(Cl)c1O,0.8300465941429138,000097-18-7,Bithionol,1,1
CC(C)NNC(=O)c1ccncc1,0.0002799938665702,000054-92-2,Iproniazid,0,0
CN(C)CCN(Cc1cccs1)c1ccccn1,0.0522942617535591,000091-80-5,Methapyrilene,0,0
CN1Cc2c(N)cccc2C(c2ccccc2)C1,0.3146996796131134,024526-64-5,Nomifensine,0,0
CCN(CC)CCOCCOC(=O)C(CC)(CC)c1ccccc1,0.1179680600762367,000468-61-1,Oxeladin,0,0
CC(Cc1ccccc1)NCCC(c1ccccc1)c1ccccc1,0.3033117055892944,000390-64-7,Prenylamine,1,0
CN1CCC(N(Cc2cccs2)c2ccccc2)CC1,0.4737455248832702,000086-12-4,Thenalidine,0,1
Cc1ccccc1-n1c(C)nc2ccccc2c1=O,0.203975111246109,000072-44-6,Methaqualone,0,0
O=C(O)CCCCCCNC1c2ccccc2CCc2ccccc21,0.0807808488607406,057574-09-1,Amineptine,0,0
CN(C)CCC(O)(c1ccccc1)c1ccccc1Cl,0.4693003296852112,000791-35-5,Clofedanol,0,1
CC1CC(OC(=O)C(O)c2ccccc2)CC(C)(C)C1,0.0101415878161787,000456-59-7,Cyclandelate,0,0
Fc1ccc(C(c2ccc(F)cc2)N2CCN(C/C=C/c3ccccc3)CC2)cc1,0.9622955918312072,052468-60-7,Flunarizine,1,1
COc1cc2c(cc1OC)C1CC(=O)C(CC(C)C)CN1CC2,0.4190664887428283,000058-46-8,Tetrabenazine,0,1
CCN(CC)C(=O)C1(c2ccccc2)CC1CN,0.1468450427055359,092623-85-3,Milnacipran,0,0
CN1C(=O)CC(C)(c2ccccc2)C1=O,0.0371009074151515,000077-41-8,Methsuximide,0,0
Nc1ccc(S(=O)(=O)Nc2nccs2)cc1,0.0004940135404467,000072-14-0,Sulfathiazole,0,0
CN1CCN2c3ccccc3Cc3ccccc3C2C1,0.8518897891044617,024219-97-4,Mianserin,0,1
C[C@]12C/C(=C/O)C(=O)C[C@@H]1CC[C@@H]1[C@@H]2CC[C@@]2(C)[C@H]1CC[C@]2(C)O,0.8230196237564087,000434-07-1,Oxymetholone,0,1
CNCCc1ccccn1,0.0006748912273906,005638-76-6,Betahistine,0,0
c1ccc2c(CC3=NCCN3)cccc2c1,0.0179456174373626,000835-31-4,Naphazoline,0,0
C[C@]12Cc3c[nH]nc3C[C@@H]1CC[C@@H]1[C@@H]2CC[C@@]2(C)[C@H]1CC[C@]2(C)O,0.9449499249458312,010418-03-8,Stanozolol,0,1
Nc1ccc(S(=O)(=O)Nc2ccnn2-c2ccccc2)cc1,0.0054638772271573,000526-08-9,Sulfaphenazole,0,0
CCC(=O)C1(c2cccc(O)c2)CCN(C)CC1,0.0212814565747976,000469-79-4,Ketobemidone,0,0
C1N2CN3CN1CN(C2)C3,0.7548501491546631,000100-97-0,Methenamine,0,1
O=C(OCCOCCN1CCCCC1)N1c2ccccc2Sc2cccnc21,0.5728543996810913,002167-85-3,Pipazethate,0,1
Cc1nc(NS(=O)(=O)c2ccc(N)cc2)oc1C,0.0020372828003019,000729-99-7,Sulfamoxole,0,0
c1ccc(CN(CC2=NCCN2)c2ccccc2)cc1,0.0389930866658687,000091-75-8,Antazoline,0,0
CC(C1=C(CCN(C)C)Cc2ccccc21)c1ccccn1,0.2995976209640503,005636-83-9,Dimetindene,0,0
CC(CN1c2ccccc2Sc2cccnc21)N(C)C,0.5772006511688232,000482-15-5,Isothipendyl,0,1
O=C(O)[C@@H]1C[C@@H](O)CN1,2.754128581727855e-05,000051-35-4,Hydroxyproline,0,0
O=C(O)CCC(=O)c1ccc(-c2ccccc2)cc1,0.00106277607847,036330-85-5,Fenbufen,0,0
Nc1ccc(S(=O)(=O)NC(=O)c2ccccc2)cc1,0.0010759393917396,000127-71-9,Sulfabenzamide,0,0
C[C@]12CC[C@H]3[C@@H](CCC4=CC(=O)CC[C@@H]43)[C@@H]1CC[C@@H]2O,0.2965058386325836,000434-22-0,Nandrolone,0,0
CCN1CCCC1CNC(=O)c1cc(S(=O)(=O)CC)ccc1OC,0.0223727691918611,053583-79-2,Sultopride,0,0
Cc1c(C(C)C)c(=O)n(-c2ccccc2)n1C,0.1631279438734054,000479-92-5,Propyphenazone,0,0
CCn1cc(C(=O)O)c(=O)c2cc3c(cc21)OCO3,0.0041172979399561,014698-29-4,Oxolinic acid,0,0
N=C(N)NS(=O)(=O)c1ccc(N)cc1,9.324875281890854e-05,000057-67-0,Sulfaguanidine,0,0
COc1ccc(NS(=O)(=O)c2ccc(N)cc2)nn1,0.0005466001457534,000080-35-3,Sulfamethoxypyridazine,0,0
CCOC(N)=O,4.617792001226917e-05,000051-79-6,Urethane,0,0
N[C@H]1CONC1=O,2.29044944717316e-05,000068-41-7,Cycloserine,0,0
NC(=O)c1cnccn1,9.91689012153074e-05,000098-96-4,Pyrazinamide,0,0
CCC1(C)CC(=O)NC1=O,0.001752998214215,000077-67-8,Ethosuximide,0,0
NC(=O)c1ccccc1O,0.0001543134858366,000065-45-2,Salicylamide,0,0
NC(=O)CC[C@H](N)C(=O)O,7.271906724781729e-06,000056-85-9,L-Glutamine,0,0
Oc1ncnc2[nH]ncc12,0.0002544995222706,000315-30-0,Allopurinol,0,0
O=c1[nH]c2cc(Cl)ccc2o1,0.0057688169181346,000095-25-0,Chlorzoxazone,0,0
CCc1cc(C(N)=S)ccn1,0.0014207452768459,000536-33-4,Ethionamide,0,0
CCCc1cc(=O)[nH]c(=S)[nH]1,0.0007349604275077,000051-52-5,Propylthiouracil,0,0
CC(=O)Nc1ccc(O)cc1,0.0002031104813795,000103-90-2,Acetaminophen,0,0
CC[C@@H](C(N)=O)N1CCCC1=O,0.0003027132770512,102767-28-2,Levetiracetam,0,0
C#CC1(OC(N)=O)CCCCC1,0.0008497029775753,000126-52-3,Ethinamate,0,0
Cn1cnc2c1c(=O)[nH]c(=O)n2C,0.0024293800815939,000083-67-0,Theobromine,0,0
NC1=NC(=O)C(c2ccccc2)O1,0.0002603413013275,002152-34-3,Pemoline,0,0
NC(=O)NC(=O)Cc1ccccc1,0.0002334581513423,000063-98-9,Phenacemide,0,0
CCC1(CC)C(=O)NC(=O)NC1=O,0.0014835387701168,000057-44-3,Barbital,0,0
CCC1(CC)C(=O)NCC(C)C1=O,0.0031394883990287,000125-64-4,Methyprylon,0,0
CCC1(CC)C(=O)NC(=O)N(C)C1=O,0.0060804062522947,000050-11-3,Metharbital,0,0
CC(=O)NS(=O)(=O)c1ccc(N)cc1,0.0001535265328129,000144-80-9,Sulfacetamide,0,0
CCCC(C)(COC(N)=O)COC(N)=O,0.000142618722748,000057-53-4,Meprobamate,0,0
CCC(C)C1(CC)C(=O)NC(=O)NC1=O,0.0040576104074716,000125-40-6,Butabarbital,0,0
C=CCC1(C(C)C)C(=O)NC(=O)NC1=O,0.0012872233055531,000077-02-1,Aprobarbital,0,0
CCN1C(=O)NC(c2ccccc2)C1=O,0.0037557436153292,000086-35-1,Ethotoin,0,0
CCCC(C)C1(CC)C(=O)NC(=S)NC1=O,0.0043304963037371,000076-75-5,Thiopental,0,0
C=CCC1(CC(C)C)C(=O)NC(=O)NC1=O,0.0013388060033321,000077-26-9,Butalbital,0,0
CCC1(CCC(C)C)C(=O)NC(=O)NC1=O,0.0023257811553776,000057-43-2,Amobarbital,0,0
C=CCC1(C(C)CC)C(=O)NC(=O)NC1=O,0.0019223080016672,000115-44-6,Talbutal,0,0
CCCC(C)C1(CC)C(=O)NC(=O)NC1=O,0.004106193780899,000076-74-4,Pentobarbital,0,0
CCC1(c2ccccc2)NC(=O)N(C)C1=O,0.0285992007702589,000050-12-4,Mephenytoin,0,0
CCC1(c2ccccc2)CCC(=O)NC1=O,0.0104759950190782,000077-21-4,Glutethimide,0,0
Cc1cc(C)cc(OCC2CNC(=O)O2)c1,0.002809518482536,001665-48-1,Metaxalone,0,0
Nc1nc(=O)c2ncn(COCCO)c2[nH]1,0.0002603623725008,059277-89-3,Acyclovir,0,0
O=C1CN(/N=C/c2ccc([N+](=O)[O-])o2)C(=O)N1,0.000135416543344,000067-20-9,Nitrofurantoin,0,0
CCC1(c2ccc(N)cc2)CCC(=O)NC1=O,0.0101219853386282,000125-84-8,Aminoglutethimide,0,0
COc1ccc2[nH]cc(CCNC(C)=O)c2c1,0.0020162237342447,000073-31-4,Melatonin,0,0
O=c1[nH]c(=O)n([C@H]2C[C@H](O)[C@@H](CO)O2)cc1F,0.0007667953614145,000050-91-9,Floxuridine,0,0
O=c1[nH]c(=O)n([C@H]2C[C@H](O)[C@@H](CO)O2)cc1I,0.0013099007774144,000054-42-2,Idoxuridine,0,0
CN1C(=O)NC(=O)C(C)(C2=CCCCC2)C1=O,0.0064228666014969,000056-29-1,Hexobarbital,0,0
NC(=O)OCC(COC(N)=O)c1ccccc1,0.0002662782499101,025451-15-4,Felbamate,0,0
C=CCC1(C(C)CCC)C(=O)NC(=S)NC1=O,0.001919410075061,000077-27-0,Thiamylal,0,0
CCN(CC)CC(=O)Nc1c(C)cccc1C,0.0514391213655471,000137-58-6,Lidocaine,0,0
C=CCC1(C(C)CCC)C(=O)NC(=O)NC1=O,0.0019131099106743,000076-73-3,Secobarbital,0,0
COc1ccccc1OCC(O)COC(N)=O,0.0001412488200003,000532-03-6,Methocarbamol,0,0
NC(=O)N1c2ccccc2C=Cc2ccccc21,0.0458678305149078,000298-46-4,Carbamazepine,0,0
CCCCNC(=O)NS(=O)(=O)c1ccc(C)cc1,0.0005515994271263,000064-77-7,Tolbutamide,0,0
Cc1cccc(C)c1NC(=O)C1CCCCN1C,0.0909201428294181,000096-88-8,Mepivacaine,0,0
CCC1(C2=CCCCCC2)C(=O)NC(=O)NC1=O,0.0041433288715779,000509-86-4,Heptabarbital,0,0
Cc1cn([C@H]2C[C@H](N=[N+]=[N-])[C@@H](CO)O2)c(=O)[nH]c1=O,0.0007012268761172,030516-87-1,Zidovudine,0,0
O=C1NC(=O)C(c2ccccc2)(c2ccccc2)N1,0.0251087602227926,000057-41-0,Phenytoin,0,0
NC(=O)N1c2ccccc2CC(=O)c2ccccc21,0.036048550158739,028721-07-5,Oxcarbazepine,0,0
C=CCC1(C(C)C#CCC)C(=O)NC(=O)N(C)C1=O,0.0085393479093909,000151-83-7,Methohexital,0,0
CC(=O)Nc1ccc(OCC(O)CNC(C)C)cc1,0.000789024925325,006673-35-4,Practolol,0,0
CC(C)NCC(O)COc1ccc(CC(N)=O)cc1,0.0003292867040727,029122-68-7,Atenolol,0,0
O=C1Nc2ccc(Cl)cc2C(c2ccccc2)=NC1O,0.0309085641056299,000604-75-1,Oxazepam,0,0
CNC(=O)Oc1ccc2c(c1)[C@]1(C)CCN(C)[C@@H]1N2C,0.5197877287864685,000057-47-6,Physostigmine,0,1
CCCN1CCCC[C@H]1C(=O)Nc1c(C)cccc1C,0.1594578921794891,084057-95-4,Ropivacaine,0,0
Cc1ccc(S(=O)(=O)NC(=O)NN2CCCCCC2)cc1,0.005952397827059,001156-19-0,Tolazamide,0,0
COC(=O)[C@H](Cc1ccccc1)NC(=O)[C@H](N)CC(=O)O,0.0001336228306172,022839-47-0,Aspartame,0,0
O=C1CN=C(c2ccccc2)c2cc([N+](=O)[O-])ccc2N1,0.0192548874765634,000146-22-5,Nitrazepam,0,0
Cc1cc(-c2ccccc2)nnc1NCCN1CCOCC1,0.0447550378739833,025905-77-5,Minaprine,0,0
NS(=O)(=O)c1cc(C2(O)NC(=O)c3ccccc32)ccc1Cl,0.0435146987438201,000077-36-1,Chlorthalidone,0,0
O=C(CCNNC(=O)c1ccncc1)NCc1ccccc1,0.0005249364767223,000051-12-7,Nialamide,0,0
CC(=O)c1ccc(S(=O)(=O)NC(=O)NC2CCCCC2)cc1,0.0013531683944165,000968-81-0,Acetohexamide,0,0
CCN1CCC[C@H]1CNC(=O)c1c(OC)ccc(Br)c1OC,0.3335790336132049,080125-14-0,Remoxipride,0,0
CCN1CCCC1CNC(=O)c1cc(S(N)(=O)=O)ccc1OC,0.0053537096828222,015676-16-1,Sulpiride,0,0
CCCC(=O)Nc1ccc(OCC(O)CNC(C)C)c(C(C)=O)c1,0.0018389752367511,037517-30-9,Acebutolol,0,0
CC(CCc1ccccc1)NCC(O)c1ccc(O)c(C(N)=O)c1,0.0042802258394658,036894-69-6,Labetalol,0,0
CC(C)N(CCC(C(N)=O)(c1ccccc1)c1ccccn1)C(C)C,0.1565356105566024,003737-09-5,Disopyramide,0,0
CCC(CO)NC(=O)[C@@H]1C=C2c3cccc4c3c(cn4C)C[C@H]2N(C)C1,0.4679967761039734,000361-37-5,Methysergide,0,1
CCC[C@@H]1C[C@@H](C(=O)N[C@@H]([C@H]2O[C@H](SC)[C@H](O)[C@@H](O)[C@H]2O)[C@@H](C)O)N(C)C1,0.0265021473169326,000154-21-2,Lincomycin,0,0
CC(C)(C)NC(=O)[C@H]1CC[C@H]2[C@@H]3CC[C@H]4NC(=O)C=C[C@]4(C)[C@H]3CC[C@]12C,0.7726101279258728,098319-26-7,Finasteride,0,1
COc1ccc(Cl)cc1C(=O)NCCc1ccc(S(=O)(=O)NC(=O)NC2CCCCC2)cc1,0.5098722577095032,010238-21-8,Glyburide,0,1
CC(=O)OCC(=O)[C@]1(O)CC[C@@H]2[C@H]3CCC4=CC(=O)CC[C@@]4(C)[C@@H]3C(=O)C[C@]21C,0.5454680919647217,000050-04-4,Cortisone Acetate,0,1
CCC1(c2ccccc2)C(=O)NC(=O)NC1=O,0.0040852869860827,000050-06-6,Phenobarbital,0,0
O=C1NC(=O)CCC1N1C(=O)c2ccccc2C1=O,0.004878768697381,000050-35-1,"1H-Isoindole-1,3(2H)-dione, 2-(2,6-dioxo-3-piperidinyl)-",0,0
CCN(CC)C(=O)C1C=C2c3cccc4[nH]cc(c34)CC2N(C)C1,0.4388351142406463,000050-37-3,"D-Lysergic acid N,N-diethylamide",0,1
CC(=O)Oc1ccccc1C(=O)O,0.0002605145855341,000050-78-2,Aspirin,0,0
Oc1ncc(F)c(O)n1,0.0007351985550485,000051-21-8,5-Fluorouracil,0,0
CN(CCCl)CCCl,0.0293301995843648,000051-75-2,Bis(2-chloroethyl)methylamine,0,0
N[C@@H](CS)C(=O)O,1.301044085266767e-05,000052-90-4,L-Cysteine,0,0
CN1CCC[C@@H]1c1cccnc1,0.0092982286587357,000054-11-5,"Pyridine, 3-(1-methyl-2-pyrrolidinyl)-, (S)-",0,0
CN=C(NC)NCc1ccccc1,0.0004704621387645,000055-73-2,"Guanidine, 2-benzyl-1,3-dimethyl-",0,0
N[C@@H](CC(=O)O)C(=O)O,6.617337930947542e-06,,L-Aspartic acid,0,0
N[C@@H](CCC(=O)O)C(=O)O,8.682950465299655e-06,000056-86-0,L-Glutamic acid,0,0
C#C[C@@]1(O)CC[C@@H]2[C@H]3CCc4cc(O)ccc4[C@@H]3CC[C@]21C,0.6252699494361877,000057-63-6,Ethinyl Estradiol,0,1
Cc1c(N(C)C)c(=O)n(-c2ccccc2)n1C,0.1212788373231887,000058-15-1,Aminopyrine,0,0
CC12CCC(=O)C=C1CCC1C2CCC2(C)C1CC[C@@]2(C)O,0.8244301676750183,000058-18-4,17α-Methyltestosterone,0,1
Cn1c(=O)c2nc[nH]c2n(C)c1=O,0.0028084982186555,000058-55-9,Theophylline,0,0
Nc1ncnc2c1ncn2[C@H]1O[C@@H](CO)[C@H](O)[C@@H]1O,0.0008132942020893,000058-61-7,9-α-d-Arabinofuranosyladenine,0,0
CN(C)CCOC(c1ccccc1)c1ccccc1,0.0340578407049179,000058-73-1,Benadryl,0,0
OCC(S)CS,5.1518207328626886e-05,000059-52-9,"2,3-Dimercaptopropan-1-ol",0,0
CC(=O)Nc1nnc(S(N)(=O)=O)s1,9.603014041204004e-05,000059-66-5,"5-Acetamido-1,3,4-thiadiazole-2-sulfonamide",0,0
O=C(O)c1cccnc1,7.487727998523042e-05,000059-67-6,Niacin,0,0
C1=C(OC(=C1)[N+](=O)[O-])/C=N/NC(=O)N,4.403556522447616e-05,000059-87-0,Nitrofurazone,0,0
c1ccc(CC2=NCCN2)cc1,0.0015180996851995,000059-98-3,"1H-Imidazole, 4,5-dihydro-2-(phenylmethyl)-",0,0
NCCS,8.260106551460922e-05,000060-23-1,Mercaptamine,0,0
CN(C)C1C(O)=C(C(=O)N)C(=O)C2(O)C(O)=C3C(=O)c4c(O)cccc4C(C)(O)C3CC12,0.0730172023177146,000060-54-8,Tetracycline,0,0
Cn1ccnc1S,0.0019191598985344,000060-56-0,"2H-Imidazole-2-thione, 1,3-dihydro-1-methyl-",0,0
Cc1cc(=O)n(-c2ccccc2)n1C,0.0245532896369695,000060-80-0,Antipyrine,0,0
CN(C)CCc1c[nH]c2ccccc12,0.0148393148556351,000061-50-7,"N,N-Dimethyltryptamine",0,0
CCN(CC)CCc1c[nH]c2ccccc12,0.028818404302001,000061-51-8,"Indole, 3-(2-(diethylamino)ethyl)-",0,0
Cc1cccc(Nc2ccccc2C(=O)O)c1C,0.0197638310492038,000061-68-7,Mefenamic Acid,0,0
CSCC[C@@H](N)C(=O)O,3.436827682889998e-05,000063-68-3,L-Methionine,0,0
Cc1ncc(CO)c(CO)c1O,0.0025113499723374,000065-23-6,"3,4-Pyridinedimethanol, 5-hydroxy-6-methyl-",0,0
Nc1ccc(C(=O)O)c(O)c1,0.0001422543136868,000065-49-6,Aminosalicylic Acid,0,0
Oc1ncc(N(CCCl)CCCl)c(O)n1,0.0095307417213916,000066-75-1,Uracil Mustard,0,0
O=c1oc2ccccc2c(O)c1Cc1c(O)c2ccccc2oc1=O,0.147791251540184,000066-76-2,Dicumarol,0,0
C#C[C@]1(O)CCC2C3CCC4=CC(=O)CCC4C3CCC21C,0.3740708529949188,000068-22-4,Norethindrone,0,0
Nc1ccc(S(=O)(=O)Nc2ncccn2)cc1,0.0004602569970302,000068-35-9,Sulfadiazine,0,0
OC[C@@H](O)[C@@H](O)[C@H](O)[C@H](O)CO,1.650777630857192e-05,000069-65-8,D-Mannitol,0,0
NC(=O)C[C@@H](N)C(=O)O,7.0237642830761615e-06,000070-47-3,L-Asparagine,0,0
CC(=O)N(O)CCCCCNC(=O)CCC(=O)N(O)CCCCCNC(=O)CCC(=O)N(O)CCCCCN,0.0018468105699867,000070-51-9,Deferoxamine,0,0
CCCCCO,7.522847590735182e-05,000071-41-0,1-Pentanol,0,0
N[C@@H](Cc1c[nH]c2ccccc12)C(=O)O,0.000415944145061,000073-22-3,L-Tryptophan,0,0
CC[C@H](C)[C@@H](N)C(=O)O,0.000115847629786,000073-32-5,L-Isoleucine,0,0
N=C(N)NCCC[C@@H](N)C(=O)O,6.383283562172437e-06,000074-79-3,Arginine,0,0
CCCCC1(CC)C(=O)NC(=O)NC1=O,0.001544649945572,000077-28-1,Butethal,0,0
OC(CCN1CCCCC1)(c1ccccc1)C1CCCC1,0.3480991125106811,000077-39-4,"1-Piperidinepropanol, α-cyclopentyl-α-phenyl-",0,0
CCCC(C)(COC(=O)N)COC(=O)NC(C)C,0.0002392062888247,000078-44-4,"Carbamic acid, (1-methylethyl)-, 2-[[(aminocarbonyl)oxy]methyl]-2-methylpentyl ester",0,0
CC(C)CO,0.0002253424172522,000078-83-1,"1-Propanol, 2-methyl-",0,0
C[N+]1(C)C2CCC1CC(OC(=O)C(O)c1ccccc1)C2,0.0409030765295028,000080-49-9,Homatropine methyl bromide,0,0
Cc1c(N)c(=O)n(-c2ccccc2)n1C,0.0185322873294353,000083-07-8,Ampyrone,0,0
CC(=O)Nc1c(C)n(C)n(-c2ccccc2)c1=O,0.0140225682407617,000083-15-8,"Acetamide, N-antipyrinyl-",0,0
Cc1cc2nc3c(O)nc(=O)nc-3n(CC(O)C(O)C(O)CO)c2cc1C,0.0302306022495031,000083-88-5,Riboflavine,0,0
CC1=C(C/C=C(\C)CCC[C@@H](C)CCC[C@@H](C)CCCC(C)C)C(=O)c2ccccc2C1=O,0.4483031034469604,000084-80-0,Phytonadione,0,1
CC(CN(C)C)CN1c2ccccc2Sc2ccccc21,0.8848004341125488,000084-96-8,Trimeprazine,0,1
CCCCOc1cc(C(=O)NCCN(CC)CC)c2ccccc2n1,0.0333045609295368,000085-79-0,Dibucaine,0,0
CN1C2CCC1CC(OC(c1ccccc1)c1ccccc1)C2,0.4742420017719269,000086-13-5,Benztropine,0,1
CCN(CC)C(C)C=C(c1cccs1)c1cccs1,0.2559471130371094,000086-14-6,Thiambutene,0,0
O=[N+]([O-])OC1COC2C(O[N+](=O)[O-])COC12,9.481023153057322e-05,000087-33-2,Isosorbide Dinitrate,0,0
CCN(CC)C(=O)N1CCN(C)CC1,0.0462973862886428,000090-89-1,"1-Piperazinecarboxamide, N,N-diethyl-4-methyl-",0,0
CCN(CC)c1ccccc1,0.0255270041525363,000091-66-7,"N,N-Diethylaniline",0,0
COc1ccc(CN(CCN(C)C)c2ccccn2)cc1,0.067963071167469,000091-84-9,Pyrilamine,0,0
CCCNC(=O)NS(=O)(=O)c1ccc(Cl)cc1,0.0017026179702952,000094-20-2,Chloropropamide,0,0
N=c1ccc(N=Nc2ccccc2)c(N)[nH]1,0.0001058306588674,000094-78-0,"2,6-Pyridinediamine, 3-(phenylazo)-",0,0
O=C(Cl)c1ccccc1,0.0031207709107548,000098-88-4,Benzoyl chloride,0,0
NC(=O)c1cccnc1,9.594501170795412e-05,000098-92-0,Niacinamide,0,0
CCCCOc1cc(C(=O)OCCN(CC)CC)ccc1N,0.0084982309490442,000099-43-4,"Benzoic acid, 4-amino-3-butoxy-, 2-(diethylamino)ethyl ester",0,0
CCCC(CCC)C(=O)O,0.0001340040907962,000099-66-1,Valproic Acid,0,0
CNC(C)(C)Cc1ccccc1,0.0170662216842174,000100-92-5,"Benzeneethanamine, N,α,α-trimethyl-",0,0
C#CCO,5.928843529545702e-05,000107-19-7,Propargyl alcohol,0,0
CC(C)CCON=O,7.731114601483569e-05,000110-46-3,Isoamyl nitrite,0,0
N=C(N)NC(=N)NCCc1ccccc1,0.00015483199968,000114-86-3,"Imidodicarbonimidic diamide, N-(2-phenylethyl)-",0,0
CCC1(c2ccccc2)C(=O)N(C)C(=O)NC1=O,0.0132705476135015,000115-38-8,Mephobarbital,0,0
O=C1c2cccc(O)c2C(=O)c2c(O)cccc21,0.0050949384458363,000117-10-2,Danthron,0,0
NS(=O)(=O)c1cc(Cl)c(Cl)c(S(N)(=O)=O)c1,0.0091544976457953,000120-97-8,Dichlorphenamide,0,0
CN(C)c1ccccc1,0.0099260006099939,000121-69-7,"Benzenamine, N,N-dimethyl-",0,0
COc1ccc2c3c1OC1C(O)CCC4C(C2)N(C)CCC341,0.8768067955970764,000125-28-0,"Morphinan-6-ol, 4,5-epoxy-3-methoxy-17-methyl-, (5α,6α)-",0,1
CC(=O)C(=O)O,4.7487396841461305e-06,000127-17-3,"Propanoic acid, 2-oxo-",0,0
CCN(CC)CCOC(=O)c1ccc(N)cc1Cl,0.0383258573710918,000133-16-4,"Benzoic acid, 4-amino-2-chloro-, 2-(diethylamino)ethyl ester",0,0
COc1cc(C(=O)NCc2ccc(OCCN(C)C)cc2)cc(OC)c1OC,0.0564609542489051,000138-56-7,"Benzamide, N-[[4-[2-(dimethylamino)ethoxy]phenyl]methyl]-3,4,5-trimethoxy-",0,0
O=C(O)C1=CC(O)C(O)C(O)C1,1.3466667041939218e-05,000138-59-0,Shikimic acid,0,0
CN1CCC(OC(c2ccccc2)c2ccccc2)CC1,0.1165677905082702,000147-20-6,Diphenylpyraline,0,0
CC(N)Cc1c[nH]c2ccccc12,0.0056498884223401,000299-26-3,"1H-Indole-3-ethanamine, α-methyl-",0,0
CCN1CC(CCN2CCOCC2)C(c2ccccc2)(c2ccccc2)C1=O,0.9360557794570924,000309-29-5,"2-Pyrrolidinone, 1-ethyl-4-[2-(4-morpholinyl)ethyl]-3,3-diphenyl-",0,1
COc1ccc2c3c1OC1CC(O)C=CC31CCN(C)C2,0.3592467308044433,000357-70-0,Galantamin,0,0
CCn1cc(C(=O)O)c(=O)c2ccc(C)nc21,0.003246676409617,000389-08-2,Nalidixic Acid,0,0
CC/C=C\C/C=C\C/C=C\CCCCCCCC(=O)O,0.0001613642816664,000463-40-1,"9,12,15-Octadecatrienoic acid, (Z,Z,Z)-",0,0
CC(O)C(C)(C)C,0.0028832119423896,000464-07-3,"3,3-Dimethylbutane-2-ol",0,0
C=CCN1CCC23c4c5ccc(O)c4OC2C(=O)CCC3(O)C1C5,0.4617264866828918,000465-65-6,"Morphinan-6-one, 4,5-epoxy-3,14-dihydroxy-17-(2-propenyl)-, (5α)-",0,1
CCC(=O)O[C@@](Cc1ccccc1)(c1ccccc1)[C@@H](C)CN(C)C,0.4579474031925201,000469-62-5,Propoxyphene,0,1
O=C(O)CNC(=O)c1ccccc1O,3.922319592675194e-05,000487-54-7,"Glycine, N-(2-hydroxybenzoyl)-",0,0
CCCOc1ccc(C(=O)OCCN(CC)CC)cc1N,0.0109549826011061,000499-67-2,"Benzoic acid, 3-amino-4-propoxy-, 2-(diethylamino)ethyl ester",0,0
CC(Cc1ccc(O)c(O)c1)C(C)Cc1ccc(O)c(O)c1,0.0102568818256258,000500-38-9,Nordihydroguaiaretic acid,0,0
CNC(C)CCC=C(C)C,0.0008120539132505,000503-01-5,"5-Hepten-2-amine, N,6-dimethyl-",0,0
N=c1cc[nH]cc1,8.153518137987703e-05,000504-24-5,4-Aminopyridine,0,0
Nc1ccccn1,0.0002493670617695,000504-29-0,2-Aminopyridine,0,0
Cc1cc(NS(=O)(=O)c2ccc(N)cc2)nc(C)n1,0.0031181699596345,000515-64-0,Sulfisomidine,0,0
CNc1c(C)n(C)n(-c2ccccc2)c1=O,0.0369697622954845,000519-98-2,Noramidopyrine,0,0
CCC1CN2CCC1C[C@@H]2[C@@H](O)c1ccnc2ccc(OC)cc12,0.4563996493816376,000522-66-7,"Cinchonan-9-ol, 10,11-dihydro-6'-methoxy-, (8α,9R)-",0,1
CN[C@@H](C)Cc1ccccc1,0.0041642249561846,000537-46-2,Methamphetamine,0,0
Cc1ncc([N+](=O)[O-])n1C,0.0078603355213999,000551-92-8,Dimetridazole,0,0
CC(=O)Oc1ccc2c3c1OC1C(OC(C)=O)C=CC4C(C2)N(C)CCC341,0.7228408455848694,000561-27-3,Diacetylmorphine,0,1
O=C(O)CCCO,7.691083737881854e-06,000591-81-1,"Butanoic acid, 4-hydroxy-",0,0
CC(=O)N[C@@H](CS)C(=O)O,1.6668500393279828e-05,000616-91-1,"L-Cysteine, N-acetyl-",0,0
CNNCc1ccc(C(=O)NC(C)C)cc1,0.0019961150828748,000671-16-9,"Benzamide, N-(1-methylethyl)-4-[(2-methylhydrazino)methyl]-",0,0
CC12CCC3C(CC[C@@H]4CC(=O)CCC34C)C1CCC2=O,0.743062436580658,000846-46-8,"Androstane-3,17-dione, (5α)-",0,1
CC(C)(Oc1ccc(Cl)cc1)C(=O)O,0.0020448849536478,000882-09-7,Clofibric Acid,0,0
c1ccc(SSc2ccccc2)cc1,0.0288013741374015,000882-33-7,"Disulfide, diphenyl",0,0
CCN(CC)CCOc1ccc(/C(=C(\Cl)c2ccccc2)c2ccccc2)cc1,0.9133659601211548,000911-45-5,Clomiphene,1,1
CC1=CC(=O)C(C)=C(C)C1=O,0.0012221006909385,000935-92-2,"2,3,6-trimethyl-p-benzoquinone",0,0
Cc1cc(=N)[nH]o1,0.000111596462375,001072-67-9,"3-Isoxazolamine, 5-methyl-",0,0
COc1cc(CC(C)N)cc(OC)c1OC,0.009684762917459,001082-88-8,"Phenethylamine, 3,4,5-trimethoxy-α-methyl-",0,0
CC12CCC(=O)C(Cl)=C1CCC1C2CCC2(C)C1CC[C@H]2O,0.932441234588623,001093-58-9,"Androst-4-en-3-one, 4-chloro-17-hydroxy-, (17β)-",0,1
Nc1ccccc1SSc1ccccc1N,0.0424765162169933,001141-88-4,Bis(o-aminophenyl) disulfide,0,0
NC[C@H]1CC[C@H](C(=O)O)CC1,0.0002126209874404,001197-18-8,Tranexamic Acid,0,0
CCNC1C2CCC(C2)C1c1ccccc1,0.0950506776571273,001209-98-9,"2-Norbornanamine, N-ethyl-3-phenyl-",0,0
CCOC(=O)CC(SP(=O)(OC)OC)C(=O)OCC,0.0008871051250025,001634-78-2,Malaoxon,0,0
CCCCC/C=C/C/C=C/C/C=C/CCCCCCC(=O)O,0.000187067547813,001783-84-2,"8,11,14-Eicosatrienoic acid, (Z,Z,Z)-",0,0
OC1=NCN(c2ccccc2)C12CCN(CCCC(c1ccc(F)cc1)c1ccc(F)cc1)CC2,0.9924253225326538,001841-19-6,Fluspirilene,1,1
CC12CC[C@H](O)C[C@H]1CCC1C2CCC2(C)C1CC[C@H]2O,0.8652035593986511,001852-53-5,"Androstane-3,17-diol, (3α,5α,17β)-",0,1
CNC(=S)N(C)C,0.0009080284507945,002489-77-2,"Thiourea, trimethyl-",0,0
CCC(=O)c1ccc2c(c1)N(CCCN1CCN(CCO)CC1)c1ccccc1S2,0.9131279587745668,002622-30-2,Carfenazine,0,1
CCNC(=S)Nc1ccccc1,0.0009738944936543,002741-06-2,"Thiourea, N-ethyl-N'-phenyl-",0,0
CN(C)C(=S)N(C)C,0.0072428612038493,002782-91-4,"Thiourea, tetramethyl-",0,0
COc1ccc(OC)c(CC(C)N)c1,0.0050237402319908,002801-68-5,"Benzeneethanamine, 2,5-dimethoxy-α-methyl-",0,0
CC(C)(C)C(=O)Cl,0.0129378587007522,003282-30-2,Pivalyl chloride,0,0
Cc1ccc(S(=O)(=O)N=C=O)cc1,0.0004126133862882,004083-64-1,"Benzenesulfonyl isocyanate, 4-methyl-",0,0
CN(C)N=Nc1[nH]cnc1C(N)=O,5.933158900006674e-05,004342-03-4,"Imidazole-4-carboxamide, 5-(3,3-dimethyl-1-triazeno)-",0,0
CCc1c(C)[nH]c2c1C(=O)C(CN1CCOCC1)CC2,0.1169913560152053,007416-34-4,"Indol-4(5H)-one, 3-ethyl-6,7-dihydro-2-methyl-5-(morpholinomethyl)-",0,0
CC(C)N(CCC(C(=O)N)(c1ccccc1)c1ccccc1)C(C)C,0.3922964930534363,007492-32-2,"Benzenepropanaminium, γ-(aminocarbonyl)-N-methyl-N,N-bis(1-methylethyl)-γ-phenyl-",0,1
CC(=O)NC(C=O)C(O)C(O)C(O)CO,6.641875188506674e-06,007512-17-6,N-Acetyl-D-glucosamine,0,0
CC(C)NCC(O)c1ccc(O)c(O)c1,0.0003991444245912,007683-59-2,Isoproterenol,0,0
CC(N)C12CC3CC(CC(C3)C1)C2,0.4930165112018585,013392-28-4,"1-Adamantanemethylamine, α-methyl-",0,1
CC(=O)c1ccc2c(c1)N(CC(C)N(C)C)c1ccccc1S2,0.747326135635376,013461-01-3,Acepromethazine,0,1
COc1cc(CC(C)N)cc2c1OCO2,0.0046409936621785,013674-05-0,"Phenethylamine, 3-methoxy-α-methyl-4,5-(methylenedioxy)-",0,0
CC(N)C(O)c1ccccc1,0.0009311332833021,014838-15-4,"Norephedrine, (.+/-.)-",0,0
COc1cc(CC(C)N)c(OC)cc1C,0.0275636222213506,015588-95-1,"Benzeneethanamine, 2,5-dimethoxy-α,4-dimethyl-",0,0
CNC(C)Cc1ccc2c(c1)OCO2,0.0064745228737592,042542-10-9,"N-Methyl-3,4-methylenedioxyamphetamine",0,0
OC(=NCC1CCCCN1)c1cc(OCC(F)(F)F)ccc1OCC(F)(F)F,0.1700433045625686,054143-55-4,"Benzamide, N-(2-piperidinylmethyl)-2,5-bis(2,2,2-trifluoroethoxy)-",1,0
