SMILES,PBT_pred,PBT_bin_pred
CCCC[Sn](CCCC)(CCCC)O[Sn](CCCC)(CCCC)CCCC,0.2980628311634063,0
C=C(F)C(=O)OC,0.0002734741137828,0
S=c1[nH]c2ccccc2s1,0.0053129205480217,0
O=S(=O)(O)C(F)(F)F,0.000526665826328,0
COC1(c2ccc(F)cc2)CCC(NCCCOc2ccc(F)cc2)CC1,0.762580156326294,1
NN=C(c1ccccc1)c1ccccc1,0.00360914086923,0
CC(=CCO)CCCC(C)CCCC(C)CCCC(C)C,0.0133855165913701,0
O=P(O)(O)OCC(O)CO,2.560058874223614e-06,0
Clc1ccc(CC(=CCN2CCCC2)c2ccccc2)cc1,0.534912645816803,1
O=C1c2c(Br)c(Br)c(Br)c(Br)c2C(=O)N1CCN1C(=O)c2c(Br)c(Br)c(Br)c(Br)c2C1=O,0.9998563528060912,1
C[Si](C)(C)O[Si](C)(O[Si](C)(C)C)O[Si](C)(C)C,0.3505347669124603,0
O=C(Nc1ccc(S(=O)(=O)Cl)cc1NC(=O)C(F)(F)C(F)(F)C(F)(F)C(F)(F)C(F)(F)C(F)(F)C(F)(F)F)C(F)(F)C(F)(F)C(F)(F)C(F)(F)C(F)(F)C(F)(F)C(F)(F)F,0.999948263168335,1
FC(F)(F)F,0.0135940760374069,0
OCC#CCO,0.0001080719157471,0
O=[N+]([O-])[O-],0.0001248554763151,0
FC(F)(F)C(F)(F)C(F)(F)C(F)(F)C(F)(F)C(F)(F)C(F)(F)C(F)(F)CCc1ccc(P(c2ccc(CCC(F)(F)C(F)(F)C(F)(F)C(F)(F)C(F)(F)C(F)(F)C(F)(F)C(F)(F)F)cc2)c2ccc(CCC(F)(F)C(F)(F)C(F)(F)C(F)(F)C(F)(F)C(F)(F)C(F)(F)C(F)(F)F)cc2)cc1,0.99999737739563,1
OC(O)C(Cl)(Cl)Cl,0.0024229690898209,0
C[N+](C)(CCCNS(=O)(=O)CCC(F)(F)C(F)(F)C(F)(F)C(F)(F)C(F)(F)C(F)(F)F)CC(=O)O,0.9867588877677916,1
CCN(CC)c1ccc2c(C)cc(=O)oc2c1,0.1350245326757431,0
CN1CCC(Cl)CC1,0.0639493763446807,0
CN(C)c1ccc(P(c2ccc(N(C)C)cc2)c2ccc(N(C)C)cc2)cc1,0.9532413482666016,1
CN(C)c1ccc(C(=C2C=CC(=Nc3ccccc3)c3ccccc32)c2ccc(N(C)C)cc2)cc1,0.956710159778595,1
Nc1ccc(-c2ccc(N)c(Cl)c2)cc1Cl,0.4287798702716827,1
CCc1cc(CC)c2sc3ccccc3c(=O)c2c1,0.6691946387290955,1
FC(OCC(F)(F)C(F)(F)C(F)(F)C(F)(F)C(F)(F)C(F)(F)C(F)(F)F)=C(F)C(F)(F)C(F)(F)C(F)(F)C(F)(F)C(F)(F)C(F)(F)C(F)(F)F,0.9999843835830688,1
CC(C)c1ccccc1-c1ccccc1,0.09633469581604,0
O=C1CCC(C(=O)Oc2c(Cl)c(Cl)c(Cl)c(Cl)c2Cl)N1,0.8180558681488037,1
ClCCCN1CCN(c2cccc(Cl)c2)CC1,0.4375675320625305,1
O=[N+]([O-])c1ccccc1-c1ccc(Cl)cc1,0.2669018805027008,0
C=C(Br)C(F)(F)F,0.5729490518569946,1
CC(=O)c1ccc(Oc2ccc(Cl)cc2)cc1C(F)(F)F,0.5782999396324158,1
O=P(O)(O)OP(=O)(O)O,8.522860639459395e-07,0
C=C(C)CC(C)(C)C,0.0064087170176208,0
C[Si](Cl)(Cl)CCC(F)(F)F,0.3842183649539947,1
O=C(O)C(F)(OC(F)(F)C(F)(F)C(F)(F)F)C(F)(F)F,0.9734082221984864,1
O=Cc1ccccc1Cl,0.0058178985491395,0
CCCCCCCCC=CCCCCCCCCO,0.0003224152897018,0
CCN(CC)CCCC(C)Nc1c2ccc(Cl)cc2nc2ccc(OC)cc12,0.9225631952285768,1
FC(F)=C(F)C(F)(F)F,0.83513343334198,1
Cc1cc(O)c(C(C)C)cc1C1(c2cc(C(C)C)c(OP(=O)(O)O)cc2C)OC(=O)c2ccccc21,0.9271757006645204,1
CC(C)C(Nc1ccc(C(F)(F)F)cc1Cl)C(=O)OC(C#N)c1cccc(Oc2ccccc2)c1,0.9641823172569276,1
CC(F)F,0.0033656049054116,0
CCCCCCCCCCCCCCCCCCNC(=O)C=CC(=O)O,0.0002188803482567,0
CN(C)C(=S)S,0.001003346638754,0
CC(C)=CC1C(C(=O)OCN2C(=O)C3=C(CCCC3)C2=O)C1(C)C,0.2916408181190491,0
N#Cc1ccccc1C=Cc1ccc(C=Cc2ccccc2C#N)cc1,0.4706602692604065,1
O=S(=O)(Cl)c1ccccc1,0.0007596864597871,0
CC(C)(ON)C(=O)O,3.0132305255392566e-05,0
CC(C)(C)c1ccc(OP(=O)(Cl)Oc2ccc(C(C)(C)C)cc2)cc1,0.914755880832672,1
C[Pb](C)(C)C,0.0140833240002393,0
ON=C(Cc1ccccc1)c1ccccc1,0.0063499151729047,0
NC(CSSCC(N)C(=O)O)C(=O)O,1.898213849926833e-05,0
Fc1ccc(Br)cc1,0.2714705467224121,0
CC(=O)C=C(C)O,4.606598304235376e-05,0
COc1cccc(Br)c1,0.0257800724357366,0
NCCBr,0.0012281335657462,0
CC1(C)OC(CP(c2ccccc2)c2ccccc2)C(CP(c2ccccc2)c2ccccc2)O1,0.9650253057479858,1
O=C(O)c1c(Br)c(Br)c(Br)c(Br)c1C(=O)O,0.953562557697296,1
CC(COCC(C)OP(Oc1ccccc1)Oc1ccccc1)OP(Oc1ccccc1)Oc1ccccc1,0.6107968688011169,1
C[Si](C)(C)O,0.0003172367578372,0
N=C(N)N,9.314152521255892e-06,0
CCN(CC)c1ccc(N(c2ccc(N(CC)CC)cc2)c2ccc(N(CC)CC)cc2)cc1,0.9704654216766356,1
CC(C)(C)OOC(C)(C)C#CC(C)(C)OOC(C)(C)C,0.0296213198453187,0
O=C(Cl)c1cccc(C(=O)Cl)c1,0.0136847086250782,0
CCc1c(C)cc(N)c(CC)c1N,0.3182303607463836,0
COc1ccc(C2CC(=O)c3c(O)cc(OC4OC(COC5OC(C)C(O)C(O)C5O)C(O)C(O)C4O)cc3O2)cc1O,0.0119812674820423,0
Nc1c(Cl)cc(C(F)(F)F)cc1Cl,0.8988797068595886,1
CO[Si](OC)(c1ccccc1)c1ccccc1,0.0831789970397949,0
CC(C)=CCCC(C)CC#N,0.0021620576735585,0
Clc1ccccn1,0.0030416327062994,0
CCC(COC(=O)c1cc(OC)c(OC)c(OC)c1N(C)C)c1ccccc1,0.5188924074172974,1
CCOC(=O)C=C(C)O,6.851447687949985e-05,0
CO,0.0011116449022665,0
NN=C(N)N,1.2899374269181862e-05,0
Nc1cc(Cl)c(Cl)cc1[N+](=O)[O-],0.2742227911949157,0
O=c1c(CO)cc(=NNc2ccc(S(=O)(=O)O)c3ccccc23)c(=O)c1=NNc1ccc(S(=O)(=O)O)c2ccccc12,0.1835080683231353,0
ClP(c1ccccc1)c1ccccc1,0.2228220850229263,0
CC1CO1,0.0002203805488534,0
C[Si](C)O[Si](C)C,0.0086054736748337,0
CCOC(C)=NO,5.817858618684113e-05,0
O=S(=O)(O)OOS(=O)(=O)O,5.298465666214725e-08,0
c1ccc(-c2cnc(-c3ccccc3)o2)cc1,0.0100415600463747,0
O=C(NC(=O)c1c(F)cccc1F)Nc1ccc(CON=C(c2ccc(Cl)cc2)C2CC2)cc1,0.9134987592697144,1
O=S(=O)(O)O,9.570721459795096e-08,0
O=C(O)c1c(Cl)c(Cl)c(Cl)c(Cl)c1C1c2cc(Br)c(O)c(Br)c2Oc2c1cc(Br)c(O)c2Br,0.999000608921051,1
CNC,0.0011293413117527,0
CC1(C)C2CCC1(CS(=O)(=O)O)C(=O)C2,0.0102849472314119,0
COC(=O)Cl,0.0004613339842762,0
c1ccc2c(c1)-c1nc-2nc2[nH]c(nc3nc(nc4[nH]c(n1)c1ccccc41)-c1ccccc1-3)c1ccccc21,0.9230629801750184,1
O=S(=O)(F)NS(=O)(=O)F,1.2024122042930683e-05,0
CCCCCCCCCCC=CC(CC(=O)O)C(=O)O,5.256161966826767e-05,0
O=[N+]([O-])c1ccccc1F,0.0247968267649412,0
ClC=CC[N+]12CN3CN(CN(C3)C1)C2,0.730509340763092,1
CC(C)N(c1n[n+](C)c(N=Nc2ccc(N(C)C)cc2)s1)C(C)C,0.2068092823028564,0
Fc1cccc(F)c1CCl,0.7280690670013428,1
CC(=O)OC1CCC2(C)C(=CCC3C2CCC2(C)C(C(C)=NO)=CCC32)C1,0.8325348496437073,1
FC(F)(F)c1cccc(C(c2ccccc2)(c2ccccc2)n2cncn2)c1,0.9556107521057128,1
C1=CC(c2ccc(C3CC=CCC3)cc2)CCC1,0.0638300701975822,0
CCN(CC)c1ccc2nc3ccc(=[N+](CC)CC)cc-3oc2c1,0.3295276463031769,0
NC(Cc1cnc[nH]1)C(=O)O,3.735614154720679e-05,0
Cc1ccc(N2C(=O)N(c3ccc(C)c(N=C=O)c3)C2=O)cc1N=C=O,0.3912359774112701,1
O=S(=O)(NS(=O)(=O)C(F)(F)F)C(F)(F)F,0.0208084359765052,0
O=C(O)CC(NCCNC(CC(=O)O)C(=O)O)C(=O)O,1.5162427189352456e-05,0
Clc1ncc(Br)c(Cl)n1,0.4524513781070709,1
NC(=O)N=C(N)N,1.1374071618774906e-05,0
COc1cc(C(=O)OCCN2CCNCC2CCCN2c3ccccc3Sc3ccc(Cl)cc32)cc(OC)c1OC,0.9881248474121094,1
O=C1NS(=O)(=O)c2ccccc21,0.000610202550888,0
Fc1cccc(C(F)(F)F)n1,0.1826141923666,0
CNC(=O)ON=C(C)SC,0.0001338450965704,0
O=S(=O)(O)CCC(F)(F)C(F)(F)C(F)(F)C(F)(F)C(F)(F)C(F)(F)F,0.997623860836029,1
[2H]C(Cl)(Cl)Cl,0.0149132413789629,0
C[N+](C)(C)CCO,0.0014281729236245,0
CN,0.0014200980076566,0
C[Si](Cl)(Cl)c1ccccc1,0.180207073688507,0
CC1(C)C2CCC1(CS(=O)(=O)OS13CCCC1C1C(C3)N(Cc3ccccc3)C(=O)N1Cc1ccccc1)C(=O)C2,0.993777871131897,1
CC1CCC2N(C1)C1CC3C4CC=C5CC(O)CCC5(C)C4CCC3(C)C1C2(C)O,0.9911303520202636,1
Ic1[nH]c(I)c(I)c1I,0.975885570049286,1
Clc1ccc(OCCOP(OCCOc2ccc(Cl)cc2Cl)OCCOc2ccc(Cl)cc2Cl)c(Cl)c1,0.973484992980957,1
c1ccc2c(c1)c(Cc1cn(CN3CCCCC3)c3ccccc13)cn2CN1CCCCC1,0.9907673001289368,1
c1ccc2c(c1)=c1ccc3c4c(ccc=2c14)=c1ccccc1=3,0.9100416302680968,1
FC(F)(F)C(F)(F)C(F)(F)N(C(F)(F)C(F)(F)C(F)(F)F)C(F)(F)C(F)(F)C(F)(F)F,0.9999568462371826,1
O=C(Nc1ccc(Cl)c(C(F)(F)F)c1)Nc1ccc(Cl)c(C(F)(F)F)c1,0.9714518189430236,1
FC(Cl)=C(F)C(F)(Cl)C(F)(Cl)C(F)(Cl)C(F)(Cl)Cl,0.9998058676719666,1
COc1cc(O)c2c(=O)cc(-c3ccc(OC)c(-c4c(O)cc(O)c5c(=O)cc(-c6ccc(O)cc6)oc45)c3)oc2c1,0.5074692964553833,1
CCOc1ccc(Cc2nccc3cc(OCC)c(OCC)cc23)cc1OCC,0.6056050062179565,1
CCC1CN2CCc3cc(OC)c(OC)cc3C2CC1CC1=NCCc2cc(OC)c(OC)cc21,0.986761212348938,1
COc1c(Cl)c(C)c2c(c1Cl)OC(=O)c1c(C)c(Cl)c(O)c(Cl)c1O2,0.9761911630630492,1
IC(I)C(I)(I)I,0.9318356513977052,1
Brc1cc(Br)cc(Br)c1,0.9542304873466492,1
Fc1c(F)c(F)c2c(F)c(C(Cl)(Cl)Cl)c(F)c(F)c2c1F,0.9993745684623718,1
FC(F)(F)C1(C(F)(F)F)SC(C(F)(F)F)(C(F)(F)F)S1,0.9997981190681458,1
CC1(C)SC(C)(C)SC(C)(C)S1,0.9263017177581788,1
C1CCC2C(C1)CCC1NC3C4CCCCC4SCC3C12,0.7678220272064209,1
FC(F)(F)C(F)(F)C(F)(F)c1nc(C(F)(F)C(F)(F)C(F)(F)F)nc(C(F)(F)C(F)(F)C(F)(F)F)n1,0.9998711347579956,1
Clc1ccc2c(c1)N=Nc1cc(Cl)ccc1C2,0.573409378528595,1
CC1=CC(=O)OC12CC1C(C)(CCC3C(C)(C)CCCC31C)O2,0.937383472919464,1
COC(=O)C=CC(C)=CC=CC=C(C)C=CC=C(C)C=CC1(O)C(C)(C)CCCC1(C)O,0.1458101272583007,0
CN(C)c1ccc(C(=C(c2ccc(N(C)C)cc2)c2ccc(N(C)C)cc2)c2ccc(N(C)C)cc2)cc1,0.978220522403717,1
Cc1cc2sc(-c3cc4sc(-c5cc6scnc6c(S)c5N)nc4c(S)c3N)nc2c(S)c1N,0.9903752207756042,1
CC(C)CCCC(C)C1CCC2C3CCC4(C#N)CC(=O)CCC4(C)C3CCC12C,0.988842248916626,1
CN(C)P(=S)(Oc1c(Cl)c(Cl)c(Cl)c(Cl)c1Cl)N(C)C,0.9973377585411072,1
CC(C)CCCC(C)C1CCC2C3CCC4CC(=O)C(Br)CC4(C)C3CCC12C,0.9934072494506836,1
OC(C#CC(O)(c1ccccc1)c1ccccc1)(c1ccccc1)c1ccccc1,0.6786820888519287,1
ICC(CI)(CI)CI,0.9294417500495912,1
CC(C)(c1ccc(OC(F)(F)C(F)F)cc1)c1ccc(OC(F)(F)C(F)F)cc1,0.9915776252746582,1
COc1ccc2c(c1)c(CC(=O)OC(C)(C)C)c(C)n2C(=O)c1ccc(Cl)cc1,0.9154524207115172,1
O=C1NCN(c2ccccc2)C12CCN(CCCC(c1ccc(F)cc1)c1ccc(F)cc1)CC2,0.99097341299057,1
CN(C)CCCC1c2ccccc2CCc2ccc(Cl)cc21,0.9477697610855104,1
N#CC1(N=NC2(C#N)CCCCC2)CCCCC1,0.0466405414044857,0
Cc1c(I)cc(I)c(O)c1I,0.8120311498641968,1
O=C(Cl)CC(c1ccc(Cl)cc1)(c1ccc(Cl)cc1)c1ccc(Cl)cc1,0.9821343421936036,1
c1ccc(N2CCN(c3ccccc3)C2=C2N(c3ccccc3)CCN2c2ccccc2)cc1,0.961747944355011,1
O=C(CCC(c1ccc(Cl)cc1)C1CCCN1C(=O)N1CCCCC1)c1ccc(F)cc1,0.971599578857422,1
CCCCCCC(C)C(Cl)(CC)C(=O)Oc1ccc([N+](=O)[O-])cc1[N+](=O)[O-],0.4596521258354187,1
ClC(=C(Cl)C(Cl)(Cl)Cl)C(Cl)(Cl)Cl,0.9898715615272522,1
CC(C)CCCC(C)C1CCC2C3CCC4CC(=O)C(Cl)CC4(C)C3CCC12C,0.9879607558250428,1
O=S1(=O)Oc2ccccc2C1(c1c(Cl)cc(O)cc1Br)c1c(Cl)cc(O)cc1Br,0.995712399482727,1
CCC(c1ccc(OCCN(CC)CC)cc1)C(CC)c1ccc(OCCN(CC)CC)cc1,0.888748824596405,1
CCP(=S)(OC)OCc1cc(Cl)c(Br)cc1Cl,0.825917661190033,1
Cc1c(C)c(CCl)c(C)c(C)c1CCl,0.9810803532600404,1
ClC(Cl)=C(Cl)C(Cl)(Cl)C(Cl)(Cl)Cl,0.996057152748108,1
CON=C1CCC2(C)C(CCC3C2CCC2(C)C(C(C)=NOC)CCC32)C1,0.9306468963623048,1
BrCc1c(CBr)c(CBr)c(CBr)c(CBr)c1CBr,0.9994545578956604,1
O=C1CC(Nc2ccc(Cl)cc2Cl)=NN1c1c(Cl)cc(Cl)cc1Cl,0.9598687887191772,1
CCCN1C(=O)C(=CC=C2N(CC)c3cc(Cl)c(Cl)cc3N2CC)N(C)C1=S,0.9815443754196168,1
COc1nc(OC)nc(-c2ccc3ccc4cccc5ccc2c3c45)n1,0.7607882618904114,1
C=CCc1ccc(OCc2nc3ccccc3c(=O)n2-c2ccccc2C)c(OC)c1,0.716494083404541,1
ClC(Cl)=C(c1ccc(Cl)cc1)c1ccccc1Cl,0.8075345158576965,1
CN(C)C(C)(OCCc1ccccc1)c1ccc(Br)cc1,0.6830297112464905,1
Cc1ccc2c(Br)cc(Br)c(OC(=O)c3ccccc3)c2n1,0.8565034866333008,1
Clc1ccc(C[PH](c2ccccc2)(c2ccccc2)c2ccccc2)cc1Cl,0.9790540933609008,1
CC(C)c1c(O)ccc2c1C(=O)C=C1C(C)(C)CCCC12C,0.6560645699501038,1
Cc1cc(O)cc(C(C)(C)C)c1Sc1c(C)cc(O)cc1C(C)(C)C,0.939032018184662,1
O=c1c2cc(Br)c3cccc4c(=O)c5cc(Br)c6cccc1c6c5-c2c34,0.99839848279953,1
ClCCN(CCCl)c1ccc(CCNc2ccnc3cc(Cl)ccc23)cc1,0.925332248210907,1
COP(=S)(OC)SCC(C)CSC1C2C(Cl)=C(Cl)C(Cl)(C1Cl)C2(Cl)Cl,0.9971579313278198,1
CCOC(=O)C1=C(Nc2ccc(C)cc2)CC(C(=O)OCC)=C(Nc2ccc(C)cc2)C1,0.5583929419517517,1
Clc1ccccc1CCNC1CCC(NCCc2ccccc2Cl)CC1,0.8995845317840576,1
Cc1c(N=C2NC(=O)c3c(Cl)c(Cl)c(Cl)c(Cl)c32)cccc1N=C1NC(=O)c2c(Cl)c(Cl)c(Cl)c(Cl)c21,0.9991877675056458,1
CC1=NN(c2ccccc2)C(=O)C1=CC=C1N(C)c2ccccc2C1(C)C,0.817898690700531,1
Clc1ccccc1OB(Oc1ccccc1Cl)Oc1ccccc1Cl,0.7479066848754883,1
N#Cc1cc(-n2nc3ccc4ccccc4c3n2)ccc1C=Cc1ccc(Cl)cc1,0.9451245665550232,1
CCP(=S)(CC)Oc1cc(Cl)c(Cl)cc1Cl,0.9239797592163086,1
ClC(Cl)(Cl)C(c1cccs1)c1cccs1,0.7682717442512512,1
Cc1cc(Nc2cccc(Cl)c2)cc2sc3c(Cl)c(=O)c(Cl)c(Cl)c-3nc12,0.9942776560783386,1
O=c1c(-c2ccccc2)c2c3ccccc3n3c(=O)c(-c4ccccc4)c4c5ccccc5n1c4c23,0.990340292453766,1
O=C1c2ccccc2C(=O)c2c1ccc1nc(-c3nc4ccc5c(c4s3)C(=O)c3ccccc3C5=O)sc21,0.975243866443634,1
ClC(Cl)(Cl)C(Cl)(C(Cl)(Cl)Cl)C(Cl)(Cl)Cl,0.9996678829193116,1
O=C1C(=C2Sc3c(cc(Cl)c(Cl)c3Cl)C2=O)Nc2c(Cl)cc(Cl)cc21,0.9948535561561584,1
ClC1=C(Cl)C(Cl)(C(Cl)(Cl)Cl)C(Cl)=C1Cl,0.9991674423217772,1
CN(C)CCCNS(=O)(=O)c1cc(-n2nc3ccc4ccccc4c3n2)ccc1C=Cc1ccccc1,0.5848119854927063,1
Clc1ccc2c(c1)Cc1cc(Cl)cc(Cl)c1-2,0.9840517044067384,1
Clc1cc2c(cc1Cl)-c1cc(Cl)c(Cl)cc1-2,0.993911862373352,1
CC(C)(C)c1ccc2oc(-c3ccc(-c4nc5cc(C(C)(C)C)ccc5o4)s3)nc2c1,0.9765132069587708,1
Clc1ccccc1C=NCC1CCC(CN=Cc2ccccc2Cl)CC1,0.7501109838485718,1
CCNP(=S)(OCC)Oc1ccc(C(C)(C)C)cc1Cl,0.6434471607208252,1
CC(C)(Nc1ccnc2cc(Cl)ccc12)N1CCN(C(C)(C)Nc2ccnc3cc(Cl)ccc23)CC1,0.9954013824462892,1
OC(c1ccc(Cl)cc1)(c1ccccc1Cl)C(Cl)(Cl)Cl,0.9516961574554444,1
Clc1ccc(C2CCc3ccccc3NC2Cc2ncc[nH]2)cc1,0.5691721439361572,1
Clc1c(Cl)c(Br)c(Br)c(Cl)c1Br,0.99965500831604,1
ClC(Cl)(c1ccccc1)C(Cl)(Cl)c1ccccc1,0.9373378157615662,1
CCN(CC)CCSC(=S)N1c2ccccc2Sc2ccccc21,0.9481724500656128,1
c1ccc(Cc2nc(Cc3ccccc3)nc(Cc3ccccc3)n2)cc1,0.5134701728820801,1
CC12CCC(=O)C=C1CCC1C2CCC2(C)C(C(=O)COC(=O)CCc3ccccc3)CCC12,0.8984942436218262,1
OCCNc1c(Cl)c(Cl)c(-c2c(Cl)c(Cl)c(NCCO)c(Cl)c2Cl)c(Cl)c1Cl,0.9988442659378052,1
C1=Cc2nc1c(-c1ccncc1)c1ccc([nH]1)c(-c1ccncc1)c1nc(c(-c3ccncc3)c3ccc([nH]3)c2-c2ccncc2)C=C1,0.919524908065796,1
Cc1ccc(S(=O)(=O)N=C2C=CC(=[N+]=[N-])C=C2S(=O)(=O)Nc2cc(C)ccc2C)cc1,0.1625452637672424,0
CC(C)(C)C#CC(C)(C)C(C)(C)C#CC(C)(C)C,0.6689742803573608,1
Fc1c(F)c(F)c(Sc2c(F)c(F)c(F)c(F)c2Br)c(Br)c1F,0.9998074173927308,1
CCCOP(=S)(CC)SCOc1ccc(Cl)cc1Cl,0.4663463234901428,1
Ic1sc(I)c(I)c1I,0.99722558259964,1
COC(=O)c1c(C)cc(OC(=O)c2c(C)cc(OC(=O)c3c(C)cc(OC)cc3OC)cc2OC)cc1OC,0.8690997958183289,1
Fc1c(F)c(F)c(Sc2c(F)c(F)c(F)c(F)c2I)c(I)c1F,0.9997804760932922,1
O=[N+]([O-])c1ccc(NC(c2ccccc2)(c2ccccc2)c2ccccc2)cc1,0.7965598106384277,1
CC(C)(c1ccc(Oc2ccc([N+](=O)[O-])cc2)cc1)c1ccc(Oc2ccc([N+](=O)[O-])cc2)cc1,0.8969802856445312,1
COC(=O)c1c(C)n(C)c2c1c1c(O)c3c(O)c(C)c4c(c32)C(=O)C(C)(OC=CC(OC)C(C)C(OC(C)=O)C(C)C(O)C(C)C(O)C(C)C=CC=C(C)C(=O)N1)O4,0.6762360334396362,1
c1ccc(N(CN(c2ccccc2)c2ccccc2)c2ccccc2)cc1,0.6424654126167297,1
Cc1c(CC(Cl)Cl)cc(-c2ccccc2)c2ccccc12,0.9317346215248108,1
COc1ccc(NC(=O)C2=Nc3ccc(OC)cc3C2(Cc2ccccc2)Cc2ccccc2)cc1,0.9619463682174684,1
COc1ccc(N=C(C(=O)Nc2ccc(OC)cc2)C(=Cc2ccccc2)Cc2ccccc2)cc1,0.598870038986206,1
Cc1cc(C)c2c(c1)N=C(C(=O)NC(C)(C)C)C21CCCCC1,0.8795244693756104,1
O=C1Oc2ccccc2C12c1ccc(Cl)cc1Oc1cc(NCc3ccccc3)ccc12,0.9945313930511476,1
COc1cc(-c2ccc(N3NN(c4ccccc4)N=C3c3ccccc3)c(OC)c2)ccc1N1NN(c2ccccc2)N=C1c1ccccc1,0.926813781261444,1
Clc1ccccc1C(c1ccccc1)(c1ccccc1)n1ccnc1,0.9151692390441896,1
CC(C)(C)c1ccc(CN2CCN(CCSC(c3ccccc3)c3ccc(Cl)cc3)CC2)cc1,0.9955669045448304,1
CC(C)(C)c1ccc(Oc2ccc(C(C)(C)C)cc2)cc1,0.5682823657989502,1
Cc1cc(F)ccc1C(=O)Nc1cc(Cl)cc(-c2ccc(Cl)cc2)c1O,0.7920705080032349,1
CC(=O)C12OC(C)(c3ccccc3)OC1CC1C3CCC4=CC(=O)CCC4(C)C3CCC12C,0.9771316647529602,1
C#CC1(O)CCC2C3CCC4=Cc5c(cnn5-c5ccc(F)cc5)CC4(C)C3CCC21C,0.993550419807434,1
FC(F)=C(F)OC(F)(F)C(F)(Oc1c(F)c(F)c(F)c(F)c1F)C(F)(F)F,0.9990122318267822,1
CC(C)CCCCCOC(=O)Cc1cc(Cl)c(Cl)cc1Cl,0.5192955136299133,1
CCOP(=S)(CC)Oc1cc(Cl)c(I)cc1Cl,0.8811348080635071,1
O=S(=O)(Cl)c1ccc(C(F)(F)C(F)(F)C(F)(F)C(F)(F)C(F)(F)C(F)(F)C(F)(F)F)cc1,0.999879002571106,1
CCc1nc2ccccc2c(=O)n1-c1c(Cl)cccc1Cl,0.8507074117660522,1
ClC(=NNc1c(Cl)cc(Cl)cc1Cl)c1ccccc1,0.5529423952102661,1
O=C1OC(=O)c2cc(Oc3ccc(-c4ccc(Oc5ccc6c(c5)C(=O)OC6=O)cc4)cc3)ccc21,0.7452350854873657,1
COc1ccc(C(SC(=S)OC(C)C)(SC(=S)OC(C)C)c2ccc(OC)cc2)cc1,0.91376793384552,1
Cc1ccc(-n2c(=O)n(-c3ccc(C)c(N=C=O)c3)c(=O)n(-c3ccc(C)c(N=C=O)c3)c2=O)cc1N=C=O,0.8932371735572815,1
OC1(c2ccc(Cl)c(C(F)(F)F)c2)CCN(CCCC(c2ccc(F)cc2)c2ccc(F)cc2)CC1,0.9989373087882996,1
Cn1c2ccc3ccccc3c2c2c3ccccc3ccc21,0.9033294320106506,1
CCN(CC)c1ccc2c(c1)Oc1c(c(C)nn1-c1ccccc1)C21OC(=O)c2ccccc21,0.989535629749298,1
C=CCNc1nc(NCC=C)nc(N2CCN(C(c3ccc(F)cc3)c3ccc(F)cc3)CC2)n1,0.8559650182723999,1
c1ccc(CN(Cc2ccccc2)c2cccc(N(Cc3ccccc3)Cc3ccccc3)c2)cc1,0.9508006572723388,1
CCc1c2[nH]c(c1C)C(=O)c1[nH]c(c(C)c1CC)C(=O)c1[nH]c(c(C)c1CC)C(=O)c1cc(C)c([nH]1)C2=O,0.9595305919647216,1
CCN1C(=CC(C=C2Sc3ccc4ccccc4c3N2CC)=C2C(=O)N(CCOC)C(=O)N(CCOC)C2=O)Sc2ccc3ccccc3c21,0.9968666434288024,1
O=C=NCc1ccc(NC(=O)OCC(COC(=O)Nc2cccc(CN=C=O)c2)OC(=O)Nc2cccc(CN=C=O)c2)cc1,0.1319629549980163,0
CCC(=O)c1cccc(N2CCCC23CCCCC3)c1-c1ccccc1,0.8889375925064087,1
C=CC(CC(C)(C)CC(C)(C)C)c1ccc2cccnc2c1O,0.1145222708582878,0
COc1cc(-c2ccc(Nc3ccc([N+](=O)[O-])cc3[N+](=O)[O-])c(OC)c2)ccc1Nc1ccc([N+](=O)[O-])cc1[N+](=O)[O-],0.8359177708625793,1
FC(F)(F)C(F)(F)C(F)(F)C(F)(F)C(F)(F)C(F)(F)C(F)(F)C=NCCc1ccccc1,0.9997084736824036,1
C=C(C(=O)Cc1c(C)cc(C(C)(C)C)cc1C)c1ccccc1,0.4969586431980133,1
O=C(Cc1ccc([N+](=O)[O-])cc1)Oc1cc(-c2ccccc2)cc2ccc([N+](=O)[O-])cc12,0.8374618291854858,1
BrC(Br)(Br)c1nc(Nc2ccccc2)nc(C(Br)(Br)Br)n1,0.9657476544380188,1
Clc1ccc(Oc2nc(Nc3ccccc3)nc(Oc3ccc(Cl)cc3)n2)cc1,0.6614161729812622,1
CN(C)c1nc(C(Cl)(Cl)Cl)[nH]c(=NN=Cc2c(Cl)c(Cl)c(Cl)c(Cl)c2Cl)n1,0.9741197824478148,1
c1ccc(Nc2nc(Nc3ccccc3)nc(Sc3ccccc3)n2)cc1,0.1597127318382263,0
ClC(Cl)(Cl)c1nc(C2CCCCC2)nc(C(Cl)(Cl)Cl)n1,0.9315884113311768,1
C=C(C)C(=O)SCCC(F)(F)C(F)(F)C(F)(F)C(F)(F)C(F)(C(F)(F)F)C(F)(F)F,0.9998302459716796,1
S=c1[nH]nc(CCCSCCCc2n[nH]c(=S)n2-c2ccccc2)n1-c1ccccc1,0.6038429737091064,1
S=C(Nc1ccc(Cl)cc1)Sc1nc(Cl)nc(SC(=S)Nc2ccc(Cl)cc2)n1,0.8300434947013855,1
O=c1c2cc3c(=O)n(C(c4ccccc4)c4ccccc4)c(=O)c3cc2c(=O)n1C(c1ccccc1)c1ccccc1,0.9619300365447998,1
CC(CC12CC3CC(C)(CC(C)(C3)C1Cl)C2)N(C)C,0.9933162331581116,1
CCN(CC(COc1ccccc1)OC(=O)Nc1ccccc1)c1ccc(C=O)c(C)c1,0.3405605256557464,0
ClC1=CC=C2[S]=CC3=C(N=C4C=Cc5ccccc5C43)C2C1,0.4723453223705292,1
FC(F)(F)c1cccc(C2c3ccccc3-c3ccccc32)c1,0.9654287099838256,1
Nc1ccccc1C(=O)OCCCCCCOc1cc(O)c2c(c1N)C(=O)c1ccccc1C2=O,0.1790632903575897,0
O=c1c2cc3c(=O)n(-c4ccc(-c5ccccc5)cc4)c(=O)c3cc2c(=O)n1-c1ccc(-c2ccccc2)cc1,0.9569469094276428,1
O=C1c2ccc(C(F)(F)C(F)(F)C(F)(F)c3ccc4c(c3)C(=O)N(c3ccccc3)C4=O)cc2C(=O)N1c1ccccc1,0.999071717262268,1
Clc1cccc2c1ccc1c(CBr)c3ccccc3cc12,0.9896786212921144,1
CCCSP(=S)(OCC)Oc1c(Cl)cc(Cl)cc1Cl,0.8722003102302551,1
O=C(CCCN1CCCCC1)c1ccc2c(c1)Cc1cc(C(=O)CCCN3CCCCC3)ccc1-2,0.9231365323066713,1
CC(C(=O)c1ccc(OCc2ccccc2)cc1)N1CCC(Cc2ccccc2)CC1,0.7942308783531189,1
O=[N+]([O-])c1ccc(Cl)cc1SCCSc1ccc(Cl)cc1[N+](=O)[O-],0.91171532869339,1
CN1Cc2ccccc2C12c1ccccc1CCc1ccccc12,0.9921011328697203,1
CCOc1ccc(NC(c2ccc(OCC)cc2)C(Cl)(Cl)Cl)cc1,0.7361087203025818,1
CCOC(=O)c1cnc(N2CCN(CCC(c3ccccc3)(c3ccccc3)c3ccccc3)CC2)nc1OCC,0.9744375348091124,1
C=CCNc1cnnc(N2CCN(CCC(c3ccccc3)(c3ccccc3)c3ccccc3)CC2)c1,0.9179842472076416,1
CCCCCCCCCCCCCCCC(=O)OC1C(SC)OC(C(NC(=O)C2CC(CCC)CCN2C)C(C)Cl)C(O)C1O,0.2265869528055191,0
CC1=NC(C)(C)C2(C)ON3C(C)=NC(C)(C)C3(C)ON12,0.7579315304756165,1
CCN(CC)c1ccc2c(c1)Oc1cc(N(CC)CC)ccc1N2C(=O)c1ccccc1,0.9723978638648988,1
O=C1c2c(Br)c(Br)c(Br)c(Br)c2C(=O)N1c1c(Br)cc(Br)cc1Br,0.9998546838760376,1
Cc1ccc2c(c1C)-c1cccc3cccc-2c13,0.9355958104133606,1
CCCCCCC1OC(C(F)(F)F)(C(F)(F)F)OC1CC,0.6855508089065552,1
CCN(CC)CCn1c2cc(-c3ccc(Br)cc3)ccc2n2ccnc12,0.9621232151985168,1
Cc1c(Cl)c(Br)c(Br)c(Br)c1Br,0.9996457099914552,1
O=C1c2ccccc2C(=O)N1Cc1cc(CN2C(=O)c3ccccc3C2=O)c(O)c(-c2nc3ccccc3s2)c1,0.939087986946106,1
CC1=CC(C2(c3cc(C)c(O)c(Br)c3C)OS(=O)(=O)c3ccccc32)C(C)C(Br)C1O,0.9884064793586732,1
CC1CC2C3CCC4=CC(=O)C=CC4(C)C3(F)C(O)CC2(C)C1(O)C(=O)COC(=O)C12CC3CC(CC(C3)C1)C2,0.9891424775123596,1
O=C1c2ccccc2C(=O)c2c1ccc1c2[nH]c2c3cccc4c3c(cc12)-c1ccccc1C4=O,0.9597411751747132,1
Cc1cc(SCCCCCN2CCSC2)nc2ccc(Cl)cc12,0.7611622214317322,1
CC1C(c2ccccc2)c2cc(C(C)(C)C)ccc2CN1C,0.8892689943313599,1
Clc1ccccc1C(Cl)(c1ccccc1)c1ccccc1,0.9248153567314148,1
C1=Cc2ccc3c4c(ccc(c24)C1)-c1ccccc1-3,0.9089204668998718,1
CCN(C=C(Sc1ccc([N+](=O)[O-])cc1[N+](=O)[O-])Sc1ccc([N+](=O)[O-])cc1[N+](=O)[O-])C1CCCCC1,0.9572793245315552,1
CC(C)(C)c1ccc(C(=O)CCCN2CCC(C(O)(c3ccccc3)c3ccccc3)CC2)cc1,0.94132262468338,1
CCN(CC)CCn1nc2ccc(C)c3c2c1Sc1cc(Cl)ccc1-3,0.9897735714912416,1
COC(=O)c1cc(Cl)c(OCCOc2c(Cl)cc(C(=O)OC)cc2Cl)c(Cl)c1,0.8351261019706726,1
Oc1c(Cl)cc(Cl)cc1-c1nc2c(Cl)c3oc(-c4cc(Cl)cc(Cl)c4O)nc3c(Cl)c2o1,0.9799672961235046,1
O=C(Nc1c(Br)cc(Br)cc1Br)c1cccc(C(=O)Nc2c(Br)cc(Br)cc2Br)c1,0.9961010217666626,1
O=[N+]([O-])c1ccc(Cc2ccc(Cl)cc2Cl)c(Cl)c1,0.9209102392196656,1
CC(C)=CCC(C#N)(CCN(C)C)Cc1cccc2ccccc12,0.645146369934082,1
O=c1c2cccc(O)c2c(=O)c2c1c1c(=O)c3c(O)cccc3c(=O)c1c1c(=O)c3c(O)cccc3c(=O)c21,0.8705112934112549,1
CC(C)SN(c1ccccc1)P(=O)(N(SC(C)C)c1ccccc1)N(SC(C)C)c1ccccc1,0.9905685782432556,1
CCN(CC)c1ccc2c(c1)OC1(C=C2)OC=c2cc3ccccc3cc2=C1C,0.9326863288879396,1
Cc1c(Cl)cc(Cl)c2sc(C3=Nc4c(ccc(Cl)c4Cl)C3=O)c(O)c12,0.992591142654419,1
Clc1ccc2[nH]c(CCCCCCc3nc4cc(Cl)ccc4[nH]3)nc2c1,0.7421583533287048,1
Oc1c(Br)cc(Cl)cc1C(Cl)=Nc1ccc(Br)cc1,0.795668363571167,1
ClC1=NC(Cl)(Cl)c2c(Cl)c(Cl)c(Cl)c(Cl)c21,0.9991552829742432,1
Nc1c(C(=O)Nc2cc3c(cc2Br)C(=O)c2ccccc2C3=O)ccc2c1C(=O)c1ccccc1C2=O,0.9519315361976624,1
O=[N+]([O-])c1ccc2c(N3CCC(CCCC4CCN(c5ncnc6cc([N+](=O)[O-])ccc56)CC4)CC3)ncnc2c1,0.9753632545471193,1
CC1=CC(=NOC(=O)Nc2cc(N3C(=O)N(c4ccc(C)c(NC(=O)ON=C5C=C(C)C(=O)C(C)=C5)c4)C3=O)ccc2C)C=C(C)C1=O,0.5697069764137268,1
CC12CCC(=O)C=C1CCC1C2C(O)CC2(C)C1CCC2(O)C(=O)COC(=O)COc1nn(Cc2ccccc2)c2ccccc12,0.9243797063827516,1
Clc1ccc(N2CCN(c3cccc(Cl)c3)C2C(Cl)(Cl)Cl)cc1,0.9850876927375792,1
CCN(CCOc1ccccc1C1CCCCC1)c1ccc(C=C(C#N)C#N)c(C)c1,0.9486905932426452,1
Cc1ccc(S(=O)(=O)Nc2c(Br)cc3ccccc3c2Br)cc1,0.9465526342391968,1
Cc1c(Cl)c(Cl)c(Cl)c(-n2cccc2)c1Cl,0.9784808158874512,1
COc1ccc2c(c1C(C)C)C=CC1C(C)(C)CCCC21C,0.943978488445282,1
Cc1c2c(n(C(C)(C)C)c1C(=O)NC(C)(C)C)CCCC2,0.7466623783111572,1
CCN1C(=CC=C2C(=O)ON=C2c2ccccc2)C(C)(C)c2cc(S(=O)(=O)c3ccccc3)ccc21,0.9495203495025636,1
COc1ccc(C=Nc2ccc(CCc3ccc(N=Cc4ccc(OC)cc4)cc3)cc2)cc1,0.7539803981781006,1
COC(=O)OC(F)(F)C(F)(F)C(F)(F)C(F)(F)C(F)(F)C(F)(F)C(F)(F)C(F)(F)OC(=O)OC,0.999519944190979,1
CN(C)c1cccc2c(S(=O)(=O)NCCCCCNS(=O)(=O)c3cccc4c(N(C)C)cccc34)cccc12,0.7888361215591431,1
CCOC(=O)C(C)(CC)Oc1ccc(Cc2ccc(Cl)cc2)cc1,0.535415768623352,1
C=CCOc1c(Cl)cc(C(C)(C)C)cc1C(C)(C)C,0.8525179624557495,1
O=c1oc2ccccc2c(O)c1C1CC(c2ccc(-c3ccc(Br)cc3)cc2)Cc2ccccc21,0.9948945045471193,1
COc1c(Cl)ccc(Cl)c1C(=O)OCCN(CCOC(=O)c1c(Cl)ccc(Cl)c1OC)c1ccccc1,0.985301673412323,1
CCC(=O)C(CCCCCCOc1ccc(OC)cc1Cl)C(=O)CC,0.0397016555070877,0
CCNC(=O)C=C(C)C=CC=C(C)C=Cc1c(C)cc(OC)c(C)c1C,0.1091135218739509,0
COc1cc([N+](=O)[O-])ccc1[N+](=[N-])OS(=O)c1cccc2c(S(=O)(=O)O[N+](=[N-])c3ccc([N+](=O)[O-])cc3OC)cccc12,0.8447785377502441,1
O=C1C(N=NC2C(=O)N(c3ccccc3)N=C2c2ccccc2)C(c2ccccc2)=NN1c1ccccc1,0.2459128946065902,0
O=C(CC1(c2ccc(Br)cc2)CC(c2ccccc2)=NO1)c1ccc(Br)cc1,0.9384308457374572,1
OC1=CC2=CC=C3C4=C(C=CC(=C1)C24)C=C1C=CC=CC13,0.0192361753433942,0
COc1ccc(-c2ccc(NC(=O)Nc3ccc(-c4ccc(OC)cc4OC)cc3)cc2)c(OC)c1,0.7829676866531372,1
CC(C)(Cl)OP(=S)(OC(C)(C)Cl)OC(C)(C)Cl,0.7338624000549316,1
Oc1cc(Cl)c(Cl)cc1CCc1cc(Cl)c(Cl)cc1O,0.8387354016304016,1
C=C(CC(Cl)(Cl)Cl)c1ccc(C)c(Cl)c1,0.593349814414978,1
CC1(C)CC2(C)SC(C)(C)CC(C)(S1)S2,0.9911845326423644,1
CC12CC3(C)SC(C)(S1)SC(C(N)=O)(S2)S3,0.9378672242164612,1
O=C1OC(=C(c2ccccc2)c2ccccc2)OC(=C(c2ccccc2)c2ccccc2)C1(c1ccccc1)c1ccccc1,0.9664896130561828,1
c1ccc(N(COCN(c2ccccc2)c2ccccc2)c2ccccc2)cc1,0.6431578397750854,1
C=C(C)C(C(=O)OC(c1ccccc1)c1ccccc1)N1C(=O)C(NC(=O)COc2ccccc2)C1SS(=O)(=O)c1ccc(C)cc1,0.665835976600647,1
CC(=O)OC(C)(CC(C)C)N=NC(C)(CC(C)C)OC(C)=O,0.0022745565511286,0
COc1ccc(CCN(C)CCCC(C#N)(Cc2ccccc2)c2ccc(OC)c(OC)c2)cc1OC,0.962033748626709,1
CCN1C(=CC=CC(C)=C2SC(=S)N(C3CCCCC3)C2=O)OC(c2ccccc2)=C1c1ccccc1,0.9236937761306764,1
OC(c1ccccc1)(c1ccccc1)c1ccccc1C(O)(c1ccccc1)c1ccccn1,0.8303512930870056,1
OC(Cc1ccccc1C(O)(Cc1ccccc1)c1ccccc1)(c1ccccc1)c1ccccn1,0.9083481431007384,1
OC(Cc1ccccc1)(Cc1ccccc1C(O)(Cc1ccccc1)Cc1ccccc1)c1ccccn1,0.9334337711334229,1
OC(c1ccccc1)(c1ccccc1)C1CCCC(C(O)(c2ccccc2)c2ccccc2)N1,0.9155283570289612,1
CCCOc1cc(OCCC)c(C=Nc2cc([N+](=O)[O-])ccc2O)c(OCCC)c1,0.0684171915054321,0
COc1cccc2c1OC1(CC2C=C2Sc3ccccc3N2C)Sc2ccccc2N1C,0.9958053827285768,1
C=C(C)c1cc(Br)c(Br)cc1Br,0.9639731645584106,1
CC(CCOC(=O)c1nc2ccccc2nc1C(=O)OCCC(C)CC(C)(C)C)CC(C)(C)C,0.6647973656654358,1
CCCC(=NO)c1ccc2c(c1)N(CCCN(C)C)c1ccccc1S2,0.8590678572654724,1
CC(C)(C)CP(C(C)(C)C)C(C)(C)C,0.8366560339927673,1
C=CCOc1nc(Nc2ccc(Nc3ccccc3)cc2)nc(OCC=C)n1,0.0364212878048419,0
CC(C)(C)C1=CC(=c2c(=O)c(=C3C=C(C(C)(C)C)C(=O)C(C(C)(C)C)=C3)c2=O)C=C(C(C)(C)C)C1=O,0.8658621907234192,1
CCN(CC)c1ccc(C=CC(=O)C=Cc2ccc(N(CC)CC)cc2)cc1,0.3390028476715088,0
Cc1nnc(CCl)n1-c1sc(Br)cc1C(Br)c1ccccc1Cl,0.9920766353607178,1
O=C(Oc1cc(Cl)c(Cl)cc1Cl)OC(c1ccccc1)c1ccccc1,0.916506290435791,1
Cc1c2ccc3ccccc3c2c(C)c2c1sc1ccccc12,0.9911319613456726,1
CCC(=Cc1nc2cc(Cl)ccc2s1)C=C1Sc2ccc(Cl)cc2N1CC,0.9874228239059448,1
CCC(C)(C)c1ccc(Oc2ccc([N+](=O)[O-])cc2C(=O)Cl)c(C(C)(C)CC)c1,0.9829390048980712,1
CCN(CC)c1ccc(N=C2C=C(C(=O)Nc3cccc(OC)c3)C(=O)c3ccccc32)c(C)c1,0.6754300594329834,1
O=S(=O)(Cl)c1ccc2cc(OS(=O)(=O)c3ccccc3)c(OS(=O)(=O)c3ccccc3)cc2c1,0.3681614398956299,0
CN(c1c(Br)cc(Br)cc1Br)c1c([N+](=O)[O-])cc([N+](=O)[O-])cc1C(F)(F)F,0.9974530339241028,1
FC(F)(F)c1nc2c(Cl)cc(Cl)c(Oc3cc(Cl)c(Cl)cc3Cl)c2[nH]1,0.9922549724578856,1
CCOC(=O)N(c1cccc(OC)c1)c1cccc(N(C(=O)OCC)c2cccc(OC)c2)c1,0.7133030891418457,1
O=[N+]([O-])c1cc(Cl)c(NOS(=O)(=O)ONc2c(Cl)cc([N+](=O)[O-])cc2Br)c(Br)c1,0.8280052542686462,1
CCOC(=O)C=C(NNc1c(Cl)cc(Cl)cc1Cl)Nc1ccc(Cl)cc1Cl,0.8692405223846436,1
Clc1ccc(-c2cc(Cl)ccc2NCCCc2cc[nH]c2)cc1,0.4881936609745025,1
Clc1ccc(C(=Cc2ccc(Cl)cc2Cl)Cn2ccnc2)cc1,0.7093954682350159,1
CN(CCCCCCN(C)C1C2C=CC=CC2=C2C=CC=CC21)C1c2ccccc2-c2ccccc21,0.9485958814620972,1
CC1=NN(c2ccccc2)C(=O)C1=CC=C1N(c2ccccc2)c2nc3ccc(Cl)cc3nc2N1c1ccccc1,0.9714340567588806,1
S=C(NC(c1ccccc1)(c1ccccc1)c1ccccc1)C(=S)NC(c1ccccc1)(c1ccccc1)c1ccccc1,0.962769329547882,1
CC(C)=CCN1CCC23CCCCC2C1Cc1ccc(OC(=O)c2cccnc2)cc13,0.9513420462608336,1
CCOP(=O)(OCC)C(SCC)(Sc1ccccc1)P(=O)(OCC)OCC,0.7152112126350403,1
CC1=CC(C)(C)C=C(S)N1c1cccc(N2C(C)=CC(C)(C)C=C2S)c1,0.92030268907547,1
Oc1cc(Cl)cc2c1S(CCCN1C3CCCC1CC3)=c1ccccc1=N2,0.9628269076347352,1
CN1CCC(OC(=O)C(c2ccccc2)c2ccccc2)(c2ccccc2)CC1,0.8613883256912231,1
CN(C)CCOC(C1c2ccccc2-c2ccccc21)C1C2C=CC=CC2=C2C=CC=CC21,0.94179505109787,1
CCOc1ccc(C2(OC(=O)C(C#N)c3cccc(Oc4ccccc4)c3)CC2(Cl)Cl)cc1,0.9844856262207032,1
CN1CCC2CCCCC2C1CCc1ccc(Cl)cc1,0.8194704651832581,1
Cc1ccccc1C=CCN(CCCl)Cc1ccccc1,0.2797875702381134,0
O=C(OC1CCN(CCc2ccccc2)CC1)C1c2ccccc2-c2ccccc21,0.9445720314979552,1
CN(C)c1ccc(C2SC(c3ccc(N(C)C)cc3)SC(c3ccc(N(C)C)cc3)S2)cc1,0.9882932305336,1
CCC(Oc1ccc(S(=O)(=O)c2ccc(OC(CC)N(CC)CC)cc2)cc1)N(CC)CC,0.6252800226211548,1
O=C(C(=O)c1cc(Cl)cc(Cl)c1O)c1cc(Cl)cc(Cl)c1O,0.3391680419445038,0
NC(=S)NN=Cc1c2ccccc2c2ccc3cccc4ccc1c2c43,0.6437191367149353,1
CC(C)N(CCCN1C(=O)C(c2ccc(Cl)cc2)CCc2ccccc21)C(C)C,0.9880081415176392,1
Cc1cc(C)c(-c2cc(Cl)c(O)cc2Cl)cc1-c1cc(Cl)c(O)cc1Cl,0.985158145427704,1
O=C(C(c1ccccc1)c1ccccc1)N1C(=O)C(c2ccccc2)(c2ccccc2)C1c1ccccc1,0.9558953642845154,1
COc1ccc(C(OCC2OC(n3cnc4c(NC(=O)c5ccccc5)ncnc43)CC2O)(c2ccccc2)c2ccc(OC)cc2)cc1,0.8824052214622498,1
CCOC(=O)C(=NOC)c1csc(NC(c2ccccc2)(c2ccccc2)c2ccccc2)n1,0.6966286301612854,1
CCC(C)=NOC(=O)Nc1cccc(N(C)C(=O)OCCC(C)OC(=O)N(C)c2cccc(NC(=O)ON=C(C)CC)c2)c1,0.2465359270572662,0
CCN(CC)c1ccc(N=C2C=C(Cl)C(=O)c3cccc(NS(=O)(=O)c4ccc(C)cc4)c32)c(C)c1,0.9403010606765748,1
O=S(=O)(F)C(F)(F)C(F)(F)OC(F)(F)C(F)(F)I,0.994768500328064,1
CCCS(=O)(=O)Nc1ccc(C(=O)C(C#N)=Cc2ccc(N(CC)CC(=O)OCC(F)(F)F)cc2C)cc1,0.5551307797431946,1
CC(C)(C)C(=O)Oc1cc(C(=O)OCc2cc(=O)c(OC(=O)C(C)(C)C)co2)cc(OC(=O)C(C)(C)C)c1OC(=O)C(C)(C)C,0.3645895719528198,0
COc1ccc(C(=CC2C(C)(C)C2(c2ccc(C#N)cc2)c2ccc(C#N)cc2)c2ccc(OC)cc2)cc1,0.9935218691825868,1
FC(F)(F)c1ccc(Oc2ccc(Oc3ccc(C(F)(F)F)cc3)cc2)cc1,0.9273160696029664,1
CN(C)c1ccc(C2(N(c3ccccc3)c3ccccc3)OC(=O)c3ccccc32)cc1,0.974157214164734,1
CC1=NN(C(=O)Nc2ccc(SC(F)(F)Cl)c(Cl)c2)CC1c1ccc(Br)cc1,0.9828386902809144,1
CC(C)=CCOC1(C)CCC23CC1C(C)(C)C2CCC3C,0.9477713704109192,1
CCCCCCCC(=O)Nc1ccc(C(NC(N)=O)c2ccc(N(CC)CC)cc2C)cc1OC,0.3849147260189056,1
C=C(C)C(=O)OCC1C(COC(=O)C(=C)C)C(Cl)(Cl)C(Cl)=C(Cl)C1(Cl)Cl,0.9548482298851012,1
CCC(C)=NOC(=O)NCC1(C)CC(NC(=O)ON=C(C)CC)CC(C)(C)C1,0.0848119109869003,0
Cc1ccc(N=C=O)cc1-n1c(=O)n(CCCCCCN=C=O)c(=O)n(-c2cc(N=C=O)ccc2C)c1=O,0.6702184081077576,1
Clc1ccc2nc(Nc3ccccc3)c(Nc3ccccc3)nc2c1,0.4349255263805389,1
CC(Br)CCCC(Cl)C(Br)CC(Br)CCl,0.8526479601860046,1
CCN(CC)c1ccc2c(c1)-c1cc(C)c(Cl)cc1C2,0.9827098846435548,1
Clc1cccc(C(Cl)(c2cccc(Cl)c2)C(Cl)(Cl)Cl)c1,0.9925018548965454,1
Cc1ccc(S(=O)(=O)OS(C)(C)c2cc(C)c(OC(=O)N3CCCCC3)cc2C)cc1,0.929029941558838,1
COc1ccc(CCN2CCC(Nc3nc4ccccc4n3Cc3ccc(F)cc3)CC2)cc1,0.977241039276123,1
CCn1c(C)c(C(c2ccc(N(C)C)cc2)S(=O)(=O)c2ccc(C)cc2)c2ccccc21,0.982229709625244,1
CC1=NC(C)CN1C(=O)NCC1(C)CC(NC(=O)N2CC(C)N=C2C)CC(C)(C)C1,0.7927539944648743,1
CCOc1ccc(-c2nc(C(Cl)(Cl)Cl)nc(C(Cl)(Cl)Cl)n2)c2ccccc12,0.9847823977470398,1
C=CC(C)(CCC=C(C)C)c1ccc2c3c(c[nH]c13)CC(CO)NC(=O)C(C(C)C)N2C,0.7699321508407593,1
COc1ccc(COC(=O)C(C(=O)NC2(OC)C(=O)N3C(C(=O)OC(c4ccccc4)c4ccccc4)=C(CSc4nnnn4C)COC32)c2ccc(O)cc2)cc1,0.6345512866973877,1
O=C1c2ccccc2C(=O)C1c1nc2cccc(Br)c2c(Br)c1O,0.83302241563797,1
O=C(c1cc(Cl)cc(Cl)c1)c1ccc(C(Cl)Cl)c(C(Cl)Cl)c1,0.9432535767555236,1
Brc1ccc(-c2ccc(C3Cc4ccccc4C(Br)C3)cc2)cc1,0.9898679256439208,1
CCOC1=NN(c2ccc(NC(=O)COc3ccc(C(C)(C)CC)cc3C(C)(C)CC)cc2)C(=O)C1Sc1nnnn1-c1ccccc1,0.9321257472038268,1
Cc1ccc(N2CN(C3CCCCC3)CN(C)C2=S)c(C)c1,0.8294911980628967,1
CN(C)c1ccc(C(NC(=O)NC(c2ccc(N(C)C)cc2)c2ccc(N(C)C)cc2)c2ccc(N(C)C)cc2)cc1,0.9651436805725098,1
O=C(NC(=O)c1c(F)cccc1F)Nc1cc(Cl)c(Oc2ncc(C(F)(F)F)cc2Cl)c(Cl)c1,0.9686654806137084,1
O=C(Oc1c(Cl)cccc1Cl)c1c(Cl)cccc1Cl,0.8922866582870483,1
CCCCN(CCCC)c1cc2c(cc1N(CC)CC)Oc1ncnc(C)c1C21OCc2ccccc21,0.9946154952049256,1
CC12CCC(=O)C(CSc3ccccc3)=C1CCC1C2CCC2(C)C1CCC2(C)O,0.9885053634643556,1
Cc1cc(C2CCCC(c3ccc(N)c(C)c3)C2)ccc1N,0.6284292340278625,1
O=S(=O)(c1ccc(N=Cc2cc(Br)ccc2O)cc1)c1ccc(N=Cc2cc(Br)ccc2O)cc1,0.7536690831184387,1
CCN(CCOC(=O)Nc1ccccc1)c1ccc(C=C(C#N)S(=O)(=O)c2ccc(C)cc2)c(C)c1,0.7579165101051331,1
CC(C)(C)c1ccc(OP(Cl)c2ccccc2)c(C(C)(C)C)c1,0.9527441263198853,1
CCN(CC)CCCNc1nccc2c(C)c3[nH]c4ccc(OC)cc4c3c(C)c12,0.8898833990097046,1
O=C1C(=Cc2cc3c4c(c2)CCCN4CCC3)Cc2ccccc21,0.8984917402267456,1
Cc1cn(C(CC(C)CCCC(C)(C)O)n2cc(C)c3ccccc32)c2ccccc12,0.9640041589736938,1
CC(Cl)(CC(Cl)(Cl)Cl)c1cc(Cl)cc(Cl)c1,0.9726679921150208,1
CCc1ccccc1NC(=O)c1cc2ccccc2c(-c2ccc(Cl)cc2C)c1O,0.9453343749046326,1
COc1c(Cl)cc(-c2ccc(Cl)cc2)cc1Cl,0.8247470855712891,1
CC(C)N(CCSC(=O)N1c2ccccc2Sc2cccnc21)C(C)C,0.9083066582679749,1
COc1ccc(C(=CC(C)(C)C=C(c2ccc(C#N)cc2)c2ccc(C#N)cc2)c2ccc(OC)cc2)cc1,0.950011134147644,1
CCN(CC)c1ccc(C=CC2=NN(c3ccccn3)C(c3ccc(N(CC)CC)cc3)C2)cc1,0.8761739134788513,1
N#CC1(C#N)C2(CCCC2)C(C#N)(C#N)C12CCCC2,0.9977920055389404,1
Oc1ccc(C(c2ccc(OP(Cc3ccccc3)(c3ccccc3)(c3ccccc3)c3ccccc3)cc2)(C(F)(F)F)C(F)(F)F)cc1,0.9978646636009216,1
ClC(Cl)(Cl)c1ccc(Oc2ccccc2)cc1,0.3174957036972046,0
COc1ccc2c(c1)-c1c(ccc(OC)c1O)CC(CCc1ccccc1)N(C)CC2,0.8314568400382996,1
CCN(CC)c1ccc(C2(Cl)c3ccccc3N(c3ccccc3)c3ccccc32)cc1,0.9982417821884156,1
CC(=O)Oc1cc(OC(C)CCCc2ccccc2)cc2c1C1CC(O)CCC1C(C)N2C,0.9353237152099608,1
CC(CCCC(C)CCCC(C)(C)NOP(=O)(O)CCl)CCCC(C)(C)C,0.1833059191703796,0
CC(C)(C)c1cc(C2CCCCC2)ccc1OC(=O)c1cccnc1,0.3730292916297912,0
N#COc1ccc(Cc2ccc(N=C=Nc3ccc(Cc4ccc(N=C=O)cc4)cc3)cc2)cc1,0.8369171619415283,1
CN1C(=O)C(=c2[nH]c3c(Sc4ccccc4)cc(Sc4ccccc4)c4cccc2c43)C(=O)N(C)C1=O,0.9744455218315125,1
CC1(C)C(C=C(Br)Br)C1OC(=O)C(C#N)c1cccc(Oc2ccccc2)c1,0.8941169381141663,1
CC(=O)NC(c1ccc(Cl)cc1)(c1ccc(Cl)cc1)C(Cl)(Cl)Cl,0.9538168907165528,1
CC(Cl)(Cl)C(Cl)=C(Cl)C(C)(Cl)Cl,0.9754279255867004,1
ClC(Cl)=C(CC(Cl)(Cl)Cl)C(Cl)(Cl)Cl,0.9491606950759888,1
Cc1ccc(S(=O)(=O)N2CCC(C(=O)OCc3ccccc3)(c3ccccc3)C(C)C2)cc1,0.9136071801185608,1
COc1cc(Cl)ccc1C=Cc1ccc(C=Cc2ccc(Cl)cc2OC)cc1,0.8754101991653442,1
CCC(C)n1ncn(-c2ccc(N3CCN(c4ccc(OCC5COC(Cn6cncn6)(c6ccc(Cl)cc6Cl)O5)cc4)CC3)cc2)c1=O,0.9948423504829408,1
O=c1cc2ccc3c4cccc5ccc6c(c7c(cc1c2c37)CC=6)c54,0.9870145320892334,1
Fc1ccc(C(Cl)c2ccc(C(F)(F)F)cc2Br)cc1,0.9794122576713562,1
Fc1ccc(C2CC(Cl)c3cc(C(F)(F)F)ccc32)cc1,0.9747955799102784,1
Cc1ccc(N=c2cc3sc4c(Cl)c(O)c(Cl)c(Cl)c4nc-3c(C)c2)cc1,0.9747812747955322,1
O=C1OC(c2ccc(C3=NC(=Cc4ccc(Cl)cc4)C(=O)O3)cc2)=NC1=Cc1ccc(Cl)cc1,0.6286311149597168,1
CC1(O)CC2C(CC1SC1CC3C(CC1(C)O)C3(C)C)C2(C)C,0.9874036312103271,1
BrC1C=CC(Br)C(Br)C=CC(Br)C(Br)C=CC1Br,0.9467745423316956,1
FC(F)(F)C(F)(Cl)C(F)(Cl)C(F)(C(F)(F)F)C(F)(F)F,0.9999269247055054,1
c1ccc(-c2ccc(-c3nnc(-c4ccc(-c5nnc(-c6ccc(-c7ccccc7)cc6)o5)c5ccccc45)o3)cc2)cc1,0.9430164098739624,1
CCOC(=O)Cc1cc(I)c(Oc2ccc(OC)cc2)c(I)c1,0.6558199524879456,1
COC(=O)c1ccc(O)c(N=Cc2c(O)c(C(=O)Nc3cc(Cl)ccc3Cl)cc3ccccc23)c1,0.6952170133590698,1
CCOc1cc([N+](=O)[O-])ccc1N(Cc1ccccc1)Cc1ccccc1,0.725705087184906,1
Cc1nc2sccn2c(=O)c1CCN1CCC(=C(c2ccc(F)cc2)c2ccc(F)cc2)CC1,0.9906893968582152,1
Cc1cc2c3c(c1)-c1c(O)cc(-c4cc5ccc(O)cc5o4)cc1OC3(c1ccc(O)cc1O)Oc1cc(O)ccc1-2,0.9428383111953736,1
CP(=O)(Oc1cc(Cl)c(Cl)cc1Cl)Oc1cc(Cl)c(Cl)cc1Cl,0.993601381778717,1
O=C1c2c(ccc(Cl)c2Cl)-c2cc(Cl)c(Cl)c(Cl)c21,0.9940531849861144,1
CN(CC=CC#CC(C)(C)C)Cc1cccc2ccccc12,0.3461014628410339,0
CCCc1ccc(C(CCc2ccc(F)cc2)=NN)cc1,0.2220881581306457,0
CC(=O)Nc1cccc(N(CCCc2ccccc2)CCCc2ccccc2)c1,0.5116303563117981,1
CCOC(=O)c1cccc(C(Cl)(Cl)Cl)c1N(CC)c1cccc(C)c1,0.961983859539032,1
O=S(=O)(c1ccc(OC(=C(C(F)(F)F)C(C(F)(F)F)(C(F)(F)C(F)(F)F)C(F)(F)C(F)(F)F)C(F)(F)F)cc1)N(CCO)CCO,0.9994137287139891,1
O=S(=O)(c1nc[nH]n1)C(Br)(Br)S(=O)(=O)c1nc[nH]n1,0.0623812116682529,0
COc1ccc2[nH]c3c(C)c4c(cc3c2c1)C(C)N(Cc1ccccc1)CC4,0.9594545364379884,1
O=C(Nc1cccc(SC(F)(F)F)c1)Nc1ccc(Cl)c(Cl)c1,0.8248588442802429,1
CC1(C)CC(C)(C)c2c1cc(Cl)c(O)c2Cl,0.9687304496765136,1
O=C(NC1CCCCC1)OCCN(CCOC(=O)NC1CCCCC1)CCOC(=O)NC1CCCCC1,0.0657469853758812,0
C=C(C)C(=O)OCCOC(=O)c1cc(C(=O)OCCOC(=O)C(=C)C)c(C(=O)OCCOC(=O)C(=C)C)cc1C(=O)Nc1ccc(Oc2ccc(N)cc2)cc1,0.2007053196430206,0
COc1ccc(C(OCC2OC(n3cc(C)c(=O)[nH]c3=O)CC2OC(=O)c2ccccc2)(c2ccccc2)c2ccc(OC)cc2)cc1,0.8613600134849548,1
CC(C)(C)c1ccc(OCCCCNC(=O)c2cc(N)c3ccccc3c2O)c(C(C)(C)C)c1,0.6715670824050903,1
COC(=O)c1cn(C(C(=O)Nc2cc(NC(=O)CCCOc3ccc(C(C)(C)C)cc3C(C)(C)C)ccc2Cl)C(=O)C(C)(C)C)c(O)n1,0.7674669623374939,1
CCOC(=O)c1ccccc1NC(=O)c1ccccc1NS(=O)(=O)c1ccc(C(C)C)cc1C(C)C,0.8008995056152344,1
CC1(C)OCC(CC(F)(F)C(F)(F)C(F)(F)C(F)(F)C(F)(F)C(F)(F)C(F)(F)C(F)(F)F)O1,0.9999148845672609,1
OC(COc1ccccc1)CC(F)(F)C(F)(F)C(F)(F)C(F)(F)C(F)(F)C(F)(F)C(F)(F)C(F)(F)F,0.9998801946640016,1
CCN1C(=CC=CC(C)=C2SC(=S)N(C3CCCCC3)C2=O)Oc2ccc3ccccc3c21,0.9646928310394288,1
O=C(OC1CCCCC1)Sc1nc2cc(S(=O)(=O)Nc3ccc(Cl)cc3)ccc2s1,0.6359342932701111,1
CC(C)(C)CC(C)(C)CSCC(C)(C)CC(C)(C)C,0.8086814284324646,1
C=C(C)C(=O)OCC(CO)(COC(=O)Nc1cccc(N(C)C(=O)OCC(COC(=O)C(=C)C)(COC(=O)C(=C)C)COC(=O)C(=C)C)c1)COC(=O)C(=C)C,0.1429291665554046,0
CCN(CC)c1cc(Cl)ccc1Oc1ccc(Cl)cc1,0.747700572013855,1
CC(C)(C)c1ccc(C(c2c[nH]c3ccccc23)c2c[nH]c3ccccc23)cc1,0.8996405005455017,1
FC(F)(F)c1ccc(Cl)c(C(F)(F)c2ccc(Cl)cc2)c1,0.9896710515022278,1
S=C(Nc1ccc(OCc2ccc(Cl)cc2)cc1)Nc1ccc(OCc2ccc(Cl)cc2)cc1,0.8888504505157471,1
CC(C)(c1ccc(OCC(O)CNc2ccc(Cc3ccc(N)cc3)cc2)cc1)c1ccc(OCC(O)CNc2ccc(Cc3ccc(N)cc3)cc2)cc1,0.8993995785713196,1
CCOC(=O)NN=C(C)C1(N=[N+]=[N-])C(O)CC2C3CC=C4CC(O)CCC4(C)C3CCC21C,0.7900314927101135,1
CC(Cl)C(Cl)C(Cl)CCC(Cl)CCOC(Cl)CCCl,0.6757002472877502,1
CC1=CC=C2C(=CC=C3NC4=CC=C5C=CC=CC5C4C32)C1,0.0451200455427169,0
CCc1cccc(CC)c1NC(=O)c1c(C)n(CCc2ccccc2)c(C)c(Br)c1=O,0.9858696460723876,1
OC(Cn1ccnc1)(c1ccc(Cl)cc1Cl)C1CC1c1ccc(Cl)cc1Cl,0.9910418391227722,1
CCCc1ccc(OCC(OC(=S)n2ccnc2)C(C)(C)C)cc1,0.0551453940570354,0
CON(C)C(=O)Nc1ccc(Oc2ccc3c(c2)OC(C)(OC)CC3(C)C)cc1,0.6375214457511902,1
CCN(CC)C1=CC2Oc3ccc(N(CC)CC)cc3N(C(=O)c3cc(C(C)(C)C)c(O)c(C(C)(C)C)c3)C2C=C1,0.975498378276825,1
CCCCc1cccc(P(=O)(C(=O)c2c(Cl)cccc2Cl)C(=O)c2c(Cl)cccc2Cl)c1,0.9943459630012512,1
CC(C)(C)NCC(COc1nsnc1N1CCOCC1)OC(=O)c1ccccc1COC(=O)c1ccccc1,0.6669564247131348,1
CN(C)c1ccc(C2CC3(C)C(CCC3(O)c3ccc(N(C)C)cc3)C3CCC4=CC(=O)CCC4=C23)cc1,0.9933488965034484,1
COC1C(N(C)C(=O)OCc2ccccc2)CC2OC1(C)n1c3ccccc3c3c4c(c5c6ccccc6n2c5c31)C(=O)NC4,0.9928119778633118,1
CCOC(=O)C(C)OC(=O)c1cc(Oc2ccc(C(F)(F)F)cc2Cl)ccc1Cl,0.8396690487861633,1
CC1COC(C)(c2ccc3c(c2)C(C)(C)C=CC3(C)C)O1,0.7268132567405701,1
CCC(C(=O)OCc1ccc(COC(=O)C(CC)C(COC(=O)c2ccccc2)Cc2cncn2C)cc1)C(COC(=O)c1ccccc1)Cc1cncn1C,0.826535165309906,1
COc1ccc(C2Cc3c(cccc3C(F)(F)F)N(CCN(C)C)C(=O)C2C)cc1,0.979381024837494,1
O=C(Nc1ccc2nn(C3CCCCC3)nc2c1)c1ccc(Cl)c(Cl)c1,0.7737119197845459,1
OC1CCN(CCCc2ccccc2COc2ccc(Cc3ccccc3)cc2)CC1,0.8846032619476318,1
Cc1ccc(Nc2c3c(c(C#N)c4nc5ccccc5n24)CCCC3)cc1,0.9268463253974916,1
COC(=O)c1cccnc1N1CCN(CCCC(c2ccc(F)cc2)c2ccc(F)cc2)CC1,0.961788296699524,1
CCOc1cc(C(C)(C)C)ccc1C1COC(c2c(F)cccc2F)=N1,0.8991466760635376,1
CC(C)c1nc(CN(C)C(=O)NC(C(=O)NC(Cc2ccccc2)CC(O)C(Cc2ccccc2)NC(=O)OCc2cncs2)C(C)C)cs1,0.715205729007721,1
CC(C)OC(=O)c1cc(-c2nn(C)c(C(F)(F)F)c2Br)c(F)cc1Cl,0.98039311170578,1
CC(C)(C)OC(=O)NC(C(=O)N1CCCC1C(=O)NCC1CCC(N)CC1)C(C1CCCCC1)C1CCCCC1,0.6154742240905762,1
O=C(Nc1nc2ccccc2[nH]1)c1cccc(CN2C(=O)N(Cc3cccc(C(=O)Nc4nc5ccccc5[nH]4)c3)C(Cc3ccccc3)C(O)C(O)C2Cc2ccccc2)c1,0.9156767129898072,1
CCC(Cc1ccccc1)c1cc(O)c(C(c2cccc(NC(=O)CCNC(=O)OC(C)(C)C)c2)C2CC2)c(=O)o1,0.7635379433631897,1
CC(NCCCc1cccc(C(F)(F)F)c1)c1cccc2ccccc12,0.8876585960388184,1
Cc1cc(C)c(C2=C(OC(=O)CC(C)(C)C)C3(CCCC3)OC2=O)c(C)c1,0.8246175646781921,1
O=C(Nc1ccccc1SSc1ccccc1NC(=O)c1ccccc1)c1ccccc1,0.6565697193145752,1
Cc1cc(-c2ccc(N=C=O)c(C)c2)ccc1N=C=O,0.0991111099720001,0
c1ccc(OP(Oc2ccccc2)Oc2ccccc2)cc1,0.0342739261686801,0
Clc1nc(Cl)nc(Cl)n1,0.3875824511051178,1
O=C=Nc1ccc(Cc2ccccc2N=C=O)cc1,0.0224975403398275,0
CCCCCCCCCCCCCCCCCC(=O)O[Pb]O[Pb]O[Pb]OC(=O)CCCCCCCCCCCCCCCCC,0.0070388689637184,0
COC(=O)C(C)Oc1ccc(Oc2ccc(Cl)cc2Cl)cc1,0.1406267583370208,0
CCCCCCCCCCCCCCCS(=O)(=O)Oc1ccccc1,0.0034257811494171,0
CC(O)(P(=O)(O)O)P(=O)(O)O,2.047897623924655e-06,0
Cc1c(F)c(F)c(CO)c(F)c1F,0.957705557346344,1
O=C(OCC1c2ccccc2-c2ccccc21)ON1C(=O)CCC1=O,0.169150099158287,0
NC(=O)C(N)c1ccccc1,0.0002640182501636,0
COC(=O)NC(C(=O)O)C(C)(C)C,0.0001389421086059,0
CCOC(=O)C(CCc1ccccc1)NC(C)C(=O)O,0.0002755805908236,0
CCO[Si](C)(CCCCl)OCC,0.0216239672154188,0
CO[Si](C)(C)CCCCl,0.0118330484256148,0
O=CC1=C(Cl)C(=CO)CCC1,0.0037571461871266,0
CCCCCCC=CC(C)=O,6.240374932531267e-05,0
NCCCCCCNC(=O)O,2.5834124244283885e-05,0
CCCCCCCCCCCCCCCCCC(=O)O[Al]OC(=O)c1ccccc1,0.0046603293158113,0
O=C(O)CSc1nc2ccccc2s1,0.0021919799037277,0
CCCCCCCCC=CC(=O)NCCC[N+](C)(C)CC(=O)O,0.0002649063244462,0
CCO[Si](CCl)(OCC)OCC,0.0100877294316887,0
CCN(CC)CC#N,0.0094335442408919,0
CC1(C)C2CCC1(CS(=O)(=O)O)C(=O)C2=Cc1ccc(C=C2C(=O)C3(CS(=O)(=O)O)CCC2C3(C)C)cc1,0.7941284775733948,1
OCOCCOCO,2.418190342723392e-05,0
NC(=O)NCCO,2.110911918862257e-05,0
CCCCCCCCC=CCCCCCCCCCCCC(N)=O,0.0002988363848999,0
CCC=CCCOC(C)=O,8.11643767519854e-05,0
CCCCCCCCC=CCCCCCCCC(=O)NCCOCCO,0.000627266941592,0
O=C1c2ccccc2C(=O)c2c(Nc3nc(Nc4cccc5c4C(=O)c4ccccc4C5=O)nc(-c4ccccc4)n3)cccc21,0.8183053135871887,1
C[Si](C)(C)N[Si](C)(C)C,0.0471311025321483,0
CCCCCCCC[Si](C)(O[Si](C)(C)C)O[Si](C)(C)C,0.1554009914398193,0
CC(C)(C)CCCCC1(C(=O)OC(C)(C)CC(C)(C)C)OO1,0.0603684186935424,0
CN(C)C(=N)N(C)C,0.0006849072524346,0
CCOC(C=C(C)CCC=C(C)C)OCC,0.0011465116403996,0
C=C(F)F,0.0005869566812179,0
OCC(O)CO,9.559958925819956e-06,0
c1nc[nH]n1,7.577198266517371e-05,0
O=c1[nH]sc2ccccc12,0.0021353960037231,0
BrCCBr,0.0915715545415878,0
O=c1[nH]cn[nH]1,3.767462112591602e-05,0
Cc1c(C#N)c(O)n(C)c(=O)c1N=Nc1cccc(OS(=O)(=O)c2ccccc2)c1,0.0281298663467168,0
Cc1ccc[n+](-c2c(C)c(N=Nc3ccc(NC(=O)c4ccc(N=Nc5c(O)[nH]c(=O)c(-[n+]6cccc(C)c6)c5C)cc4)cc3)c(O)[nH]c2=O)c1,0.2574600279331207,0
CC(C)C=NCC1(C)CC(N=CC(C)C)CC(C)(C)C1,0.1113349795341491,0
S=c1[nH][nH]c(=S)s1,0.0007877763127908,0
Oc1nc(O)nc(O)n1,0.0001481603685533,0
Sc1nc(S)nc(S)n1,0.0042883260175585,0
S=c1[nH]c(=S)[nH]c(=S)[nH]1,0.0009949200320988,0
CC(C)(C)c1cc(Cn2c(=O)n(Cc3cc(C(C)(C)C)c(O)c(C(C)(C)C)c3)c(=O)n(Cc3cc(C(C)(C)C)c(O)c(C(C)(C)C)c3)c2=O)cc(C(C)(C)C)c1O,0.9879924058914183,1
CO[Si](CCCn1c(=O)n(CCC[Si](OC)(OC)OC)c(=O)n(CCC[Si](OC)(OC)OC)c1=O)(OC)OC,0.270948201417923,0
CC(=O)OCCC(C)OC(C)=O,0.0001077187116607,0
O=C(CCl)CCl,0.0015381721314042,0
CCN(C(=O)N(CC)c1ccccc1)c1ccccc1,0.1582667529582977,0
Cc1cccc2[nH]c(S)nc12,0.0139109911397099,0
O=C1OCC(F)O1,9.740124369272962e-05,0
O=S1(=O)CCCO1,7.516647656302666e-06,0
O=S1(=O)CS(=O)(=O)OCO1,3.964002189604798e-06,0
O=C1c2cccc(Sc3ccccc3)c2C(=O)c2c(Sc3ccccc3)cccc21,0.9320973753929138,1
CNC(=O)c1cc(C#N)cc(C)c1NC(=O)c1cc(Cn2nnc(C(F)(F)F)n2)nn1-c1ncccc1Cl,0.9119826555252076,1
COc1ccc(N2CCN(c3ccc([N+](=O)[O-])cc3)CC2)cc1,0.3443024456501007,0
CCCCC(CC)CN(CC(CC)CCCC)Cn1cncn1,0.0453330539166927,0
O=C(OC1COC2OCCC12)ON1C(=O)CCC1=O,0.0003325519792269,0
CC(=O)C1=NOC(c2c(F)cccc2F)C1,0.0326635800302028,0
CCCCCCCCCCCCCNc1ccc2ccccc2c1N=Nc1ccc(N=Nc2ccccc2C)cc1C,0.4381745457649231,1
CC(C)(S)CN,0.0008196817361749,0
O=C(O)c1ccc[n+](Cc2ccccc2)c1,0.0005771827418357,0
CCCCBr,0.0024996425490826,0
CCC(Cc1ccc(C)cc1)(C(=O)c1ccc(N2CCOCC2)cc1)N(C)C,0.939770519733429,1
ClCC1CO1,0.0016728831687942,0
O=C1C=CC(=O)N1C1CCCCC1,0.0016621414106339,0
Cc1cc(CC(C)CC(C)(C)C)n(O)c(=O)c1,0.0135244624689221,0
CCCCCCC(=O)CO,2.6136125597986396e-05,0
CCCCCCC(C)(C)C(=O)OOC(C)(C)c1ccccc1,0.0190603956580162,0
N=C(N)N[N+](=O)[O-],1.285896451008739e-05,0
CCC[N+](=O)[O-],0.0001621158153284,0
Cc1ccccc1N=C(N)N=C(N)N,0.0003517598670441,0
O=S1(=O)C=CCO1,3.251720954722259e-06,0
C=CN1CCCC1=O,0.0003700363158714,0
Oc1c(-c2[nH]c3ccccc3c2O)[nH]c2ccccc12,0.0310314055532217,0
CC(C)c1nn(C(=O)NC(C)(C)C)c(=O)n1N,0.0026552772615104,0
NCCCn1ccnc1,0.0003596819296944,0
CCCCc1nc(Cl)c(CO)n1Cc1ccc(-c2ccccc2-c2nn[nH]n2)cc1,0.6918693780899048,1
CCN1C=CN(C)C1,0.0016611843602731,0
CC(=O)c1ccccc1O,0.0002530393248889,0
OCCN1CN(CCO)CN(CCO)C1,0.0060022105462849,0
CC(=O)Nc1cccc(N(CCOC(C)=O)CCOC(C)=O)c1,0.0025778200943022,0
COc1cc(N=Nc2c(Br)cc([N+](=O)[O-])cc2[N+](=O)[O-])c(NC(C)=O)cc1N(CCOC(C)=O)CCOC(C)=O,0.3391242921352386,0
C=CCc1cc(S(=O)(=O)c2ccc(O)c(CC=C)c2)ccc1O,0.0094438074156641,0
CC(C)(C#N)N=NC(C)(C)C#N,0.0030501945875585,0
Nc1nc(N)nc(Nc2nc(N)nc(N)n2)n1,0.0017954737413674,0
FC(F)(F)N1C(F)(F)C(F)(F)OC(F)(F)C1(F)F,0.9996776580810548,1
C[Si]1(C)N[Si](C)(C)N[Si](C)(C)N1,0.1772195249795913,0
CC1(C)CC(=O)CC(C)(C)N1[O],0.2229040265083313,0
O=c1oc(-c2ccc(-c3nc4ccccc4c(=O)o3)cc2)nc2ccccc12,0.3726356327533722,0
OCC(CO)(CBr)CBr,0.0852466970682144,0
CC(CO)(CO)C(=O)O,1.6634707208140753e-05,0
O=C1CCC(=O)c2c1c(O)c1ccccc1c2O,0.0084704924374818,0
CC1=C(C=O)C(C)(C)CC=C1,0.0051477095112204,0
CCCP1(=O)OP(=O)(CCC)OP(=O)(CCC)O1,0.0148894488811492,0
C=CCOc1nc(OCC=C)nc(OCC=C)n1,0.0010267226025462,0
Brc1cc(Br)c(Oc2nc(Oc3c(Br)cc(Br)cc3Br)nc(Oc3c(Br)cc(Br)cc3Br)n2)c(Br)c1,0.9994081258773804,1
CCC(C)n1ncn(-c2ccc(N3CCN(c4ccc(O)cc4)CC3)cc2)c1=O,0.4740163087844848,1
C1CO[Sb]2OCCO[Sb](O1)OCCO2,0.0009649111307226,0
C1=CCOC1,8.848954894347116e-05,0
Cc1[nH]n(C)c(=O)c1C(=O)c1ccc(C(F)(F)F)cc1S(C)(=O)=O,0.0809296518564224,0
CC(C)(C)C1=CC(=Cc2ccccc2)C=C(C(C)(C)C)C1=O,0.1317294239997863,0
CCCCCCCCCc1cc(CN(CCO)CCO)c(O)c(CN(CCO)CCO)c1,0.0596876256167888,0
NC(=O)c1c(F)cccc1F,0.0286674760282039,0
C=CC(C)CCCC(C)(C)O,0.0005053835920989,0
O=C1C(c2[nH]c3ccccc3c2O)=Nc2ccccc21,0.0114378882572054,0
C=C(C)C(=O)OCCN1CCOC12CCCCC2,0.0113960551097989,0
Clc1ccccc1-c1nc(-c2ccccc2)c(-c2ccccc2)n1C1(c2ccccc2Cl)N=C(c2ccccc2)C(c2ccccc2)=N1,0.994971513748169,1
COC(=O)C(C)(C)c1ccc(Br)cc1,0.1120269522070884,0
COc1ccc2cc(-c3n(C)c4cc(S(C)(=O)=O)ccc4[n+]3C)oc2c1,0.2587544023990631,0
COCC(NC(C)=O)C(=O)NCc1ccccc1,0.0002598185674287,0
Cc1nc(CCl)nc2ccccc12,0.1558766216039657,0
CSc1ccc2c(c1)Nc1ccccc1S2,0.5129609704017639,1
CCC(C)NCCO,0.00026983677526,0
Nc1ccc(S(=O)(=O)CCOS(=O)(=O)O)cc1,4.585039641824551e-05,0
CC(C)(C)N(CC(=O)c1ccc(O)c(CO)c1)Cc1ccccc1,0.0506134703755378,0
C=CC(=O)NC(C)(C)CS(=O)(=O)O,2.43057802435942e-05,0
Cc1cc(C)c(N)c(S(=O)(=O)O)c1,0.0010468558175489,0
Nc1ccc(Cl)cc1C(=O)c1ccccc1,0.0263946168124675,0
Nc1ncccc1O,0.0001579045783728,0
CCC(C)=NO[Si](ON=C(C)CC)(ON=C(C)CC)c1ccccc1,0.0093816109001636,0
COc1nc(Cl)nc(OC)n1,0.0199631750583648,0
COc1cc2nc(Cl)nc(N)c2cc1OC,0.0540072545409202,0
NC(=O)CCl,9.32980328798294e-05,0
CCN(CC)CCCl,0.0207254216074943,0
CC(Cl)C(=O)Cl,0.004902308806777,0
N#CC(=C1CCCCC1)c1ccccc1,0.0742817968130111,0
O=C(O)c1ccccc1P(c1ccccc1)c1ccccc1,0.1180020123720169,0
CCOCCOC(=O)C(C#N)=C1C=C(NCCCOC)CCC1,0.00154124351684,0
CCOc1ccc2ccccc2c1C(=O)Cl,0.0933931767940521,0
CCC(CO)(CO)CO,0.0001298911665799,0
CCC1=NCCO1,0.0001254724047612,0
CCc1ncc(C)[nH]1,0.0022522127255797,0
CCCCC(CC)COC(=O)CS[Sn](C)(SCC(=O)OCC(CC)CCCC)SCC(=O)OCC(CC)CCCC,0.1923181265592575,0
CCCCC(CC)COC(=O)CSP(=O)(SCC(=O)OCC(CC)CCCC)SCC(=O)OCC(CC)CCCC,0.1740942597389221,0
CCCCC(CC)COC(=O)CS,0.0003296397335361,0
CCCCC(CC)CO[N+](=O)[O-],0.0002708334650378,0
CCC(C)(O)C#N,0.0021712912712246,0
C=CC(=O)OCC(O)COc1ccccc1,0.0001248490589205,0
Oc1ccc2ccccc2c1C=NN=Cc1c(O)ccc2ccccc12,0.0639535039663314,0
O=c1ccccn1O,6.394537922460586e-05,0
O=C1NCCN1,0.0001095296829589,0
OCCS,3.954853673349135e-05,0
CCC(C)(C)OC,0.0039507155306637,0
COC(=O)Oc1ccc(C)cc1OC,0.0038943490944802,0
COc1ccc([N+](=O)[O-])cc1OC(C)=O,0.0028355629183351,0
CC(CO)CO,6.301388202700764e-05,0
CSc1ccc(C(=O)C(C)(C)N2CCOCC2)cc1,0.1821689307689666,0
Cn1sccc1=O,0.0010159197263419,0
C#CC(C)(C)O,0.0002476084337104,0
CCC=C(C)C=O,0.0001671034115133,0
CC(C)(C)S,0.0016066564712673,0
Cc1ccccn1,0.0010148957371711,0
CCCCCCCCCCCCCCCCCCn1c(=O)c2ccc3sc4ccccc4c4ccc(c1=O)c2c34,0.9279301166534424,1
C=CN1CC(C)OC1=O,0.0005021176766604,0
c1ccc(C2=NCCN2)cc1,0.0011354045709595,0
C=C(C)c1ccccc1,0.0024108146317303,0
C=C(C)C(=O)Oc1ccc(C(=O)c2ccccc2)cc1,0.0054218829609453,0
C=CC(=O)OCCCCOC(=O)Oc1ccc(C(=O)c2ccccc2)cc1,0.0062024677172303,0
Nc1cc(Cl)nc(C(=O)O)c1Cl,0.0118453092873096,0
Cc1ncc(C[n+]2csc(CCOP(=O)(O)O)c2C)c(N)n1,0.0062280674465,0
CC1CN(CN2COC(C)C2)CO1,0.0156918689608573,0
O=C(O)CCSCCC(=O)O,1.5340685422415845e-05,0
CC1CC(C)(C)OOC(C)(C)O1,0.0038448350969702,0
N#Cc1ccc(N)cc1C#N,0.0668503046035766,0
CCCCCCCCC=CCCCCCCCCN1C(=O)C(O)C(O)C1=O,0.001169124385342,0
N#Cc1ccc(O)c(O)c1,0.000811799080111,0
CC(C)=CCC1=C(O)C(CC=C(C)C)(CC=C(C)C)C(=O)C(C(=O)CC(C)C)=C1O,0.124476708471775,0
CCCCCCCCCCCC(=O)OCC(C)(C)C=NCC1(C)CC(N=CC(C)(C)COC(=O)CCCCCCCCCCC)CC(C)(C)C1,0.182400494813919,0
CC1=CC(=C(c2ccc(N)c(S(=O)(=O)O)c2)c2ccc(N)c(S(=O)(=O)O)c2)C=C(S(=O)(=O)O)C1=N,0.0155102787539362,0
CC1(C)C(C=C(Cl)Cl)C1C(=O)Cl,0.2137591540813446,0
N=C(N)SCCC(=O)O,1.0159566045331305e-05,0
CCCCC(CC)CCl,0.0078576914966106,0
Cn1cc(C(=O)O)c(C(F)F)n1,0.0051819938234984,0
O=C(O)CCP(=O)(O)c1ccccc1,8.678311860421672e-05,0
Cc1[nH]n2c(=O)c3ccccc3nc2c1N=Nc1ccc(Cl)cc1[N+](=O)[O-],0.1768111288547516,0
CCN(CCC#N)c1ccc(N=Nc2ccc([N+](=O)[O-])cc2)cc1,0.0406596064567565,0
CC(=O)Nc1cc(S(=O)(=O)O)cc(N)c1O,4.638792233890854e-05,0
CC(=O)C1C(=O)C=C(C)OC1=O,9.12592513486743e-05,0
CCCCC(O)C(N)CC,0.0002262123307446,0
NCCCO,3.863294477923773e-05,0
O=C1OC(=Cc2ccccc2)c2ccccc21,0.0141828302294015,0
O=C(Cl)CCCl,0.0007709640194661,0
O=C1C(c2nc3ccccc3cc2O)=C(O)c2ccccc21,0.0234266854822635,0
CCCCNC(=O)OCC#CI,0.000355836295057,0
OCC(O)CS,1.856960807344876e-05,0
COCCC(=O)N(C)C,0.0002797854540403,0
COC(C)CCO,0.0001816178264562,0
Cc1cc(N)n(-c2ccccc2)n1,0.0072266887873411,0
CCC=CCC1=C(C)CCC1=O,0.0013680246192961,0
CC(=CC#N)CCc1ccccc1,0.0071628601290285,0
Cc1ccc(Nc2ccc3c4c(cc(=O)n3C)-c3ccccc3C(=O)c24)cc1,0.7927444577217102,1
CC(C)=CCO,0.000197257992113,0
C=C(C)CCO,0.0001016282840282,0
CC(=O)C(C)C,0.0003449223877396,0
Cc1cccnc1,0.0010305964387953,0
CC1CCS(=O)(=O)C1,0.0001147152725025,0
CN1CCSC1=S,0.0123441256582736,0
Cc1ccc(O)cc1[N+](=O)[O-],0.0024993168190121,0
CCC(=O)C(C)CO,0.0001071829392458,0
OCc1cccc(Oc2ccccc2)c1,0.0065904054790735,0
CC(=O)OCCCc1ccccc1,0.0006562880589626,0
Nc1ccc(N=Nc2cccc(N=Nc3ccc(N)cc3N)c2)c(N)c1,0.005513512995094,0
NNS(=O)(=O)c1ccc(Oc2ccc(S(=O)(=O)NN)cc2)cc1,0.0009648854611441,0
CCCCCCCCCCCCCCC(C=CCOC(=O)CCC(=O)O)CCSCCC(C=CCOC(=O)CCC(=O)O)CCCCCCCCCCCCCC,0.0053037889301776,0
c1ccc2c(c1)CC1COCOC21,0.0211287308484315,0
CC1(O)ON=C(c2ccccc2)C1c1ccccc1,0.0137021727859973,0
CCCCCCCCSCc1cc(C)c(O)c(CSCCCCCCCC)c1,0.1362445205450058,0
CCOc1nc(Cl)cc(Cl)n1,0.0768787488341331,0
CC(C)(C)CC(C)(C)Nc1nc(Cl)nc(Cl)n1,0.4967148005962372,1
O=C1CCC=CCCC=CCCC1,0.0002512866922188,0
C=C(OCC)C1C(C)(C)CC(=O)CC1(C)C,0.1044605672359466,0
C=CC(=O)N1CCOCC1,0.000465224351501,0
c1ccc(CCCc2ccncc2)cc1,0.0119180707260966,0
Cc1ccc(Sc2ccc(C(=O)c3ccccc3)cc2)cc1,0.2460406124591827,0
CCC(C)c1cc(N=Nc2ccc([N+](=O)[O-])cc2)cc(C(C)CC)c1O,0.0970303490757942,0
Cc1onc(-c2ccccc2)c1-c1ccc(S(N)(=O)=O)cc1,0.0174971669912338,0
O=S(=O)(O)CCCCNC1CCCCC1,3.428640411584638e-05,0
Cc1cc(C#N)cc(C)c1Oc1cc(N)nc(Nc2ccc(C#N)cc2)n1,0.3694597482681274,0
CCOCCCNS(=O)(=O)c1ccc(Oc2cc(O)c3c(c2N)C(=O)c2ccccc2C3=O)cc1,0.0858580619096756,0
N#Cc1ccc(Nc2nccc(Cl)n2)cc1,0.0361665710806846,0
S=C(SN1CCOCC1)N1CCOCC1,0.0260173995047807,0
c1ccc2c(NCCCN3CCOCC3)cccc2c1,0.0500743687152862,0
C[Si](C)(F)CCCC#N,0.0109572829678654,0
O=[N+]([O-])c1cc(S(=O)(=O)Nc2ccccc2)ccc1Nc1ccccc1,0.0824102237820625,0
N#[N+]c1ccc2c(S(=O)(=O)Oc3ccc(C(=O)c4ccccc4)c(OS(=O)(=O)c4cccc5c(O)c([N+]#N)ccc45)c3OS(=O)(=O)c3cccc4c(O)c([N+]#N)ccc34)cccc2c1O,0.823445737361908,1
N#CC(CCBr)(c1ccccc1)c1ccccc1,0.7675237059593201,1
CCCC1CCC(c2ccc(-c3ccc(OCC)c(F)c3F)cc2)CC1,0.9498299956321716,1
CCN1CCN(C(=O)Cl)C(=O)C1=O,0.0153442900627851,0
Nc1ccc(F)cc1,0.0076419748365879,0
Oc1cccc2[nH]ccc12,0.0005915815127082,0
Cc1ccc(S(C)(=O)=O)cc1[N+](=O)[O-],0.0033502769656479,0
COc1ccc(Nc2ccccc2)c(C)c1,0.0302955564111471,0
COc1ccc(CC(=O)O)cc1,0.0003465268528088,0
CCC=C(C)C(O)CCCCC,0.0002653825795277,0
C=CCC(C)C,0.000471266452223,0
CN1CCN(N)CC1,0.0103342123329639,0
Cc1cn[nH]c1,0.0004920088103972,0
O=[N+]([O-])c1ccc(S(=O)(=O)Cl)cc1,0.0035041344817727,0
O=c1[nH]c2ccccc2c(=O)o1,0.0008230550447478,0
n1nc(-c2nn[nH]n2)n[nH]1,0.0002295576996402,0
S=c1[nH]nc(SSc2n[nH]c(=S)s2)s1,0.0136055648326873,0
Cc1cc2[nH]c(=O)[nH]c2cc1N=NC1C(=O)NC(=O)NC1=O,0.0002614367112983,0
Cc1ccc(NCCO)cc1O,0.000613645534031,0
CN(Cc1ccccc1)c1ccc(N=NC2N(C)C=NN2C)cc1,0.010578560642898,0
CCS(=O)c1c(C#N)nn(-c2c(Cl)cc(C(F)(F)F)cc2Cl)c1N,0.952507734298706,1
Nc1ccc(Cl)c(S(=O)(=O)O)c1,0.0007900233613327,0
COc1ccc(N)cc1S(=O)(=O)O,0.0001596042129676,0
COc1ccc(Cl)cc1[N+]#N,0.1317821592092514,0
CCC1(CO)COCOC1,0.0002515728992875,0
CCc1ccc(C)nc1,0.0054784533567726,0
N#Cc1ccccc1NC(=O)c1snc(Cl)c1Cl,0.221361756324768,0
Cc1cnc(C(=O)O)cn1,0.0001867757819127,0
O=C(O)C1=NN(c2ccc(S(=O)(=O)O)cc2)C(=O)C1,8.37921179481782e-05,0
O=C(O)CCCCCNc1nc(NCCCCCC(=O)O)nc(NCCCCCC(=O)O)n1,0.0009829968912526,0
COc1cc2[nH]c(=O)[nH]c(=O)c2cc1OC,0.0022752319928258,0
Cc1ccc(S(=O)(=O)NCCCCCC(=O)O)cc1,0.0001369646197417,0
Nc1nc(C2CC2)nc(C(=O)O)c1Cl,0.0102410549297928,0
CC1=CC(O)=NS(=O)(=O)O1,5.684625193680404e-06,0
Cc1ccc2c(c1)NCCO2,0.013890448026359,0
Cc1cn2c(nc1=O)OC1C(O)C(CO)OC12,0.00050594197819,0
O=c1c2ccccc2c(=O)c2c1cc(Cl)c1[nH]c3c([nH]c12)c(Cl)cc1c(=O)c2ccccc2c(=O)c13,0.986708402633667,1
CC(COCCCO)OP(OCCOCCO)OCCOC(C)(C)C(C)(C)O,0.0052664075046777,0
O=C(Nc1ccc2c(O)cc(S(=O)(=O)O)cc2c1)c1ccccc1,0.0030754855833947,0
CN(C)C(=O)c1cc2cnc(Nc3ccc(N4CCNCC4)cn3)nc2n1C1CCCC1,0.4605202674865722,1
Cc1ccc2c(=O)[nH]c(=O)oc2c1,0.0015662503428757,0
CCC12COCN1COC2,0.019424183294177,0
C1=CC2CCC1C2,0.0038256866391748,0
Clc1c(Cl)c(Br)c2c(c1Cl)-c1nc-2nc2[nH]c(nc3nc(nc4[nH]c(n1)c1c(Cl)c(Br)c(Cl)c(Br)c41)-c1c(Cl)c(Cl)c(Br)c(Cl)c1-3)c1c(Br)c(Cl)c(Br)c(Cl)c21,0.9999245405197144,1
CCN(Cc1ccccc1)c1ccc(C=C(C#N)C(=O)OCC[N+](C)(C)C)cc1,0.5891039371490479,1
CO[Si](CCCOCC1CO1)(OC)OC,0.0001986196875805,0
CC1(C)CC(OC(=O)c2ccccc2)CC(C)(C)N1O,0.0402272455394268,0
O=S(=O)(O)c1ccc(Nc2ccc(C(=C3C=CC(=Nc4ccccc4)C=C3)c3ccc(Nc4ccccc4)cc3)cc2)cc1,0.4851183891296386,1
CCCCCCC(O)CC=CCCCCCCCC(=O)NCCCN(C)C,0.0018010914791375,0
CSc1cc(SC)c(N)c(C)c1N,0.3625297248363495,0
CCOCNC(=O)NCOCC,0.0001128559088101,0
CC=O,0.000117899304314,0
CC=NO,5.900641917833127e-05,0
O=C(O)C(F)(F)OC1(F)OC(F)(F)OC1(F)OC(F)(F)F,0.5093640089035034,1
O=C(O)C(O)S(=O)(=O)O,1.2652222380893366e-07,0
CC(=O)CC(N)=O,1.9404853446758352e-05,0
CC#N,0.0021483020391315,0
C#C,0.0017753965221345,0
C=CCOC(=O)COC1CCCCC1,0.0001368010853184,0
C=CCN=C=S,0.0001010190026136,0
C=CCN,7.106716657290235e-05,0
C=CC[P+](CCCC)(CCCC)CCCC,0.0387299470603466,0
Cl[Al](Cl)Cl,0.0374762453138828,0
N#[Al],0.0115270251408219,0
O=[AlH]=O,9.930592204909772e-05,0
CC(O)C(=O)O[Al](OC(=O)C(C)O)OC(=O)C(C)O,3.099686000496149e-05,0
CCNc1nc(NC(C)C)nc(SC)n1,0.0068176141940057,0
N=C(N)S(=O)O,1.2216139566589843e-06,0
Nc1ncn[nH]1,7.178656960604712e-05,0
CP(=O)(O)CCC(N)C(=O)O,7.82406914368039e-06,0
COc1cc(S(=O)(=O)O)c(C)cc1NC(=O)CC(C)=O,0.0004397206939756,0
NC(=O)O,5.422420599643374e-06,0
C#N,0.0044923368841409,0
N#CS,0.0009796124650165,0
O=S(O)(O)=S,3.2858133636182174e-07,0
NC(=O)c1ccccc1N,0.0004747757338918,0
S=[Sb]S[Sb]=S,0.0014370386488735,0
Cl[Sb](Cl)Cl,0.0514976195991039,0
Cc1cc(S(=O)(=O)O)c(N=Nc2c(O)c(C(=O)O)cc3ccccc23)cc1Cl,0.0218248907476663,0
O=S(=O)(Nc1ccc(O)cc1)c1ccccc1,0.000612570089288,0
Nc1ccccc1-c1ccccc1,0.0158220808953046,0
CCCCC(Cc1cc(C(C)(C)C)c(O)c(C(C)(C)C)c1)(C(=O)OC1CC(C)(C)N(C)C(C)(C)C1)C(=O)OC1CC(C)(C)N(C)C(C)(C)C1,0.9791240096092224,1
CC(C)CCCCCCCCCCCCCCCOC(=O)CC(O)C(=O)OCCCCCCCCCCCCCCCC(C)C,0.0097134606912732,0
CC(CC(C)(C)C)CP(=O)(O)CC(C)CC(C)(C)C,0.0867078229784965,0
C(CSSCCC[Si]12OCCN(CCO1)CCO2)C[Si]12OCCN(CCO1)CCO2,0.2694801986217499,0
O=S(=O)(CCO)CCO,1.0326957635697909e-05,0
CCOC(=O)CC(NC1CCC(CC2CCC(NC(CC(=O)OCC)C(=O)OCC)C(C)C2)CC1C)C(=O)OCC,0.1842999905347824,0
CC(=O)O[Al]OC(C)=O,2.845526614692062e-05,0
CC(C)OC(=O)SSC(=O)OC(C)C,0.0010894275037571,0
CC(C)SP(=O)(O)SC(C)C,0.0016317850677296,0
CC(C)C(=O)OOC(=O)C(C)C,0.0001515981712145,0
O=[Bi],0.0016862640623003,0
OB(O)O,7.165368970163399e-06,0
B12B3B4B1C234,0.999969244003296,1
B#N,0.0123304715380072,0
ClB(Cl)Cl,0.0252264142036438,0
FB(F)F,0.0061083328910171,0
CCC(C)n1c(=O)[nH]c(C)c(Br)c1=O,0.0655566081404686,0
BrBr,0.0950994342565536,0
BrCC1CC1,0.0704538449645042,0
C=C=CC,0.0002747940015979,0
CCC(N)C(N)=O,5.275726653053425e-05,0
CCCCCCCCCCCCCCOC(=O)CCC(=O)Nc1ccc(-c2nc3c(Cl)c(C(C)(C)C)[nH]n3n2)cc1,0.4169674217700958,1
CCCCOC(=O)c1ccccc1N=Nc1c(O)c(C(=O)Nc2ccc3[nH]c(=O)[nH]c3c2)cc2ccccc12,0.0597780384123325,0
CCCCOC(=O)CCC(C)(OOC(C)(C)C)OOC(C)(C)C,0.0024428823962807,0
CCCCOC(N)=O,3.1988518458092585e-05,0
CCCC[Sn]Cl,0.0010494041489437,0
NC(=O)N=NC(N)=O,3.2486645977769517e-06,0
Cn1c(=O)c2c(ncn2C)n(C)c1=O,0.0226353537291288,0
OCl,0.0022616595961153,0
[O-][I+2]([O-])[O-],0.0039082076400518,0
O=[Ca],0.0025496545713394,0
SSSSS,0.0002858316875062,0
O=C1C2CC=CCC2C(=O)N1SC(Cl)(Cl)Cl,0.1385670900344848,0
CCCCC(CC)C1OCCN1CCOC(=O)NCCCCCCNC(=O)OCCN1CCOC1C(CC)CCCC,0.1424416303634643,0
CC(C)CNCC(O)C(Cc1ccccc1)NC(=O)OC(C)(C)C,0.0141791692003607,0
S=C=S,0.0006865907344035,0
[C-]#[O+],0.0286092106252908,0
NNC(=O)NN,3.871678200084716e-05,0
NCl,0.0035461257211863,0
ClCl,0.0354804396629333,0
[O][Cl+][O-],0.0034311932977288,0
CC(C)C[Al](Cl)CC(C)C,0.1589244157075882,0
C=C[Si](C)(C)Cl,0.0033386852592229,0
FC(F)=C(F)Cl,0.440339982509613,1
OCC(O)COc1ccc(Cl)cc1,0.0011245650239288,0
CCOP(=S)(OCC)Oc1nc(Cl)c(Cl)cc1Cl,0.3995570838451385,1
O=[Cr]O[Fe]=O,2.0739906176459044e-05,0
O=[Cr](=O)=O,2.429540700177313e-06,0
CCCC1CCOC(C)S1,0.001519848476164,0
CCC=CCCO,8.716653974261135e-05,0
CC(C)=CCCC(C)CCOC=O,0.0002422487741569,0
CC(C)(C)C(=O)C(Oc1ccc(Cl)cc1)n1ccnc1,0.0142823038622736,0
S=[Co],0.0040183370001614,0
Cl[Cu]Cl,0.0179817881435155,0
Br[Cu]Br,0.0668470561504364,0
O=[Cu],0.0022779505234211,0
S=[Cu],0.0048350994475185,0
N#CN,0.0006137868622317,0
N#CN=C(N)N,8.111973147606477e-05,0
COC1CCC(=O)CC1,0.000198391804588,0
Nc1ccn(C2OC(COP(=O)(O)O)C(O)C2O)c(=O)n1,6.339522951748222e-05,0
NC(=NCCCCCCN=C(N)N=C(N)Nc1ccc(Cl)cc1)N=C(N)Nc1ccc(Cl)cc1,0.0553119219839572,0
O=CC(OC(C=O)C(O)C(O)C(O)CO)C(O)C(O)C(O)CO,1.1590364010771737e-05,0
CC(=O)N(O)CCCCCNC(=O)CCC(=O)N(O)CCCCCNC(=O)CCC(=O)N(O)CCCCCN,0.0018468124326318,0
CC[N+](CC)(CC(=O)Nc1c(C)cccc1C)Cc1ccccc1,0.4947497248649597,1
CC(C)(CO)C(O)C(=O)NCCCO,5.01930044265464e-05,0
C1CN(SSN2CCOCC2)CCO1,0.028922401368618,0
O=C(ON1C(=O)CCC1=O)ON1C(=O)CCC1=O,0.000500738795381,0
CC(C)(C)OC(=O)OC(=O)OC(C)(C)C,0.0018492003437131,0
CCC(C)(C)OOC(C)(C)CC,0.0071758893318474,0
CC(=O)O[Si](OC(C)=O)(OC(C)(C)C)OC(C)(C)C,0.0033354593906551,0
[Al]Cl,0.0108179543167352,0
O=[Bi]OC(=O)O[Bi]=O,3.4481865441193804e-05,0
O=[Bi]O[Bi]=O,9.220440551871434e-05,0
S=[Bi]S[Bi]=S,0.0029723718762397,0
O=BOB=O,0.0001363195478916,0
CCCCOC(=O)CC(SP(=S)(OCC(CC)CCCC)OCC(CC)CCCC)C(=O)OCCCC,0.1279245465993881,0
CCCC[Sn](Cl)(Cl)CCCC,0.1926600486040115,0
C[Si](Cl)(Cl)CCCCl,0.0735960528254509,0
C[Si](Cl)(Cl)CCl,0.3034194707870483,0
ClP(Cl)c1ccccc1,0.0962101891636848,0
Cl[Si](Cl)(C1CCCC1)C1CCCC1,0.8575057983398438,1
Cl[SiH2]Cl,0.0037350920028984,0
O=[Cr](=O)(O)O,2.106792891254372e-07,0
C(=NC1CCCCC1)=NC1CCCCC1,0.0020040513481944,0
CCCCCCCCCCCCOC(=O)C1=C(C)NC(C)=C(C(=O)OCCCCCCCCCCCC)C1,0.0368633642792701,0
CCOC(=O)C1=NN(c2ccccc2)C(=O)C1N=Nc1ccc(-c2ccc(N=NC3C(=O)N(c4ccccc4)N=C3C(=O)OCC)c(Cl)c2)cc1Cl,0.6836004853248596,1
CCOC(=O)CC(C(C)=O)C(=O)OCC,0.000211892023799,0
CCOP(=O)(CN(CCO)CCO)OCC,0.0010419914033263,0
CCOC(=O)C(=O)OCC,0.0001138101652031,0
FCF,0.0026413474697619,0
CC(C)OC(C)C,0.0020050995517522,0
CC(C)NC(C)C,0.0031626895070075,0
O=BOB(O)OB(O)OB=O,1.9399505617911927e-05,0
COC(=O)CC(C(=O)OC)P(=O)(OC)OC,0.0003086080541834,0
CSSC,0.0013258303515613,0
COC,0.0010929044801741,0
C=C(CC(=O)OC)C(=O)OC,0.0001651791098993,0
CSC,0.0018851920031011,0
CCCCCCCCC=CCCCCCCCC(=O)O[Sn](C)(C)OC(=O)CCCCCCCC=CCCCCCCCC,0.0171322897076606,0
CCCCCCCCCCCCCCCCCC[N+](C)(C)CCC[Si](OC)(OC)OC,0.0501204319298267,0
C[Sn](C)(Cl)Cl,0.0376032851636409,0
O=[Nb](=O)O[Nb](=O)=O,5.31159230376943e-06,0
CCCCCCCC[Sn](=O)CCCCCCCC,0.0015831529162824,0
c1ccc(Sc2ccccc2)cc1,0.0282515250146389,0
Cc1cc(C)c(C(=O)P(=O)(c2ccccc2)c2ccccc2)c(C)c1,0.8243871927261353,1
O=P(=O)OP(=O)=O,5.486442660185276e-06,0
c1cc[n+]2c(c1)-c1cccc[n+]1CC2,0.0341494157910347,0
O=S(=O)(O)C(O)CCCC(O)S(=O)(=O)O,7.737370424365508e-07,0
Cc1ccc(S(=O)(=O)Nc2cc(S(=O)(=O)O)cc3cc(S(=O)(=O)O)c(N=Nc4cc(Cl)ccc4Oc4ccccc4)c(O)c23)cc1,0.2951050698757171,0
O=S(=O)(O)c1cc(N=Nc2c(O)ccc3ccccc23)ccc1-c1ccc(N=Nc2c(O)ccc3ccccc23)cc1S(=O)(=O)O,0.175065129995346,0
NC(=O)CCN(CCO)c1nc(Nc2ccccc2)nc(Nc2ccc(C=Cc3ccc(Nc4nc(Nc5ccccc5)nc(N(CCO)CCC(N)=O)n4)cc3S(=O)(=O)O)c(S(=O)(=O)O)c2)n1,0.1639799177646637,0
O=S(O)S(=O)(=O)O,6.953219866545625e-08,0
O=[Si](O)O,2.2322126369545003e-06,0
O=[Mo](=O)(O)O,1.88573281434401e-07,0
CCN(CC)C(=S)SSC(=S)N(CC)CC,0.1542826890945434,0
NNC(=O)C(N)CO,2.170548941649031e-05,0
CCCCCCCCCCCC(=O)OC(C)CS(=O)(=O)O,7.581028330605477e-05,0
CCCCCCCCCCCC[N+](C)(C)[O-],0.0016360834706574,0
CCCN(CCC)C(=O)SCC,0.0071537876501679,0
CC,0.0061913672834634,0
OCCO,2.5652258045738563e-05,0
CCS,0.000399051583372,0
C=CSCCO,4.673318471759558e-05,0
CCO[Si](C)(C)C,0.0032214522361755,0
CCCCCC=CC=CC(=O)OCC,0.0001192225972772,0
CCOC(=O)c1cn(Cc2c(F)cccc2F)nn1,0.0599236488342285,0
CCOC(=O)c1nn(-c2ccc(OC)cc2)c2c1CCN(c1ccc([N+](=O)[O-])cc1)C2=O,0.6370993256568909,1
CCOC(=O)C1OC1(C)c1ccccc1,0.0046437522396445,0
CCOC(=O)C(C)(O)c1ccc(Oc2ccccc2)cc1,0.0091867083683609,0
CCOC(=O)C(Br)C(C)C,0.0086060995236039,0
CCOC(=O)CCSP(=S)(OC(C)C)OC(C)C,0.0097323590889573,0
CCOC(=O)C1=C(O)c2ccccc2S(=O)(=O)N1C,0.0036972309462726,0
CCOC(=O)C1=NOC(c2ccccc2)(c2ccccc2)C1,0.047059565782547,0
CCOC(=O)NCCOc1ccc(Oc2ccccc2)cc1,0.0036855989601463,0
CCOC(=O)CCl,0.0004205154837109,0
[C-]#[N+]CC(=O)OCC,0.0004212023050058,0
CCOP(=O)(C(=O)c1c(C)cc(C)cc1C)c1ccccc1,0.5006220936775208,1
C=COCC,0.0001389553508488,0
O=[N+]([O-])OCCO[N+](=O)[O-],3.4987966500921175e-05,0
C1CO1,6.495138222817332e-05,0
CC(COC(C)CN(CCN(CC(C)OCC(C)OCCO)CC(C)OCC(C)OCCO)CC(C)OCC(C)OCCO)OCCO,0.0624942705035209,0
O=C(O)C(NCCNC(C(=O)O)c1ccccc1O)c1ccccc1O,0.0005242172046564,0
CC[P+](c1ccccc1)(c1ccccc1)c1ccccc1,0.6520053744316101,1
CCOC(=O)C(C#N)=C(c1ccccc1)c1ccccc1,0.0643248781561851,0
O=C(O)CCCCCCCCC=CCCCCCCCOP(=O)(O)O,0.0001306409249082,0
C=CC=CC=CC=CC=CC=CC=CC=CCC(=O)OC=CC=CC=CC=CC=CC=CC=CC=CCC(=O)OC=CC=CC=CC=CC=CC=CC=CC=CCC(=O)O,0.002098363591358,0
COP(=S)(OC)Oc1ccc([N+](=O)[O-])c(C)c1,0.0371649786829948,0
C=O,0.000408209481975,0
NCc1ccco1,0.0003527469816617,0
O=[Ge]=O,0.0001680749846855,0
O=[N+]([O-])OCC(CO[N+](=O)[O-])O[N+](=O)[O-],4.676243042922579e-05,0
CC(O)C#CC(C)O,0.0003610463463701,0
CN1CN(C)CN(C)C1,0.1877207159996032,0
C=CC(=O)OC1C=CC2C3CCC(C3)C12,0.0044171558693051,0
CC=CC=CC,0.0004175785870756,0
CCOc1ccc(Nc2ccc(C(=C3C=CC(=[N+](CC)Cc4cccc(S(=O)(=O)O)c4)C=C3C)c3ccc(N(CC)Cc4cccc(S(=O)(=O)O)c4)cc3C)cc2)cc1,0.8081033229827881,1
OO,0.0002917628444265,0
Oc1ccc(O)cc1,0.0001663003786234,0
C=C(C)C(=O)O,1.7521546396892518e-05,0
NOS(=O)(=O)O,2.764880093764077e-07,0
O=C(O)CP(=O)(O)OO,9.993867706725723e-07,0
CN1C2CC(OC(=O)C(CO)c3ccccc3)CC1C1OC12,0.0619410052895545,0
II,0.0113399466499686,0
CI,0.0085673090070486,0
S=[Fe],0.0035290748346596,0
Cl[Fe](Cl)Cl,0.0257248003035783,0
CC(C)CCOC(=S)S,0.0003222862142138,0
CC(C)C,0.0026186720933765,0
CC(C)C=O,0.0001917524787131,0
C=C(C)OC(C)=O,0.0001374061248498,0
NC(CCCCNC(=O)C(F)(F)F)C(=O)O,0.0001300617004744,0
CSCCC(N)C(=O)O,2.7337309802533127e-05,0
CCCCC(=O)N(Cc1ccc(-c2ccccc2-c2nn[nH]n2)cc1)C(C(=O)OCc1ccccc1)C(C)C,0.5309575796127319,1
O=[Pb],0.0014563569566234,0
N#Cc1nc(C(F)(F)F)[nH]c1C#N,0.3096900880336761,0
CCCCCCCCCCCCOS(=O)(=O)O,3.7407582567539066e-05,0
CC1=NN(c2cccc(S(=O)(=O)O)c2)C(=N)C1,0.0003384361625649,0
Cl[Mn]Cl,0.0129068149253726,0
O=[Mn]=O,6.614852463826537e-05,0
O=C(CS)OCC(O)CO,1.4512651432596613e-05,0
CN(C)C(=N)N=C(N)N,2.6474253900232725e-05,0
C=C(C)C(N)=O,3.53780051227659e-05,0
O=S(=O)(O)CS(=O)(=O)O,2.890115240461455e-07,0
CON,0.0002656899159774,0
COC(=O)C(C)Oc1ccc(Oc2ncc(C(F)(F)F)cc2Cl)cc1,0.2230363637208938,0
C=CC(C)(C)CC(=O)OC,0.0006600598571822,0
COC(=O)CCS,8.020685345400125e-05,0
COCCCNc1nc(NCCCOC)c(N=Nc2sc(C(=O)OC)c(C)c2C#N)c(C)c1C#N,0.3659534156322479,0
COC(=O)C(C)CCC(=O)N(C)C,0.0004643194843083,0
COC(=O)NCCC[Si](OC)(OC)OC,0.0002076350647257,0
COC(=O)CC(C)=O,6.6620901634451e-05,0
COC(=O)NN,4.609819370671176e-05,0
CN=C=S,0.0003748936869669,0
COC(=O)NC[Si](C)(OC)OC,0.0004158375086262,0
COC(=O)c1cccnc1,0.0002980704011861,0
CCCCCC#CC(=O)OC,0.0003189204144291,0
CCCCCCC(O)CC=CCCCCCCCC(=O)OC,0.0004534723993856,0
C=COC,0.0001398286112817,0
COC=CC(=O)OC,7.054125308059156e-05,0
CNN,0.0002610235242173,0
CP(=O)(O)O,3.264535052949213e-06,0
Cc1cc(=O)[nH]c(=S)[nH]1,0.0005379853537306,0
O=C(O)c1ccc(S(=O)(=O)NCl)cc1,0.0002753368753474,0
CCO[Si](CN1CCOCC1)(OCC)OCC,0.013809417374432,0
CC(CC(C)C)=NNC(=O)c1cc2ccccc2cc1O,0.0032994493376463,0
CCN=C=NCCCN(C)C,0.0003250386216677,0
N#CNC(N)=NCCCCCCN=C(N)NC#N,0.0001075847467291,0
O=C(NCCCCCCNC(=O)NCc1ccccc1)NCc1ccccc1,0.0121923582628369,0
CCCCC(CC)COCCCNC(=O)Nc1cccc2c(NC(=O)NCCCOCC(CC)CCCC)cccc12,0.3075058758258819,0
CCCCCCCCCCCCCCCCCCNC(=O)NCCCNC(=O)NCCCCCCCCCCCCCCCCCC,0.0083908224478363,0
CCO[Si](C)(N(C)C(=O)c1ccccc1)N(C)C(=O)c1ccccc1,0.2396451830863952,0
CCOc1cc2c(cc1NC(=O)c1ccccc1)Oc1c(NC(C)=O)c3c(c(NC(C)=O)c1=N2)Oc1cc(NC(=O)c2ccccc2)c(OCC)cc1N=3,0.7922266721725464,1
CC(CC(C)C)=NCCNCCN=C(C)CC(C)C,0.0023842463269829,0
CC1(C)CC(NC(=O)c2cccc(C(=O)NC3CC(C)(C)NC(C)(C)C3)c2)CC(C)(C)N1,0.7297832369804382,1
NCCCN1CCN(CCCN)CC1,0.0035413573496043,0
CC(=O)NNC(C)=O,4.038880069856532e-05,0
CN(C(=S)SSC(=S)N(C)c1ccccc1)c1ccccc1,0.3823186457157135,1
C=CC(=O)NCNC(=O)C=C,3.850531720672734e-05,0
CC(O)CN(CC(C)O)C(=O)c1ccccc1,0.001754441531375,0
